customer_id,purpose_code,consent_ts
003708,PP_012,2022-07-08T18:07:45
003708,PP_015,2022-07-10T15:16:15
002878,PP_015,2022-07-27T10:58:03
004122,PP_016,2022-07-28T17:34:19
000780,PP_019,2022-07-30T11:32:44
003043,PP_014,2022-08-06T13:02:35
003043,PP_004,2022-08-06T19:40:22
000631,PP_003,2022-08-06T20:01:24
004122,PP_015,2022-08-07T11:22:35
003047,PP_009,2022-08-09T16:31:27
001609,PP_015,2022-08-10T12:39:38
001609,PP_016,2022-08-10T21:21:26
003043,PP_015,2022-08-11T12:05:21
000881,PP_007,2022-08-13T10:08:55
004094,PP_013,2022-08-13T12:07:12
000881,PP_017,2022-08-13T19:15:36
003890,PP_016,2022-08-16T08:00:38
003890,PP_014,2022-08-16T22:05:16
004575,PP_017,2022-08-23T20:46:46
004530,PP_015,2022-08-26T10:13:58
002722,PP_017,2022-08-30T21:13:34
004575,PP_001,2022-09-01T13:56:10
003792,PP_013,2022-09-01T17:42:02
003930,PP_004,2022-09-02T19:54:45
003792,PP_006,2022-09-05T11:27:25
000642,PP_012,2022-09-10T09:47:21
003792,PP_009,2022-09-10T10:32:44
000116,PP_003,2022-09-10T16:46:52
003930,PP_007,2022-09-10T17:04:33
001409,PP_004,2022-09-11T16:53:39
001409,PP_008,2022-09-11T21:47:56
000116,PP_020,2022-09-12T12:04:50
000366,PP_008,2022-09-12T15:46:44
000116,PP_007,2022-09-12T22:38:27
000522,PP_013,2022-09-13T08:34:52
001562,PP_004,2022-09-13T17:55:18
001562,PP_017,2022-09-14T12:58:16
000664,PP_001,2022-09-14T14:34:00
000664,PP_009,2022-09-14T21:39:51
001562,PP_005,2022-09-15T09:22:38
004404,PP_013,2022-09-17T09:03:24
001894,PP_015,2022-09-17T17:00:07
004404,PP_011,2022-09-17T20:56:30
003639,PP_020,2022-09-18T09:02:01
003639,PP_002,2022-09-18T13:39:12
003639,PP_001,2022-09-18T20:29:29
004404,PP_006,2022-09-19T17:16:57
000116,PP_019,2022-09-20T17:19:00
004830,PP_001,2022-09-21T08:55:34
001812,PP_004,2022-09-22T09:36:22
001812,PP_005,2022-09-22T17:40:31
000249,PP_004,2022-09-22T21:09:39
000249,PP_015,2022-09-23T22:57:45
003224,PP_013,2022-09-24T18:02:12
003224,PP_015,2022-09-24T18:03:38
001680,PP_017,2022-09-26T09:45:12
004893,PP_004,2022-09-26T22:57:44
004010,PP_018,2022-09-28T09:51:45
004671,PP_008,2022-09-28T09:52:31
004010,PP_020,2022-09-28T14:51:42
001310,PP_004,2022-09-28T17:24:43
004671,PP_015,2022-09-28T21:12:58
000125,PP_009,2022-09-29T20:56:22
001023,PP_015,2022-10-01T16:35:20
002791,PP_016,2022-10-02T08:51:46
004367,PP_016,2022-10-02T16:14:53
004671,PP_007,2022-10-02T21:21:19
002757,PP_013,2022-10-03T15:55:13
002809,PP_014,2022-10-03T22:10:59
002609,PP_001,2022-10-04T11:03:12
002893,PP_012,2022-10-04T12:45:30
003584,PP_011,2022-10-05T15:17:16
001310,PP_006,2022-10-05T16:08:18
001942,PP_009,2022-10-05T21:02:18
002893,PP_010,2022-10-06T12:36:18
001526,PP_013,2022-10-10T08:49:09
001526,PP_003,2022-10-10T08:51:37
003708,PP_003,2022-10-10T12:40:32
001526,PP_008,2022-10-10T12:58:15
002609,PP_009,2022-10-10T13:27:13
002867,PP_020,2022-10-11T09:48:16
002512,PP_004,2022-10-11T11:23:40
000060,PP_020,2022-10-11T13:15:43
004367,PP_012,2022-10-11T13:45:39
003413,PP_010,2022-10-11T22:49:23
000249,PP_018,2022-10-12T10:50:35
002412,PP_013,2022-10-13T08:34:46
000771,PP_007,2022-10-13T12:56:17
002412,PP_016,2022-10-13T15:30:23
004810,PP_011,2022-10-13T16:09:21
001526,PP_012,2022-10-17T09:26:59
002512,PP_019,2022-10-18T09:50:01
002563,PP_016,2022-10-18T12:21:00
003444,PP_019,2022-10-18T14:50:36
000881,PP_001,2022-10-19T11:31:26
003444,PP_007,2022-10-20T13:03:04
000771,PP_009,2022-10-20T14:13:43
001101,PP_007,2022-10-21T18:13:03
000249,PP_020,2022-10-21T20:40:29
004285,PP_005,2022-10-23T08:09:55
001526,PP_009,2022-10-23T16:14:48
002343,PP_015,2022-10-24T08:44:38
000013,PP_001,2022-10-25T13:30:01
002585,PP_011,2022-10-27T08:43:33
002893,PP_013,2022-10-27T12:34:35
002343,PP_019,2022-10-27T18:23:15
002896,PP_005,2022-10-28T09:29:33
002896,PP_010,2022-10-28T21:50:42
003177,PP_011,2022-10-30T17:48:24
003177,PP_015,2022-10-30T18:22:22
004367,PP_008,2022-10-30T20:19:23
002802,PP_009,2022-10-31T11:31:31
002802,PP_007,2022-10-31T18:57:00
003913,PP_016,2022-10-31T19:12:07
003076,PP_009,2022-11-01T14:17:57
003076,PP_004,2022-11-01T17:05:11
000013,PP_019,2022-11-01T17:33:46
003476,PP_013,2022-11-02T08:21:54
003922,PP_014,2022-11-02T14:56:49
001459,PP_012,2022-11-03T15:41:04
001459,PP_011,2022-11-03T16:26:37
003922,PP_008,2022-11-03T22:46:04
000887,PP_012,2022-11-05T18:22:27
004438,PP_004,2022-11-06T09:01:01
004438,PP_002,2022-11-06T14:27:54
002243,PP_010,2022-11-06T22:08:42
000295,PP_010,2022-11-07T09:36:37
001318,PP_018,2022-11-08T22:52:21
001459,PP_016,2022-11-09T13:15:02
004438,PP_009,2022-11-09T15:38:40
002584,PP_002,2022-11-12T11:52:00
004606,PP_015,2022-11-12T14:09:11
004606,PP_011,2022-11-12T15:28:59
000295,PP_015,2022-11-12T16:44:53
003175,PP_011,2022-11-12T22:02:35
003326,PP_010,2022-11-13T09:52:58
000213,PP_020,2022-11-13T13:13:18
003326,PP_003,2022-11-13T18:44:45
003326,PP_012,2022-11-13T19:09:48
000213,PP_008,2022-11-13T20:02:27
003326,PP_005,2022-11-13T21:39:29
003614,PP_001,2022-11-14T16:00:29
002294,PP_012,2022-11-16T13:24:11
004979,PP_019,2022-11-16T19:38:25
000213,PP_009,2022-11-17T12:01:51
003104,PP_016,2022-11-18T19:15:10
002415,PP_008,2022-11-19T11:21:00
002415,PP_009,2022-11-19T13:12:23
002415,PP_005,2022-11-19T20:25:25
002673,PP_011,2022-11-19T20:42:00
002591,PP_012,2022-11-19T22:49:24
000355,PP_012,2022-11-20T15:55:16
004979,PP_003,2022-11-21T09:03:38
003223,PP_019,2022-11-21T13:19:11
002415,PP_007,2022-11-21T13:59:36
002591,PP_009,2022-11-21T17:41:19
000659,PP_005,2022-11-21T21:52:48
003913,PP_015,2022-11-21T22:54:19
004921,PP_018,2022-11-22T17:22:20
003654,PP_012,2022-11-23T09:22:46
001484,PP_020,2022-11-23T13:47:26
003373,PP_015,2022-11-23T15:06:30
002584,PP_016,2022-11-23T20:31:35
004833,PP_019,2022-11-24T11:38:03
002488,PP_010,2022-11-24T16:00:07
000659,PP_001,2022-11-24T16:13:20
002488,PP_020,2022-11-24T16:18:31
002488,PP_002,2022-11-24T16:26:49
002488,PP_008,2022-11-24T17:26:37
004921,PP_017,2022-11-25T21:33:57
001484,PP_017,2022-11-26T11:49:38
004455,PP_013,2022-11-26T17:16:11
002420,PP_016,2022-11-27T08:39:04
001002,PP_017,2022-11-28T10:34:00
001002,PP_018,2022-11-28T18:34:47
004031,PP_009,2022-11-30T12:16:56
004031,PP_003,2022-11-30T12:19:56
004031,PP_004,2022-11-30T14:19:42
004031,PP_011,2022-11-30T15:08:45
003433,PP_005,2022-11-30T16:48:34
003446,PP_015,2022-11-30T18:27:46
004031,PP_012,2022-11-30T19:58:26
000818,PP_011,2022-12-02T08:49:47
000818,PP_013,2022-12-02T11:18:46
001783,PP_003,2022-12-02T13:37:55
001783,PP_013,2022-12-02T22:52:08
003182,PP_020,2022-12-03T12:24:00
001447,PP_018,2022-12-03T14:45:34
000537,PP_007,2022-12-03T15:04:19
001447,PP_007,2022-12-03T16:12:24
003488,PP_007,2022-12-03T22:17:07
002673,PP_013,2022-12-04T09:35:14
003609,PP_002,2022-12-04T15:04:41
003609,PP_001,2022-12-04T19:12:51
000295,PP_011,2022-12-04T20:56:41
001823,PP_018,2022-12-05T10:04:42
004820,PP_012,2022-12-05T14:34:53
000887,PP_018,2022-12-06T09:38:45
000921,PP_005,2022-12-06T17:03:30
004820,PP_019,2022-12-06T18:51:58
000921,PP_020,2022-12-06T22:11:36
004784,PP_012,2022-12-07T12:07:28
001334,PP_010,2022-12-08T14:15:23
004012,PP_014,2022-12-08T15:41:46
000921,PP_006,2022-12-08T17:04:15
003067,PP_005,2022-12-08T17:55:00
004012,PP_009,2022-12-08T20:26:39
003182,PP_016,2022-12-08T22:57:49
001106,PP_014,2022-12-09T08:23:05
002919,PP_015,2022-12-09T10:44:14
004324,PP_015,2022-12-09T13:39:59
003373,PP_016,2022-12-09T14:12:55
001594,PP_002,2022-12-09T15:41:34
001334,PP_020,2022-12-09T18:46:01
001106,PP_010,2022-12-09T20:14:36
002919,PP_016,2022-12-09T20:37:07
001106,PP_005,2022-12-10T09:59:03
001334,PP_004,2022-12-10T11:12:22
003488,PP_005,2022-12-11T10:19:52
004893,PP_006,2022-12-11T14:34:07
001083,PP_013,2022-12-12T08:35:38
004012,PP_004,2022-12-12T10:46:04
003214,PP_003,2022-12-12T17:14:39
000018,PP_020,2022-12-13T09:44:37
001888,PP_019,2022-12-13T10:16:13
001823,PP_006,2022-12-13T11:35:30
003403,PP_011,2022-12-13T12:52:33
001083,PP_016,2022-12-13T13:55:59
002722,PP_008,2022-12-13T20:53:21
001770,PP_003,2022-12-14T08:05:41
001770,PP_013,2022-12-14T10:05:51
004591,PP_012,2022-12-15T20:47:37
004814,PP_004,2022-12-16T19:36:00
003350,PP_016,2022-12-16T20:17:18
000018,PP_005,2022-12-16T21:50:10
002665,PP_013,2022-12-17T09:01:20
004591,PP_016,2022-12-17T09:31:15
004530,PP_013,2022-12-17T16:18:26
004504,PP_020,2022-12-17T17:52:40
003488,PP_020,2022-12-17T21:14:15
000693,PP_013,2022-12-17T21:27:39
003861,PP_002,2022-12-18T14:51:15
003214,PP_004,2022-12-19T09:42:09
002420,PP_013,2022-12-19T14:35:55
003853,PP_002,2022-12-20T09:10:19
000693,PP_012,2022-12-20T16:35:25
002420,PP_015,2022-12-20T17:26:10
003861,PP_015,2022-12-20T18:50:49
001568,PP_015,2022-12-20T19:08:17
001104,PP_006,2022-12-20T21:25:36
000866,PP_005,2022-12-20T21:26:46
000254,PP_008,2022-12-21T11:05:47
003679,PP_013,2022-12-21T13:37:55
002717,PP_012,2022-12-21T15:13:56
001183,PP_011,2022-12-21T15:36:40
000254,PP_007,2022-12-21T19:23:20
002521,PP_015,2022-12-21T20:34:20
004476,PP_013,2022-12-22T08:57:21
003491,PP_016,2022-12-22T09:03:02
004476,PP_018,2022-12-22T12:14:39
002247,PP_012,2022-12-22T12:23:22
003350,PP_015,2022-12-22T13:52:51
004476,PP_004,2022-12-22T19:02:41
003853,PP_013,2022-12-22T19:07:17
002247,PP_001,2022-12-22T21:00:50
003792,PP_019,2022-12-23T09:41:11
002927,PP_005,2022-12-23T22:09:39
003770,PP_013,2022-12-24T18:44:57
003522,PP_005,2022-12-24T20:49:03
004199,PP_016,2022-12-24T22:38:45
002371,PP_013,2022-12-25T13:41:50
000710,PP_018,2022-12-25T17:33:51
002927,PP_001,2022-12-25T17:54:07
000710,PP_005,2022-12-25T19:43:37
003770,PP_014,2022-12-27T14:33:42
001665,PP_012,2022-12-27T19:32:43
002197,PP_005,2022-12-28T11:35:00
002197,PP_020,2022-12-28T15:54:53
004820,PP_015,2022-12-28T17:26:46
001334,PP_008,2022-12-29T11:59:22
004199,PP_011,2022-12-29T19:42:12
003151,PP_004,2022-12-30T12:38:33
001594,PP_017,2022-12-30T12:47:42
004760,PP_015,2022-12-30T18:06:27
002197,PP_012,2022-12-30T19:35:40
001558,PP_014,2023-01-01T09:36:29
000143,PP_013,2023-01-01T11:29:15
001823,PP_008,2023-01-01T21:07:31
003612,PP_010,2023-01-01T21:19:26
003647,PP_003,2023-01-02T14:32:07
000143,PP_007,2023-01-02T16:36:03
000515,PP_016,2023-01-03T13:04:11
001892,PP_011,2023-01-03T18:11:14
002722,PP_004,2023-01-03T18:16:09
002809,PP_005,2023-01-03T20:21:56
004799,PP_016,2023-01-03T20:31:03
004799,PP_002,2023-01-03T22:28:38
000899,PP_004,2023-01-04T22:02:14
004975,PP_017,2023-01-05T12:31:48
004799,PP_001,2023-01-05T15:44:14
004975,PP_016,2023-01-05T20:40:11
004012,PP_016,2023-01-07T21:32:37
004013,PP_012,2023-01-08T10:35:21
004121,PP_011,2023-01-08T11:12:19
001558,PP_013,2023-01-08T13:21:22
003650,PP_015,2023-01-08T19:08:54
003480,PP_008,2023-01-09T08:19:36
003480,PP_016,2023-01-09T13:45:14
003229,PP_020,2023-01-09T16:24:15
001499,PP_007,2023-01-09T21:16:50
003854,PP_015,2023-01-10T16:20:04
003480,PP_005,2023-01-12T09:26:32
003229,PP_002,2023-01-12T20:44:40
003098,PP_008,2023-01-12T20:52:38
002615,PP_008,2023-01-13T11:35:14
001807,PP_001,2023-01-13T18:25:41
001499,PP_003,2023-01-13T20:26:23
000875,PP_012,2023-01-14T09:33:09
001499,PP_017,2023-01-14T20:29:03
004931,PP_005,2023-01-15T09:14:02
001558,PP_004,2023-01-15T13:45:10
004931,PP_009,2023-01-15T14:18:52
002615,PP_003,2023-01-15T16:24:48
003854,PP_013,2023-01-15T18:04:02
004322,PP_016,2023-01-16T08:27:00
001499,PP_010,2023-01-16T08:33:52
001301,PP_020,2023-01-16T11:04:18
004935,PP_010,2023-01-16T16:28:15
000682,PP_016,2023-01-16T17:11:23
001433,PP_008,2023-01-16T19:16:08
000682,PP_015,2023-01-16T22:43:51
004322,PP_008,2023-01-17T14:04:58
004438,PP_010,2023-01-18T08:38:03
001045,PP_004,2023-01-18T09:40:30
000654,PP_016,2023-01-18T13:00:03
003823,PP_001,2023-01-18T13:52:23
000351,PP_005,2023-01-18T14:44:08
003823,PP_010,2023-01-18T17:24:34
003229,PP_008,2023-01-18T21:33:54
004339,PP_016,2023-01-18T21:57:12
003985,PP_014,2023-01-19T08:13:59
002615,PP_007,2023-01-19T10:41:59
000306,PP_015,2023-01-19T11:41:58
000205,PP_016,2023-01-19T16:19:57
002257,PP_003,2023-01-19T17:17:36
003943,PP_005,2023-01-19T17:38:23
003917,PP_014,2023-01-19T18:17:48
000306,PP_013,2023-01-19T22:36:07
004898,PP_020,2023-01-19T22:36:12
001807,PP_009,2023-01-20T08:27:59
002814,PP_014,2023-01-20T08:53:02
004196,PP_008,2023-01-20T09:06:49
002814,PP_006,2023-01-20T11:04:54
004931,PP_002,2023-01-20T11:21:27
004084,PP_010,2023-01-20T11:50:00
004196,PP_015,2023-01-20T12:07:10
002414,PP_017,2023-01-20T14:34:49
003823,PP_003,2023-01-21T08:39:25
000038,PP_010,2023-01-21T11:29:51
004752,PP_002,2023-01-22T15:05:27
000351,PP_013,2023-01-22T18:54:20
000533,PP_020,2023-01-22T19:22:06
001132,PP_004,2023-01-23T12:18:44
000415,PP_005,2023-01-24T12:26:22
004386,PP_001,2023-01-24T12:37:56
000257,PP_012,2023-01-24T17:07:35
004799,PP_012,2023-01-25T08:24:50
002598,PP_011,2023-01-25T10:45:30
000257,PP_013,2023-01-25T19:26:37
001602,PP_019,2023-01-25T19:53:02
001665,PP_013,2023-01-25T21:09:10
003612,PP_007,2023-01-25T21:43:31
002171,PP_020,2023-01-26T08:41:40
002678,PP_016,2023-01-26T18:18:39
004013,PP_016,2023-01-27T10:53:04
001907,PP_005,2023-01-27T11:54:05
003131,PP_017,2023-01-27T13:06:46
003568,PP_009,2023-01-27T14:44:40
003528,PP_005,2023-01-27T19:03:37
003131,PP_002,2023-01-27T20:39:57
004386,PP_020,2023-01-28T09:25:05
003943,PP_003,2023-01-28T11:12:48
000038,PP_012,2023-01-28T15:27:07
000515,PP_010,2023-01-29T11:27:11
004953,PP_011,2023-01-29T14:05:29
000899,PP_013,2023-01-29T16:20:47
001998,PP_012,2023-01-29T17:02:47
001786,PP_008,2023-01-30T08:01:43
004953,PP_005,2023-01-30T08:05:08
001786,PP_005,2023-01-30T08:10:08
003800,PP_004,2023-01-30T09:02:44
004054,PP_013,2023-01-30T12:33:17
000223,PP_012,2023-01-30T13:37:46
003800,PP_009,2023-01-31T09:02:30
001000,PP_011,2023-01-31T16:34:13
003413,PP_019,2023-01-31T21:50:59
001060,PP_002,2023-02-01T08:46:08
004608,PP_019,2023-02-01T11:35:31
001847,PP_019,2023-02-01T16:44:56
001183,PP_007,2023-02-01T22:41:18
003414,PP_002,2023-02-02T08:08:05
002711,PP_018,2023-02-02T14:40:45
002257,PP_008,2023-02-02T17:51:30
001301,PP_017,2023-02-02T20:55:27
002691,PP_013,2023-02-03T09:53:02
001998,PP_005,2023-02-03T12:22:49
003714,PP_016,2023-02-03T13:36:55
004121,PP_012,2023-02-03T16:55:04
003128,PP_011,2023-02-03T19:03:24
000654,PP_003,2023-02-03T22:05:43
004059,PP_020,2023-02-04T08:27:33
003386,PP_001,2023-02-04T10:35:34
001907,PP_004,2023-02-04T10:59:57
002070,PP_015,2023-02-04T12:57:03
002070,PP_016,2023-02-04T15:31:21
003386,PP_016,2023-02-04T19:11:35
002070,PP_012,2023-02-04T20:20:56
001568,PP_013,2023-02-05T10:00:03
001918,PP_011,2023-02-05T14:39:48
003098,PP_007,2023-02-05T19:17:12
001918,PP_016,2023-02-05T20:50:37
004931,PP_020,2023-02-06T08:26:03
001786,PP_018,2023-02-06T09:08:35
003943,PP_015,2023-02-06T21:06:25
004035,PP_013,2023-02-07T11:43:35
000655,PP_003,2023-02-07T13:53:45
003386,PP_015,2023-02-07T17:53:42
001785,PP_014,2023-02-07T18:21:50
000673,PP_012,2023-02-08T12:06:41
002601,PP_001,2023-02-09T11:00:40
003761,PP_003,2023-02-09T16:13:09
004035,PP_015,2023-02-09T19:21:34
002601,PP_012,2023-02-09T21:45:19
002527,PP_018,2023-02-10T09:58:58
003318,PP_016,2023-02-10T13:03:39
002394,PP_013,2023-02-10T18:25:22
004891,PP_008,2023-02-10T22:49:11
004752,PP_009,2023-02-11T08:26:59
004066,PP_015,2023-02-11T08:53:09
001374,PP_017,2023-02-11T15:47:54
003583,PP_020,2023-02-12T08:04:09
003738,PP_020,2023-02-12T08:40:13
003583,PP_002,2023-02-12T14:18:31
002601,PP_017,2023-02-12T15:52:52
001308,PP_012,2023-02-13T16:14:37
001602,PP_010,2023-02-13T19:12:16
004891,PP_020,2023-02-13T22:02:17
003963,PP_011,2023-02-14T10:02:30
003761,PP_009,2023-02-14T10:39:16
003414,PP_013,2023-02-14T15:07:35
002527,PP_007,2023-02-14T15:56:12
001143,PP_012,2023-02-14T22:08:19
000415,PP_010,2023-02-15T10:03:25
000985,PP_013,2023-02-15T14:37:13
003828,PP_006,2023-02-15T17:20:04
000985,PP_011,2023-02-15T18:57:14
000985,PP_002,2023-02-15T19:05:30
001282,PP_015,2023-02-15T21:56:55
003701,PP_008,2023-02-15T22:27:53
001083,PP_006,2023-02-16T09:36:32
003671,PP_015,2023-02-16T14:15:02
003671,PP_005,2023-02-16T14:56:07
003237,PP_008,2023-02-16T16:22:00
001786,PP_007,2023-02-16T17:47:40
002091,PP_008,2023-02-16T18:14:16
000515,PP_017,2023-02-16T18:23:31
003714,PP_013,2023-02-16T21:30:14
001003,PP_014,2023-02-17T08:40:16
002304,PP_012,2023-02-17T19:35:50
001747,PP_010,2023-02-18T09:40:30
004807,PP_014,2023-02-18T10:36:26
003864,PP_008,2023-02-18T13:21:00
000415,PP_008,2023-02-18T14:05:43
003312,PP_012,2023-02-18T15:02:59
003312,PP_013,2023-02-18T18:36:36
003312,PP_003,2023-02-18T21:27:44
002118,PP_016,2023-02-19T08:01:40
004758,PP_012,2023-02-19T08:13:44
004758,PP_010,2023-02-19T12:44:26
004592,PP_016,2023-02-20T11:34:20
003908,PP_020,2023-02-20T13:27:44
003067,PP_002,2023-02-20T13:55:54
003908,PP_014,2023-02-20T14:39:02
004437,PP_014,2023-02-20T14:48:19
002171,PP_009,2023-02-20T22:42:45
002029,PP_015,2023-02-21T12:23:49
000415,PP_006,2023-02-21T14:46:11
003483,PP_014,2023-02-21T20:10:50
003035,PP_014,2023-02-21T21:08:52
001957,PP_010,2023-02-22T11:37:27
001957,PP_008,2023-02-22T15:32:46
001957,PP_018,2023-02-22T17:19:00
004807,PP_005,2023-02-22T21:35:29
001003,PP_007,2023-02-24T10:52:08
002118,PP_017,2023-02-24T13:03:52
004841,PP_020,2023-02-24T14:21:43
004482,PP_010,2023-02-24T14:27:02
003035,PP_019,2023-02-24T14:55:22
002865,PP_005,2023-02-25T12:47:03
002865,PP_011,2023-02-25T15:11:42
003728,PP_003,2023-02-26T11:03:39
002042,PP_013,2023-02-26T12:30:02
004632,PP_019,2023-02-26T14:07:40
004632,PP_017,2023-02-26T14:13:29
003315,PP_004,2023-02-27T11:55:08
001957,PP_006,2023-02-27T17:33:34
003315,PP_005,2023-02-27T18:51:17
000482,PP_015,2023-02-28T16:33:16
000166,PP_016,2023-02-28T16:33:31
003908,PP_007,2023-03-01T08:08:28
004638,PP_015,2023-03-01T09:23:48
001001,PP_016,2023-03-01T09:32:31
000539,PP_009,2023-03-01T11:11:23
000482,PP_006,2023-03-01T16:13:28
001666,PP_018,2023-03-01T16:55:23
003728,PP_005,2023-03-01T21:42:46
000166,PP_004,2023-03-01T22:12:08
002378,PP_007,2023-03-02T08:58:54
004869,PP_020,2023-03-02T19:32:39
002378,PP_004,2023-03-02T20:44:19
003583,PP_003,2023-03-02T22:29:17
003698,PP_018,2023-03-03T11:00:29
002865,PP_003,2023-03-03T12:15:44
003908,PP_004,2023-03-03T15:55:29
004120,PP_009,2023-03-03T16:34:09
001847,PP_010,2023-03-03T18:16:01
000349,PP_014,2023-03-03T18:43:10
000349,PP_017,2023-03-03T19:21:33
000539,PP_012,2023-03-04T11:06:08
000571,PP_014,2023-03-04T18:10:19
002378,PP_014,2023-03-04T20:23:14
003128,PP_016,2023-03-05T22:25:30
003355,PP_020,2023-03-06T09:28:25
003355,PP_016,2023-03-06T13:48:53
004120,PP_014,2023-03-06T14:30:55
002858,PP_011,2023-03-07T09:55:52
000617,PP_004,2023-03-07T12:52:46
004688,PP_012,2023-03-07T17:50:03
001666,PP_011,2023-03-07T18:24:16
003692,PP_018,2023-03-07T18:35:46
004688,PP_018,2023-03-07T18:57:21
004993,PP_001,2023-03-07T21:25:42
001143,PP_016,2023-03-07T21:48:47
001163,PP_012,2023-03-08T09:37:01
002321,PP_020,2023-03-08T11:36:58
000349,PP_015,2023-03-08T13:02:30
001614,PP_002,2023-03-08T17:16:38
002985,PP_016,2023-03-08T19:32:45
004160,PP_003,2023-03-08T19:57:16
001116,PP_012,2023-03-08T21:29:17
000742,PP_011,2023-03-08T22:20:58
004758,PP_005,2023-03-09T18:16:12
003979,PP_009,2023-03-09T22:15:16
001307,PP_008,2023-03-10T10:20:43
000866,PP_015,2023-03-10T10:50:14
003680,PP_001,2023-03-10T15:14:48
001163,PP_016,2023-03-10T17:53:28
002858,PP_001,2023-03-10T19:22:20
003948,PP_018,2023-03-11T08:26:53
000640,PP_011,2023-03-11T14:08:08
003948,PP_013,2023-03-11T20:31:46
001595,PP_015,2023-03-12T11:21:04
004869,PP_015,2023-03-12T12:45:06
002197,PP_009,2023-03-12T17:20:03
004993,PP_007,2023-03-12T20:14:07
003680,PP_006,2023-03-13T19:19:11
001159,PP_003,2023-03-14T08:03:25
003304,PP_010,2023-03-14T09:59:50
001159,PP_011,2023-03-14T12:16:32
000617,PP_016,2023-03-14T14:07:08
002408,PP_017,2023-03-14T14:50:26
002345,PP_011,2023-03-14T18:27:00
002207,PP_017,2023-03-14T21:01:33
004160,PP_013,2023-03-15T11:17:14
003736,PP_007,2023-03-15T13:23:35
004779,PP_011,2023-03-15T13:59:39
002042,PP_016,2023-03-15T20:30:36
003811,PP_019,2023-03-15T22:34:20
003948,PP_015,2023-03-16T10:15:50
000571,PP_020,2023-03-16T11:36:53
000430,PP_005,2023-03-16T12:21:45
003979,PP_005,2023-03-16T21:03:07
003350,PP_003,2023-03-17T08:12:46
001327,PP_015,2023-03-17T10:18:46
004327,PP_010,2023-03-17T10:46:41
004219,PP_014,2023-03-17T12:47:32
001327,PP_013,2023-03-17T13:08:21
002370,PP_018,2023-03-17T15:25:57
001327,PP_016,2023-03-17T18:26:40
003029,PP_011,2023-03-17T21:40:12
003568,PP_014,2023-03-17T22:03:16
003864,PP_011,2023-03-18T17:40:50
003426,PP_005,2023-03-19T08:10:24
001662,PP_014,2023-03-19T09:04:59
000219,PP_002,2023-03-19T11:10:12
001662,PP_015,2023-03-19T14:18:23
002370,PP_014,2023-03-19T15:07:07
003680,PP_009,2023-03-19T17:27:08
001444,PP_011,2023-03-20T18:45:00
004219,PP_007,2023-03-21T15:39:32
004510,PP_005,2023-03-21T18:10:34
000123,PP_015,2023-03-21T20:39:09
002657,PP_009,2023-03-22T09:43:44
000449,PP_018,2023-03-22T10:17:29
003318,PP_002,2023-03-22T11:22:16
001838,PP_004,2023-03-22T11:30:05
001249,PP_006,2023-03-22T13:40:38
004327,PP_007,2023-03-22T14:46:52
002887,PP_009,2023-03-22T15:02:42
003916,PP_017,2023-03-22T15:13:25
000840,PP_020,2023-03-23T20:56:59
001163,PP_017,2023-03-24T13:35:39
004656,PP_011,2023-03-25T09:43:03
000636,PP_013,2023-03-25T15:46:47
004656,PP_007,2023-03-25T17:38:16
004993,PP_006,2023-03-26T10:09:07
000472,PP_013,2023-03-26T10:55:10
001800,PP_015,2023-03-26T13:02:08
004582,PP_014,2023-03-26T14:31:18
004582,PP_016,2023-03-26T16:01:14
003178,PP_009,2023-03-26T17:11:50
003178,PP_018,2023-03-26T19:18:58
001800,PP_002,2023-03-26T22:26:59
003426,PP_011,2023-03-27T08:46:45
004832,PP_019,2023-03-27T12:39:34
001838,PP_014,2023-03-27T15:19:13
002032,PP_002,2023-03-27T16:34:15
001929,PP_018,2023-03-28T09:15:14
000972,PP_002,2023-03-28T15:35:04
000972,PP_010,2023-03-28T16:57:29
000972,PP_019,2023-03-28T17:56:40
001059,PP_004,2023-03-29T18:34:59
003886,PP_010,2023-03-29T22:28:26
004677,PP_008,2023-03-30T10:33:44
000972,PP_007,2023-03-30T11:45:03
000536,PP_005,2023-03-30T13:43:42
002378,PP_010,2023-03-30T22:37:48
003995,PP_003,2023-03-31T20:28:33
002987,PP_003,2023-04-01T10:19:16
002987,PP_004,2023-04-01T10:31:10
004938,PP_020,2023-04-01T14:30:42
004938,PP_009,2023-04-01T16:17:11
003995,PP_015,2023-04-01T16:44:24
004832,PP_001,2023-04-01T20:55:46
000536,PP_015,2023-04-02T11:03:25
001775,PP_002,2023-04-02T14:00:00
003811,PP_007,2023-04-02T14:39:13
003983,PP_013,2023-04-03T11:33:37
002255,PP_018,2023-04-03T11:45:35
001048,PP_013,2023-04-03T15:37:52
001123,PP_008,2023-04-03T22:40:16
000081,PP_005,2023-04-04T09:10:42
000081,PP_003,2023-04-04T12:59:05
000081,PP_006,2023-04-04T14:38:20
004649,PP_002,2023-04-04T16:03:20
001981,PP_001,2023-04-04T17:52:54
000946,PP_012,2023-04-04T20:41:06
000081,PP_008,2023-04-04T21:59:03
004989,PP_018,2023-04-06T15:52:05
001825,PP_010,2023-04-06T18:29:18
004717,PP_005,2023-04-07T10:49:18
001856,PP_005,2023-04-07T19:11:54
002716,PP_004,2023-04-07T19:33:33
004607,PP_006,2023-04-08T08:06:32
001645,PP_002,2023-04-08T08:10:49
004715,PP_017,2023-04-08T09:56:39
004737,PP_015,2023-04-08T10:14:56
002386,PP_012,2023-04-08T10:18:47
004715,PP_003,2023-04-08T12:13:25
004607,PP_020,2023-04-08T12:21:33
002411,PP_002,2023-04-08T14:44:47
001981,PP_015,2023-04-08T19:47:47
002255,PP_017,2023-04-09T10:04:22
002716,PP_017,2023-04-09T11:50:11
003762,PP_011,2023-04-09T12:49:44
001048,PP_010,2023-04-09T13:25:21
000304,PP_019,2023-04-09T15:18:53
001048,PP_012,2023-04-09T15:33:07
002974,PP_016,2023-04-09T16:41:32
002974,PP_001,2023-04-09T16:50:43
002974,PP_006,2023-04-09T18:36:22
004938,PP_008,2023-04-09T18:48:35
000304,PP_018,2023-04-09T19:03:02
001981,PP_019,2023-04-10T11:17:40
001618,PP_009,2023-04-10T13:50:18
001048,PP_005,2023-04-10T16:13:10
001838,PP_006,2023-04-10T16:31:54
000191,PP_009,2023-04-10T19:21:05
001645,PP_019,2023-04-11T09:29:40
004762,PP_018,2023-04-11T09:42:20
004832,PP_018,2023-04-11T16:36:04
004832,PP_017,2023-04-11T16:38:46
000708,PP_006,2023-04-11T16:49:01
004717,PP_015,2023-04-11T16:50:47
001159,PP_016,2023-04-11T17:38:32
004762,PP_014,2023-04-11T21:02:12
003325,PP_017,2023-04-12T10:17:32
004649,PP_012,2023-04-12T10:24:59
000616,PP_012,2023-04-12T12:10:21
004832,PP_009,2023-04-12T18:55:34
004698,PP_012,2023-04-13T13:50:14
000936,PP_011,2023-04-13T15:26:08
001003,PP_019,2023-04-13T17:42:29
003616,PP_005,2023-04-13T17:57:26
004607,PP_014,2023-04-14T08:07:00
000685,PP_011,2023-04-14T10:22:17
000685,PP_005,2023-04-14T11:17:16
000685,PP_010,2023-04-14T12:39:21
002945,PP_016,2023-04-14T12:49:52
002747,PP_017,2023-04-14T12:55:22
002747,PP_008,2023-04-14T14:17:59
000582,PP_008,2023-04-14T15:40:23
000582,PP_011,2023-04-14T15:45:07
003589,PP_019,2023-04-14T18:29:44
003616,PP_018,2023-04-14T19:14:53
003978,PP_014,2023-04-14T19:38:15
003762,PP_017,2023-04-14T20:15:31
001539,PP_009,2023-04-15T14:01:28
001589,PP_003,2023-04-15T14:49:57
000081,PP_009,2023-04-15T15:02:49
001589,PP_002,2023-04-15T18:42:49
001539,PP_005,2023-04-15T22:37:51
000931,PP_008,2023-04-16T09:01:06
000557,PP_004,2023-04-16T09:20:20
002411,PP_008,2023-04-16T10:44:38
000921,PP_014,2023-04-16T13:00:42
000427,PP_008,2023-04-16T13:11:52
001339,PP_016,2023-04-16T13:54:57
002747,PP_009,2023-04-17T09:59:52
004205,PP_007,2023-04-17T12:05:41
003022,PP_005,2023-04-17T13:48:50
004431,PP_003,2023-04-17T15:25:21
001595,PP_003,2023-04-17T18:02:46
000931,PP_011,2023-04-17T22:42:45
004516,PP_003,2023-04-18T08:11:10
003922,PP_012,2023-04-18T12:44:51
004516,PP_008,2023-04-18T13:14:23
004028,PP_020,2023-04-18T14:48:23
001070,PP_009,2023-04-18T15:23:21
000702,PP_005,2023-04-19T09:19:45
001472,PP_016,2023-04-19T14:05:49
001472,PP_005,2023-04-19T16:19:51
000702,PP_003,2023-04-19T16:48:23
000616,PP_020,2023-04-19T17:57:53
004050,PP_018,2023-04-20T11:05:16
001748,PP_002,2023-04-20T11:19:11
001427,PP_007,2023-04-20T14:39:13
002786,PP_007,2023-04-20T16:04:46
004050,PP_017,2023-04-20T17:07:14
004412,PP_015,2023-04-20T17:37:30
004400,PP_016,2023-04-20T17:46:48
002786,PP_005,2023-04-20T21:15:17
004161,PP_012,2023-04-21T10:24:44
000685,PP_019,2023-04-21T10:39:04
000481,PP_013,2023-04-21T10:58:37
001924,PP_005,2023-04-21T16:14:15
001924,PP_015,2023-04-21T17:43:43
001924,PP_011,2023-04-21T18:03:27
004147,PP_017,2023-04-21T20:54:28
000027,PP_019,2023-04-21T22:17:40
004147,PP_014,2023-04-22T08:49:43
000770,PP_015,2023-04-22T13:54:50
002758,PP_009,2023-04-22T13:59:20
000114,PP_013,2023-04-22T14:31:43
004247,PP_010,2023-04-22T16:14:57
003877,PP_001,2023-04-22T16:27:36
003877,PP_015,2023-04-22T19:32:29
001485,PP_015,2023-04-22T19:55:29
002927,PP_012,2023-04-22T20:35:45
000237,PP_004,2023-04-22T22:16:48
001800,PP_012,2023-04-23T10:53:59
000238,PP_016,2023-04-23T13:05:52
000582,PP_005,2023-04-23T13:12:17
002667,PP_004,2023-04-23T18:08:16
003613,PP_010,2023-04-23T18:10:27
000765,PP_008,2023-04-23T19:46:55
000413,PP_007,2023-04-24T08:00:51
000413,PP_004,2023-04-24T08:01:20
000413,PP_010,2023-04-24T13:46:49
004205,PP_015,2023-04-24T16:41:59
000413,PP_014,2023-04-24T18:10:07
004161,PP_004,2023-04-25T09:01:08
000237,PP_017,2023-04-25T11:53:02
004247,PP_020,2023-04-25T17:15:58
000765,PP_011,2023-04-25T21:34:49
001119,PP_018,2023-04-26T08:44:48
002056,PP_018,2023-04-26T13:03:10
000607,PP_015,2023-04-26T14:35:05
001805,PP_003,2023-04-26T15:42:20
001116,PP_003,2023-04-26T15:57:26
000724,PP_012,2023-04-26T17:14:39
000605,PP_013,2023-04-26T18:55:45
001119,PP_006,2023-04-26T19:08:41
001568,PP_012,2023-04-26T19:19:40
001427,PP_014,2023-04-26T19:30:30
001805,PP_009,2023-04-26T20:24:32
002465,PP_020,2023-04-27T08:15:38
001070,PP_002,2023-04-27T09:43:42
003616,PP_020,2023-04-27T10:10:51
004431,PP_014,2023-04-27T14:20:02
003799,PP_020,2023-04-27T15:30:00
003799,PP_018,2023-04-27T19:11:45
000724,PP_002,2023-04-27T19:14:08
001357,PP_014,2023-04-27T22:27:02
002758,PP_001,2023-04-28T16:50:45
000238,PP_013,2023-04-28T19:23:34
002705,PP_015,2023-04-28T20:43:22
004895,PP_008,2023-04-28T21:17:29
000237,PP_005,2023-04-29T08:32:45
000237,PP_008,2023-04-29T09:02:46
003101,PP_002,2023-04-29T10:07:00
001805,PP_014,2023-04-29T10:14:38
003440,PP_012,2023-04-29T11:06:20
000770,PP_013,2023-04-29T11:10:07
002481,PP_002,2023-04-29T12:01:23
003101,PP_010,2023-04-29T16:42:38
002056,PP_002,2023-04-29T19:02:18
003101,PP_019,2023-04-29T20:59:20
004911,PP_020,2023-04-30T08:22:02
004270,PP_003,2023-04-30T09:00:27
001151,PP_015,2023-04-30T15:51:52
001580,PP_020,2023-04-30T16:12:22
000788,PP_007,2023-04-30T17:39:57
001151,PP_013,2023-04-30T18:31:04
001733,PP_001,2023-04-30T18:33:05
003963,PP_013,2023-04-30T19:04:54
001618,PP_001,2023-04-30T19:19:21
004270,PP_019,2023-04-30T19:45:23
001580,PP_013,2023-04-30T20:15:48
000765,PP_007,2023-04-30T21:03:37
001458,PP_020,2023-04-30T22:26:11
000788,PP_009,2023-04-30T22:55:42
003733,PP_011,2023-05-01T08:46:50
000770,PP_006,2023-05-01T11:43:18
001132,PP_008,2023-05-01T17:29:22
003799,PP_012,2023-05-01T18:22:23
002481,PP_019,2023-05-01T19:15:37
004698,PP_002,2023-05-02T10:52:37
001579,PP_008,2023-05-02T11:11:40
000765,PP_010,2023-05-02T14:17:07
001748,PP_014,2023-05-02T14:52:05
000724,PP_015,2023-05-02T22:16:41
003101,PP_004,2023-05-02T22:39:11
003664,PP_010,2023-05-03T17:06:36
003664,PP_004,2023-05-03T17:55:25
004649,PP_001,2023-05-03T20:58:02
001458,PP_005,2023-05-03T22:05:55
003062,PP_002,2023-05-04T10:36:22
001777,PP_019,2023-05-04T12:53:56
003062,PP_007,2023-05-04T14:34:34
002725,PP_010,2023-05-04T15:24:54
003062,PP_017,2023-05-04T16:07:55
002949,PP_008,2023-05-04T21:49:21
000788,PP_005,2023-05-04T22:06:28
004318,PP_011,2023-05-05T08:12:12
004288,PP_016,2023-05-05T09:13:30
000155,PP_014,2023-05-05T09:39:22
004242,PP_001,2023-05-05T10:57:02
001151,PP_012,2023-05-05T12:14:55
000613,PP_011,2023-05-05T14:54:28
000305,PP_016,2023-05-05T15:35:06
002996,PP_014,2023-05-05T18:08:45
000788,PP_004,2023-05-05T19:11:00
004429,PP_016,2023-05-05T21:17:05
000305,PP_012,2023-05-05T21:24:44
000305,PP_011,2023-05-05T21:35:41
000782,PP_008,2023-05-05T22:06:03
000237,PP_007,2023-05-06T09:26:06
004270,PP_005,2023-05-06T10:33:52
002156,PP_017,2023-05-06T10:34:31
004242,PP_013,2023-05-06T14:38:14
001383,PP_019,2023-05-06T16:55:07
004028,PP_003,2023-05-06T17:52:35
001364,PP_015,2023-05-06T18:07:51
001383,PP_012,2023-05-06T19:03:06
004318,PP_014,2023-05-06T21:56:48
001282,PP_012,2023-05-06T22:43:56
000553,PP_003,2023-05-07T08:56:31
001856,PP_013,2023-05-07T10:15:47
000553,PP_009,2023-05-07T10:21:42
000158,PP_020,2023-05-07T13:28:19
001268,PP_015,2023-05-07T15:46:45
000395,PP_002,2023-05-07T16:49:39
000553,PP_017,2023-05-07T19:14:05
001579,PP_005,2023-05-07T20:44:01
001268,PP_011,2023-05-07T21:19:11
001268,PP_013,2023-05-07T21:20:28
001733,PP_011,2023-05-08T10:59:38
003058,PP_015,2023-05-08T11:26:22
003697,PP_016,2023-05-09T19:38:47
000665,PP_013,2023-05-10T08:18:39
001058,PP_004,2023-05-10T09:57:44
001058,PP_011,2023-05-10T11:25:26
000374,PP_013,2023-05-10T12:54:05
000374,PP_011,2023-05-10T16:45:21
000553,PP_004,2023-05-11T09:27:37
003589,PP_014,2023-05-11T10:01:41
002393,PP_011,2023-05-11T17:26:09
002393,PP_015,2023-05-11T21:44:00
003446,PP_016,2023-05-12T13:11:29
000374,PP_004,2023-05-12T19:02:49
002843,PP_009,2023-05-12T20:00:05
004060,PP_011,2023-05-13T08:53:34
001625,PP_018,2023-05-13T11:37:47
000207,PP_014,2023-05-13T11:50:58
004298,PP_011,2023-05-13T13:39:03
000395,PP_018,2023-05-13T14:18:22
003883,PP_019,2023-05-13T20:46:31
001089,PP_016,2023-05-14T12:24:09
004060,PP_016,2023-05-14T12:58:17
002929,PP_009,2023-05-14T13:00:23
002048,PP_011,2023-05-14T13:27:08
002705,PP_013,2023-05-14T17:56:50
004434,PP_010,2023-05-14T18:23:04
000553,PP_014,2023-05-14T18:39:14
001472,PP_012,2023-05-15T09:59:01
003607,PP_003,2023-05-15T10:15:10
002946,PP_003,2023-05-15T12:00:39
000770,PP_011,2023-05-15T12:02:16
003607,PP_015,2023-05-15T14:39:42
002946,PP_006,2023-05-15T15:19:18
002946,PP_008,2023-05-15T22:31:39
004108,PP_011,2023-05-16T10:30:56
000305,PP_019,2023-05-16T18:48:41
000210,PP_003,2023-05-16T19:19:57
000210,PP_002,2023-05-16T21:00:24
001870,PP_013,2023-05-17T09:41:55
001119,PP_003,2023-05-17T11:01:06
003919,PP_007,2023-05-17T12:57:43
004375,PP_014,2023-05-17T17:00:06
002077,PP_018,2023-05-17T17:08:23
004298,PP_009,2023-05-18T08:33:28
003740,PP_008,2023-05-18T11:27:32
000207,PP_017,2023-05-18T15:30:28
000739,PP_013,2023-05-18T16:08:53
003619,PP_017,2023-05-18T19:46:58
001863,PP_019,2023-05-18T20:18:11
000317,PP_020,2023-05-19T09:10:39
001551,PP_020,2023-05-19T15:18:04
001551,PP_007,2023-05-19T15:47:56
001863,PP_004,2023-05-19T20:06:08
003188,PP_011,2023-05-19T21:33:56
002235,PP_007,2023-05-20T14:25:40
002235,PP_019,2023-05-20T14:26:09
002734,PP_002,2023-05-20T17:30:09
001930,PP_012,2023-05-20T17:34:34
003918,PP_012,2023-05-20T18:45:28
002613,PP_018,2023-05-20T18:48:12
001930,PP_011,2023-05-20T19:55:08
002235,PP_017,2023-05-20T21:25:52
001930,PP_017,2023-05-20T22:40:47
004686,PP_017,2023-05-21T11:10:48
004798,PP_013,2023-05-21T12:07:24
001420,PP_016,2023-05-21T13:06:47
001481,PP_018,2023-05-21T13:13:03
004686,PP_013,2023-05-21T13:59:32
000354,PP_012,2023-05-21T15:19:12
002056,PP_008,2023-05-21T16:24:36
001481,PP_004,2023-05-21T17:04:10
001960,PP_016,2023-05-21T19:04:54
003503,PP_013,2023-05-22T11:08:11
003503,PP_020,2023-05-22T12:45:40
001960,PP_013,2023-05-22T14:33:25
003503,PP_019,2023-05-22T16:07:50
001551,PP_013,2023-05-22T18:28:15
003619,PP_014,2023-05-22T18:41:40
004730,PP_013,2023-05-23T11:14:43
004730,PP_015,2023-05-23T11:58:54
004022,PP_005,2023-05-23T16:25:19
001493,PP_013,2023-05-23T17:09:39
001060,PP_009,2023-05-23T18:14:31
003918,PP_011,2023-05-23T19:17:33
001337,PP_002,2023-05-24T08:01:23
002748,PP_018,2023-05-24T08:24:17
002522,PP_019,2023-05-24T12:58:57
001930,PP_009,2023-05-24T13:19:02
002748,PP_008,2023-05-24T13:42:30
003207,PP_012,2023-05-24T17:22:32
004937,PP_002,2023-05-24T18:35:32
004068,PP_015,2023-05-24T19:04:18
002705,PP_011,2023-05-24T19:26:32
002748,PP_003,2023-05-24T20:56:48
004937,PP_008,2023-05-24T21:08:48
001337,PP_007,2023-05-24T22:15:05
002349,PP_016,2023-05-24T22:26:43
003723,PP_020,2023-05-24T22:27:41
000598,PP_016,2023-05-25T09:28:08
002801,PP_014,2023-05-25T09:53:59
004212,PP_015,2023-05-25T10:14:45
003503,PP_012,2023-05-25T12:34:56
003876,PP_002,2023-05-25T13:44:34
004684,PP_007,2023-05-25T15:15:06
000401,PP_015,2023-05-25T19:24:07
003910,PP_016,2023-05-26T09:05:51
002423,PP_009,2023-05-26T21:08:32
003555,PP_005,2023-05-27T10:11:01
001460,PP_020,2023-05-27T13:16:43
003464,PP_004,2023-05-27T16:28:13
000598,PP_019,2023-05-27T16:56:51
003555,PP_007,2023-05-27T18:14:43
002156,PP_004,2023-05-27T20:26:08
002996,PP_016,2023-05-27T20:57:51
003910,PP_012,2023-05-27T22:02:32
002423,PP_005,2023-05-28T12:58:11
000134,PP_016,2023-05-28T13:24:21
001287,PP_010,2023-05-28T15:15:45
004510,PP_017,2023-05-28T16:35:22
000945,PP_008,2023-05-28T17:47:43
003517,PP_020,2023-05-28T18:10:26
000134,PP_010,2023-05-28T21:30:11
002716,PP_003,2023-05-29T15:27:55
001287,PP_002,2023-05-30T12:38:39
004564,PP_006,2023-05-30T18:47:42
003555,PP_012,2023-05-30T19:46:33
001336,PP_006,2023-05-30T20:13:34
002961,PP_012,2023-05-30T20:41:09
002308,PP_012,2023-05-30T22:16:55
002708,PP_016,2023-05-31T11:10:01
002996,PP_020,2023-05-31T11:22:01
005000,PP_005,2023-05-31T12:54:01
002941,PP_005,2023-05-31T18:53:05
003555,PP_016,2023-05-31T19:48:39
004937,PP_010,2023-05-31T20:23:51
000001,PP_017,2023-06-01T11:03:24
000001,PP_019,2023-06-01T14:20:46
004334,PP_001,2023-06-01T14:54:46
003855,PP_007,2023-06-02T08:41:27
002393,PP_016,2023-06-02T14:16:11
001769,PP_009,2023-06-02T15:40:17
002327,PP_016,2023-06-02T16:26:03
000983,PP_012,2023-06-02T17:10:32
002235,PP_003,2023-06-02T17:42:03
003607,PP_020,2023-06-02T17:50:59
003855,PP_003,2023-06-02T20:17:05
000740,PP_013,2023-06-02T21:19:08
001829,PP_016,2023-06-03T11:25:53
002941,PP_002,2023-06-03T14:06:09
002929,PP_004,2023-06-03T15:27:02
003595,PP_002,2023-06-03T15:28:38
004053,PP_014,2023-06-03T16:11:45
000255,PP_018,2023-06-03T16:20:35
002961,PP_016,2023-06-03T18:00:35
003552,PP_016,2023-06-04T08:53:02
000741,PP_020,2023-06-04T09:00:43
002358,PP_005,2023-06-04T09:52:20
000741,PP_001,2023-06-04T12:39:20
002961,PP_007,2023-06-04T14:11:22
002801,PP_004,2023-06-04T20:04:19
004051,PP_013,2023-06-04T22:24:29
000001,PP_002,2023-06-05T08:14:32
003580,PP_006,2023-06-05T10:14:40
001972,PP_020,2023-06-05T10:15:47
000055,PP_004,2023-06-05T13:03:47
003552,PP_012,2023-06-05T14:42:42
003580,PP_010,2023-06-05T15:02:54
000598,PP_014,2023-06-05T18:27:02
002603,PP_008,2023-06-05T18:42:39
001628,PP_016,2023-06-05T21:36:07
001247,PP_010,2023-06-06T10:22:52
002389,PP_005,2023-06-06T14:54:39
001247,PP_019,2023-06-06T15:24:27
002389,PP_014,2023-06-06T15:50:33
003692,PP_014,2023-06-06T20:45:00
001815,PP_015,2023-06-07T08:07:25
001628,PP_012,2023-06-07T13:57:35
002327,PP_009,2023-06-07T18:53:53
000624,PP_002,2023-06-07T21:33:01
002108,PP_011,2023-06-07T21:45:49
004434,PP_011,2023-06-08T08:54:45
000938,PP_015,2023-06-08T13:44:57
002212,PP_005,2023-06-08T15:55:42
003647,PP_007,2023-06-08T15:57:51
001983,PP_019,2023-06-08T16:34:40
000617,PP_010,2023-06-08T17:35:40
001983,PP_011,2023-06-08T18:53:38
004937,PP_004,2023-06-08T20:45:03
001983,PP_015,2023-06-08T21:15:17
002389,PP_011,2023-06-08T22:29:27
000266,PP_002,2023-06-09T09:03:48
001460,PP_006,2023-06-09T10:03:45
004694,PP_009,2023-06-09T10:13:17
000261,PP_011,2023-06-09T14:56:57
000309,PP_019,2023-06-09T18:39:16
001706,PP_019,2023-06-09T19:15:04
000266,PP_013,2023-06-09T19:53:45
000624,PP_016,2023-06-09T22:09:04
000354,PP_009,2023-06-09T22:25:58
001245,PP_003,2023-06-09T22:27:36
001085,PP_004,2023-06-10T13:45:10
001829,PP_020,2023-06-10T16:08:03
001706,PP_002,2023-06-10T16:09:34
000734,PP_015,2023-06-10T20:38:41
001769,PP_001,2023-06-10T22:17:48
004316,PP_003,2023-06-11T09:43:40
004937,PP_013,2023-06-11T10:57:53
002047,PP_020,2023-06-11T11:04:53
003642,PP_010,2023-06-11T12:57:10
003143,PP_001,2023-06-11T14:11:41
000785,PP_015,2023-06-11T15:15:40
000370,PP_014,2023-06-11T17:35:49
004478,PP_008,2023-06-11T19:41:41
002047,PP_008,2023-06-11T22:22:44
002108,PP_016,2023-06-12T08:17:22
001216,PP_016,2023-06-12T08:45:38
001443,PP_011,2023-06-12T10:27:29
000888,PP_016,2023-06-12T20:53:28
001904,PP_017,2023-06-13T12:16:08
000031,PP_020,2023-06-13T13:35:27
000031,PP_012,2023-06-13T14:35:56
001904,PP_002,2023-06-13T15:40:00
001904,PP_019,2023-06-13T15:46:04
000031,PP_006,2023-06-13T19:34:29
004554,PP_003,2023-06-13T20:18:55
001443,PP_012,2023-06-13T21:29:45
003555,PP_003,2023-06-13T21:44:40
000750,PP_013,2023-06-14T08:36:15
000508,PP_007,2023-06-14T14:26:03
000750,PP_012,2023-06-14T16:15:02
000508,PP_011,2023-06-14T17:29:08
004896,PP_015,2023-06-15T08:36:00
002433,PP_018,2023-06-15T11:26:11
000301,PP_002,2023-06-15T11:49:36
001336,PP_003,2023-06-15T12:26:40
003939,PP_005,2023-06-15T15:17:31
002433,PP_017,2023-06-15T21:27:28
003146,PP_011,2023-06-15T22:00:56
001784,PP_003,2023-06-16T10:59:41
001061,PP_018,2023-06-16T11:09:59
003935,PP_002,2023-06-16T13:23:09
000632,PP_003,2023-06-16T14:13:42
000266,PP_012,2023-06-16T16:42:54
004998,PP_016,2023-06-16T18:33:25
003940,PP_020,2023-06-16T19:40:19
000199,PP_016,2023-06-17T08:02:00
000100,PP_013,2023-06-17T11:29:37
000713,PP_012,2023-06-17T11:37:59
001218,PP_010,2023-06-17T11:44:09
000404,PP_002,2023-06-17T11:51:00
000404,PP_010,2023-06-17T12:56:54
000100,PP_016,2023-06-17T14:41:29
003143,PP_009,2023-06-17T22:10:03
001678,PP_009,2023-06-18T09:24:44
000785,PP_016,2023-06-18T19:09:32
000199,PP_015,2023-06-18T19:59:13
004478,PP_016,2023-06-18T20:41:53
003642,PP_018,2023-06-18T20:57:20
001678,PP_017,2023-06-18T21:13:20
004267,PP_012,2023-06-18T21:59:05
000999,PP_014,2023-06-18T22:15:49
002047,PP_009,2023-06-19T10:56:30
001226,PP_016,2023-06-19T15:27:02
001630,PP_003,2023-06-19T19:30:39
000570,PP_004,2023-06-19T20:30:22
001830,PP_016,2023-06-19T22:56:54
000999,PP_020,2023-06-20T08:15:11
002918,PP_015,2023-06-20T09:02:43
001041,PP_007,2023-06-20T12:41:01
002281,PP_018,2023-06-20T18:06:01
003021,PP_019,2023-06-21T09:11:18
003925,PP_010,2023-06-21T09:57:09
003021,PP_016,2023-06-21T12:34:47
004480,PP_015,2023-06-21T20:27:16
004480,PP_013,2023-06-21T22:54:27
001830,PP_003,2023-06-22T08:53:29
003569,PP_015,2023-06-22T10:19:25
003935,PP_014,2023-06-22T11:54:13
000194,PP_016,2023-06-22T12:50:47
004478,PP_014,2023-06-22T16:27:03
002456,PP_004,2023-06-22T16:59:18
002532,PP_020,2023-06-22T17:02:08
000194,PP_020,2023-06-22T18:01:01
000746,PP_020,2023-06-22T18:38:40
003944,PP_016,2023-06-22T20:24:17
002433,PP_020,2023-06-22T20:40:27
003090,PP_015,2023-06-22T21:55:59
001582,PP_016,2023-06-22T22:20:35
001521,PP_003,2023-06-23T08:09:51
004564,PP_004,2023-06-23T09:47:28
000785,PP_013,2023-06-23T09:50:22
002918,PP_012,2023-06-23T10:10:33
004822,PP_014,2023-06-23T12:06:20
004822,PP_003,2023-06-23T12:46:17
002181,PP_007,2023-06-23T17:28:16
002129,PP_015,2023-06-23T17:33:31
002396,PP_013,2023-06-23T18:33:52
004822,PP_002,2023-06-23T19:15:18
000147,PP_017,2023-06-23T19:32:25
002184,PP_005,2023-06-23T20:10:51
000147,PP_011,2023-06-23T21:40:05
000147,PP_005,2023-06-23T22:29:40
004461,PP_015,2023-06-23T22:44:39
004131,PP_010,2023-06-24T09:06:43
002805,PP_012,2023-06-24T13:29:37
000508,PP_005,2023-06-25T08:48:22
001013,PP_015,2023-06-25T08:53:57
000652,PP_012,2023-06-25T08:57:23
003003,PP_007,2023-06-25T12:03:48
000652,PP_006,2023-06-25T13:27:49
004231,PP_003,2023-06-25T15:17:45
004162,PP_019,2023-06-25T16:05:22
001013,PP_011,2023-06-25T16:16:32
003003,PP_002,2023-06-25T16:33:28
003875,PP_013,2023-06-25T17:25:22
002253,PP_017,2023-06-25T18:29:08
000652,PP_011,2023-06-25T21:06:58
001557,PP_011,2023-06-26T14:53:49
004004,PP_013,2023-06-26T22:59:44
002046,PP_010,2023-06-27T08:06:26
000199,PP_020,2023-06-27T09:04:56
002046,PP_003,2023-06-27T09:22:33
003003,PP_019,2023-06-27T11:44:20
004018,PP_005,2023-06-27T11:47:13
004482,PP_009,2023-06-27T12:39:12
004802,PP_013,2023-06-27T13:29:51
004197,PP_012,2023-06-27T14:52:13
002046,PP_020,2023-06-27T20:07:29
002253,PP_007,2023-06-27T21:29:07
002184,PP_003,2023-06-27T22:17:35
001013,PP_016,2023-06-28T08:49:16
003944,PP_012,2023-06-28T09:59:58
000194,PP_010,2023-06-28T12:19:08
000194,PP_007,2023-06-28T18:33:33
000197,PP_017,2023-06-28T21:04:11
002882,PP_014,2023-06-29T09:00:02
003390,PP_020,2023-06-29T09:59:47
004221,PP_012,2023-06-29T10:43:35
002663,PP_003,2023-06-29T18:01:12
003789,PP_016,2023-06-29T18:10:19
002882,PP_020,2023-06-29T22:53:39
000229,PP_001,2023-06-30T08:05:27
003185,PP_014,2023-06-30T09:12:09
004165,PP_012,2023-06-30T09:37:48
000078,PP_011,2023-06-30T14:42:14
000229,PP_010,2023-06-30T16:45:56
001487,PP_017,2023-06-30T20:32:33
003185,PP_020,2023-06-30T20:57:23
000029,PP_002,2023-07-01T11:54:16
004150,PP_005,2023-07-01T12:39:05
004064,PP_012,2023-07-01T13:22:53
000266,PP_005,2023-07-01T18:48:22
004064,PP_011,2023-07-01T19:59:35
000029,PP_005,2023-07-01T20:14:54
000364,PP_011,2023-07-01T20:52:46
000364,PP_005,2023-07-01T22:03:57
004150,PP_007,2023-07-01T22:56:13
000100,PP_020,2023-07-02T10:24:50
000124,PP_001,2023-07-02T11:48:40
002909,PP_002,2023-07-02T12:50:54
004231,PP_019,2023-07-02T13:53:22
001987,PP_004,2023-07-02T17:07:56
000672,PP_005,2023-07-02T18:54:44
002938,PP_018,2023-07-03T08:59:03
003642,PP_005,2023-07-03T10:17:40
003608,PP_011,2023-07-03T12:58:43
000978,PP_016,2023-07-03T13:40:46
002938,PP_020,2023-07-03T13:59:15
002663,PP_006,2023-07-03T17:59:43
000036,PP_008,2023-07-03T19:04:01
000657,PP_014,2023-07-04T08:32:10
001269,PP_012,2023-07-04T14:05:44
001269,PP_019,2023-07-04T15:52:38
003216,PP_010,2023-07-04T16:43:17
003359,PP_013,2023-07-04T18:11:47
001269,PP_015,2023-07-04T19:10:20
003862,PP_019,2023-07-04T21:31:23
004064,PP_013,2023-07-05T09:26:40
004594,PP_002,2023-07-05T15:15:03
004890,PP_016,2023-07-05T15:27:39
000124,PP_017,2023-07-05T16:04:21
001162,PP_007,2023-07-05T16:44:38
004435,PP_012,2023-07-06T09:54:54
002882,PP_019,2023-07-06T10:23:37
004955,PP_001,2023-07-06T17:31:32
004955,PP_010,2023-07-06T18:01:22
003935,PP_019,2023-07-06T19:50:04
000029,PP_020,2023-07-07T09:31:01
002040,PP_009,2023-07-07T15:47:56
003065,PP_003,2023-07-07T17:53:31
001527,PP_016,2023-07-07T17:59:52
004955,PP_007,2023-07-07T20:33:56
003166,PP_018,2023-07-07T21:17:02
002040,PP_003,2023-07-07T22:39:57
002196,PP_012,2023-07-08T12:44:54
001062,PP_011,2023-07-08T16:07:51
001504,PP_007,2023-07-08T16:22:03
001504,PP_004,2023-07-08T17:01:20
003024,PP_006,2023-07-08T18:25:46
001062,PP_012,2023-07-08T20:48:35
003024,PP_017,2023-07-08T21:23:09
000599,PP_009,2023-07-08T22:25:15
001706,PP_014,2023-07-08T22:43:32
002805,PP_011,2023-07-09T14:03:40
002686,PP_018,2023-07-09T15:52:35
004175,PP_010,2023-07-09T22:35:01
001281,PP_004,2023-07-10T18:43:29
004162,PP_003,2023-07-10T19:53:11
000998,PP_012,2023-07-10T21:19:58
003279,PP_018,2023-07-11T10:55:21
001504,PP_018,2023-07-11T14:21:40
003916,PP_002,2023-07-11T15:27:37
004182,PP_011,2023-07-11T18:48:30
004320,PP_006,2023-07-12T08:44:16
004740,PP_020,2023-07-12T10:29:10
002149,PP_015,2023-07-12T12:30:13
004896,PP_012,2023-07-12T14:29:56
003862,PP_002,2023-07-12T15:23:10
001252,PP_004,2023-07-12T19:39:29
000671,PP_014,2023-07-13T08:28:07
002248,PP_015,2023-07-13T09:58:48
000251,PP_012,2023-07-13T16:41:20
002248,PP_013,2023-07-13T17:44:06
004822,PP_020,2023-07-13T17:47:05
000671,PP_009,2023-07-13T18:01:23
000402,PP_001,2023-07-13T21:35:38
002248,PP_008,2023-07-13T22:13:27
002248,PP_019,2023-07-13T22:48:37
002706,PP_013,2023-07-14T08:30:09
000283,PP_019,2023-07-14T09:27:55
000715,PP_013,2023-07-14T10:33:06
000715,PP_012,2023-07-14T12:04:00
004175,PP_017,2023-07-14T13:50:46
003108,PP_015,2023-07-14T20:41:15
000999,PP_016,2023-07-14T20:45:44
004295,PP_004,2023-07-15T12:22:37
003809,PP_014,2023-07-15T14:47:38
003108,PP_016,2023-07-15T15:16:00
003809,PP_002,2023-07-15T15:27:09
001521,PP_014,2023-07-15T15:58:17
000758,PP_015,2023-07-15T16:18:56
000599,PP_019,2023-07-15T17:06:32
001487,PP_012,2023-07-15T17:08:12
001444,PP_014,2023-07-16T10:35:20
001315,PP_012,2023-07-16T12:53:12
001660,PP_002,2023-07-16T15:06:05
001675,PP_017,2023-07-16T22:19:35
000998,PP_015,2023-07-17T13:24:33
003524,PP_013,2023-07-17T13:47:22
000459,PP_003,2023-07-17T14:25:41
000459,PP_008,2023-07-17T20:55:35
003925,PP_019,2023-07-18T14:24:07
004593,PP_001,2023-07-18T14:56:04
002437,PP_001,2023-07-18T17:00:41
000402,PP_006,2023-07-18T18:05:51
000217,PP_007,2023-07-18T21:18:28
000275,PP_006,2023-07-19T09:06:29
004456,PP_010,2023-07-19T10:15:49
004295,PP_018,2023-07-19T11:14:25
000758,PP_011,2023-07-19T11:43:54
000322,PP_015,2023-07-19T13:04:28
000149,PP_012,2023-07-19T15:12:10
000929,PP_011,2023-07-19T20:16:29
003771,PP_018,2023-07-20T08:11:48
004382,PP_016,2023-07-20T09:33:00
000124,PP_014,2023-07-20T12:06:43
002463,PP_005,2023-07-20T13:23:40
004382,PP_015,2023-07-20T15:31:04
002181,PP_010,2023-07-20T15:47:49
001995,PP_004,2023-07-20T18:05:32
004231,PP_018,2023-07-20T19:00:12
002962,PP_011,2023-07-21T10:23:18
003944,PP_015,2023-07-21T12:13:00
002962,PP_013,2023-07-21T17:21:19
004729,PP_017,2023-07-21T18:26:27
000657,PP_017,2023-07-21T19:04:25
004729,PP_010,2023-07-21T19:23:22
001107,PP_020,2023-07-21T19:32:11
004056,PP_016,2023-07-21T20:09:35
001088,PP_020,2023-07-21T21:14:23
001145,PP_013,2023-07-22T08:42:16
000728,PP_005,2023-07-22T11:36:56
003374,PP_017,2023-07-22T13:05:26
000728,PP_019,2023-07-22T16:28:33
001592,PP_011,2023-07-22T18:02:11
004382,PP_010,2023-07-22T18:31:07
001846,PP_012,2023-07-22T18:57:49
002128,PP_014,2023-07-22T18:59:46
001145,PP_018,2023-07-22T22:07:26
001315,PP_014,2023-07-22T22:12:49
001315,PP_007,2023-07-22T22:17:05
002403,PP_002,2023-07-23T09:13:24
000850,PP_015,2023-07-23T10:21:46
002129,PP_016,2023-07-23T14:09:42
002014,PP_004,2023-07-23T16:37:16
002894,PP_014,2023-07-24T08:50:07
001664,PP_007,2023-07-24T10:13:29
004092,PP_004,2023-07-24T13:03:42
002962,PP_014,2023-07-24T17:42:28
002713,PP_016,2023-07-24T20:43:19
001664,PP_014,2023-07-24T21:33:56
001987,PP_017,2023-07-24T22:59:36
004187,PP_019,2023-07-25T16:29:35
004187,PP_015,2023-07-25T17:04:21
002807,PP_008,2023-07-25T17:53:28
001088,PP_009,2023-07-25T22:21:22
000886,PP_018,2023-07-26T10:13:24
001379,PP_016,2023-07-26T13:55:18
003686,PP_001,2023-07-26T14:06:52
002128,PP_011,2023-07-26T14:29:24
000865,PP_008,2023-07-26T16:29:37
000275,PP_001,2023-07-26T18:07:34
002235,PP_006,2023-07-26T19:45:15
002014,PP_020,2023-07-26T19:50:48
001379,PP_003,2023-07-26T19:56:58
003354,PP_002,2023-07-26T21:24:34
004566,PP_017,2023-07-27T08:53:43
001778,PP_015,2023-07-27T13:06:04
002437,PP_016,2023-07-27T13:19:26
004430,PP_012,2023-07-27T13:28:48
001124,PP_011,2023-07-27T19:17:19
002443,PP_008,2023-07-27T20:28:12
002443,PP_014,2023-07-27T20:31:08
001124,PP_015,2023-07-27T20:40:23
004430,PP_015,2023-07-27T21:01:33
002164,PP_005,2023-07-27T22:23:00
000178,PP_013,2023-07-28T10:43:37
000749,PP_015,2023-07-29T13:19:16
000886,PP_014,2023-07-29T14:38:54
001664,PP_013,2023-07-29T15:12:11
000570,PP_016,2023-07-29T15:49:04
000886,PP_012,2023-07-29T16:08:11
003374,PP_010,2023-07-29T18:37:27
003340,PP_011,2023-07-30T11:12:29
001675,PP_015,2023-07-30T13:46:46
003826,PP_018,2023-07-30T13:47:08
001182,PP_008,2023-07-30T15:58:21
000459,PP_011,2023-07-30T20:40:41
001872,PP_003,2023-07-30T22:07:38
000792,PP_019,2023-07-31T09:55:08
000749,PP_006,2023-07-31T12:02:51
002513,PP_016,2023-07-31T12:48:51
004138,PP_009,2023-07-31T13:16:12
002612,PP_010,2023-07-31T13:35:14
004092,PP_020,2023-07-31T19:18:41
004138,PP_012,2023-07-31T22:19:26
001879,PP_006,2023-08-01T13:56:38
000618,PP_020,2023-08-01T17:11:53
000335,PP_010,2023-08-01T21:50:44
001690,PP_004,2023-08-02T13:31:36
002094,PP_015,2023-08-02T17:25:54
000963,PP_011,2023-08-02T19:28:34
000929,PP_004,2023-08-03T08:01:26
002685,PP_005,2023-08-03T11:50:19
000984,PP_005,2023-08-03T12:57:38
002685,PP_006,2023-08-03T16:16:23
000644,PP_013,2023-08-03T18:34:51
001690,PP_001,2023-08-03T19:11:45
002685,PP_015,2023-08-03T19:28:54
001872,PP_014,2023-08-03T20:16:50
002897,PP_012,2023-08-04T08:07:41
002438,PP_019,2023-08-04T14:30:46
002480,PP_014,2023-08-04T14:39:52
000335,PP_014,2023-08-04T15:38:50
002513,PP_015,2023-08-04T17:50:31
001107,PP_017,2023-08-05T10:21:05
001836,PP_006,2023-08-05T13:32:59
001825,PP_007,2023-08-05T15:23:28
000007,PP_011,2023-08-05T17:30:39
004107,PP_007,2023-08-05T18:49:52
000792,PP_020,2023-08-05T22:33:09
003400,PP_012,2023-08-05T22:52:29
002480,PP_015,2023-08-06T10:05:10
002438,PP_009,2023-08-06T12:37:50
001684,PP_012,2023-08-06T14:51:29
001588,PP_017,2023-08-06T16:58:09
002117,PP_020,2023-08-06T17:19:00
000886,PP_009,2023-08-06T18:05:56
001796,PP_010,2023-08-06T18:38:29
001813,PP_005,2023-08-06T19:03:07
004203,PP_012,2023-08-06T19:57:35
003239,PP_018,2023-08-06T20:53:34
001684,PP_015,2023-08-06T22:52:50
004160,PP_004,2023-08-07T09:23:19
000190,PP_013,2023-08-07T09:46:02
002685,PP_012,2023-08-07T11:23:35
004474,PP_013,2023-08-07T18:12:17
000984,PP_006,2023-08-07T18:19:14
002311,PP_016,2023-08-07T22:35:26
003937,PP_011,2023-08-08T11:36:52
004230,PP_011,2023-08-08T12:38:05
000520,PP_018,2023-08-08T16:37:22
004295,PP_003,2023-08-09T08:14:05
001145,PP_016,2023-08-09T10:36:17
004732,PP_020,2023-08-09T19:56:09
003311,PP_016,2023-08-10T09:08:18
000148,PP_013,2023-08-10T12:48:09
000362,PP_018,2023-08-10T15:17:04
003497,PP_018,2023-08-10T17:02:49
002529,PP_004,2023-08-11T09:30:37
001550,PP_016,2023-08-11T10:33:20
001550,PP_011,2023-08-11T13:41:02
000671,PP_008,2023-08-11T14:44:36
002529,PP_019,2023-08-11T16:44:53
002894,PP_005,2023-08-11T16:55:47
003953,PP_007,2023-08-11T18:15:46
003953,PP_013,2023-08-11T19:18:24
002897,PP_015,2023-08-11T21:03:52
002688,PP_020,2023-08-11T21:58:40
003953,PP_018,2023-08-11T22:47:14
002807,PP_020,2023-08-12T11:18:44
001159,PP_001,2023-08-12T12:00:24
004541,PP_013,2023-08-12T14:14:10
004475,PP_009,2023-08-12T19:30:31
004763,PP_001,2023-08-12T20:34:15
004906,PP_008,2023-08-13T08:22:15
001396,PP_015,2023-08-13T09:26:29
002592,PP_015,2023-08-13T10:34:33
000995,PP_012,2023-08-13T13:38:47
000034,PP_013,2023-08-13T15:10:38
003628,PP_002,2023-08-13T15:17:21
004680,PP_008,2023-08-13T16:14:23
003380,PP_016,2023-08-13T17:44:19
003380,PP_013,2023-08-13T18:00:49
001699,PP_011,2023-08-13T18:34:46
001813,PP_013,2023-08-13T20:15:19
004475,PP_001,2023-08-13T21:56:52
004238,PP_005,2023-08-13T22:12:52
003331,PP_019,2023-08-14T09:49:02
000195,PP_009,2023-08-14T11:02:13
004906,PP_007,2023-08-14T12:27:12
004763,PP_011,2023-08-14T16:42:21
001497,PP_002,2023-08-14T16:50:06
001497,PP_009,2023-08-14T17:54:03
000195,PP_020,2023-08-14T21:42:02
003595,PP_009,2023-08-14T22:59:43
000195,PP_002,2023-08-15T08:47:59
000718,PP_003,2023-08-15T13:39:04
000034,PP_014,2023-08-15T15:54:32
000485,PP_013,2023-08-15T18:43:27
003517,PP_004,2023-08-15T22:17:26
003509,PP_006,2023-08-16T08:18:55
003628,PP_011,2023-08-16T09:14:41
000195,PP_011,2023-08-16T12:53:24
002592,PP_011,2023-08-16T13:42:12
000718,PP_007,2023-08-16T17:27:36
002910,PP_014,2023-08-16T17:35:25
001588,PP_006,2023-08-16T22:49:22
001512,PP_007,2023-08-17T08:15:37
003953,PP_002,2023-08-17T08:33:08
003777,PP_002,2023-08-17T09:33:31
001710,PP_002,2023-08-17T09:47:59
003777,PP_007,2023-08-17T10:39:48
003777,PP_009,2023-08-17T11:14:21
003571,PP_005,2023-08-17T12:51:15
002164,PP_006,2023-08-17T13:43:27
003777,PP_016,2023-08-17T14:02:01
002358,PP_010,2023-08-17T16:07:33
001414,PP_012,2023-08-17T16:32:53
001126,PP_012,2023-08-17T16:44:23
000547,PP_012,2023-08-17T18:38:24
000190,PP_018,2023-08-17T20:05:12
002962,PP_019,2023-08-17T21:50:42
000217,PP_006,2023-08-17T22:10:30
001414,PP_011,2023-08-17T22:17:42
004243,PP_014,2023-08-18T08:08:18
004986,PP_002,2023-08-18T08:08:53
004243,PP_008,2023-08-18T08:13:07
002161,PP_001,2023-08-18T09:51:50
002151,PP_013,2023-08-18T10:01:59
000034,PP_020,2023-08-18T11:13:58
004906,PP_017,2023-08-18T14:09:59
003331,PP_017,2023-08-18T15:04:18
004986,PP_014,2023-08-18T15:57:56
002381,PP_004,2023-08-18T17:41:19
001088,PP_015,2023-08-18T18:05:00
000718,PP_001,2023-08-18T19:18:18
004138,PP_016,2023-08-19T08:11:42
000718,PP_019,2023-08-19T08:37:19
004928,PP_011,2023-08-19T12:03:29
001813,PP_001,2023-08-19T12:36:58
004541,PP_016,2023-08-19T16:36:45
004652,PP_001,2023-08-19T18:19:11
001880,PP_016,2023-08-19T19:29:31
004075,PP_005,2023-08-20T08:25:09
002012,PP_009,2023-08-20T10:50:04
002012,PP_015,2023-08-20T12:12:59
002012,PP_003,2023-08-20T12:57:21
000419,PP_012,2023-08-20T13:03:56
002311,PP_010,2023-08-20T13:53:16
002479,PP_009,2023-08-20T15:34:30
001040,PP_016,2023-08-21T10:10:28
003410,PP_016,2023-08-21T14:03:56
000419,PP_020,2023-08-21T14:28:19
004153,PP_007,2023-08-21T16:15:53
004374,PP_012,2023-08-22T09:22:08
004374,PP_016,2023-08-22T16:56:54
001995,PP_018,2023-08-22T18:06:05
004237,PP_019,2023-08-22T21:08:44
004686,PP_008,2023-08-23T09:31:40
003178,PP_004,2023-08-23T10:00:31
000226,PP_020,2023-08-23T10:02:24
004129,PP_015,2023-08-23T11:34:55
001392,PP_013,2023-08-23T15:23:18
004652,PP_014,2023-08-23T17:06:46
001019,PP_006,2023-08-23T18:27:03
000719,PP_004,2023-08-24T08:57:22
002387,PP_009,2023-08-24T09:50:00
003707,PP_015,2023-08-24T10:50:18
003354,PP_017,2023-08-24T11:28:43
001118,PP_015,2023-08-24T12:52:36
000719,PP_019,2023-08-24T13:51:03
002014,PP_012,2023-08-24T15:56:15
001914,PP_004,2023-08-24T16:23:40
001754,PP_013,2023-08-24T17:09:58
002789,PP_012,2023-08-24T20:03:59
004202,PP_006,2023-08-24T20:23:50
000719,PP_005,2023-08-24T21:40:35
001804,PP_020,2023-08-24T22:24:44
000719,PP_001,2023-08-24T22:44:43
004433,PP_007,2023-08-25T08:02:01
001914,PP_018,2023-08-25T13:21:21
004433,PP_017,2023-08-25T22:32:36
002825,PP_015,2023-08-26T10:33:24
000177,PP_003,2023-08-26T11:51:52
004999,PP_017,2023-08-26T12:07:23
001369,PP_010,2023-08-26T15:10:23
000177,PP_004,2023-08-26T17:18:19
000212,PP_003,2023-08-26T18:16:37
004999,PP_010,2023-08-26T19:33:48
001804,PP_006,2023-08-26T20:13:35
003257,PP_002,2023-08-27T11:26:17
000061,PP_017,2023-08-27T14:13:01
004603,PP_001,2023-08-27T14:49:21
003600,PP_016,2023-08-27T15:49:27
002529,PP_003,2023-08-27T15:51:19
002649,PP_016,2023-08-27T20:20:44
003600,PP_006,2023-08-27T20:46:33
000498,PP_012,2023-08-28T10:06:51
000253,PP_005,2023-08-28T10:12:46
004680,PP_019,2023-08-28T11:52:04
000212,PP_016,2023-08-28T22:30:57
003937,PP_002,2023-08-29T08:46:49
002384,PP_003,2023-08-29T08:53:48
000520,PP_009,2023-08-29T13:45:38
004879,PP_017,2023-08-29T14:02:59
003079,PP_019,2023-08-29T14:57:22
004358,PP_004,2023-08-29T16:33:46
001139,PP_020,2023-08-29T18:57:48
001710,PP_005,2023-08-29T18:58:20
001569,PP_013,2023-08-29T20:11:53
003079,PP_003,2023-08-29T22:59:41
004364,PP_014,2023-08-30T08:49:37
004888,PP_019,2023-08-30T08:50:22
004364,PP_002,2023-08-30T09:31:58
000911,PP_018,2023-08-30T09:38:01
004221,PP_013,2023-08-30T10:51:00
003246,PP_016,2023-08-30T13:16:38
000719,PP_009,2023-08-30T22:07:45
002674,PP_007,2023-08-31T08:14:02
004308,PP_018,2023-08-31T08:16:13
001900,PP_012,2023-08-31T10:28:52
004308,PP_016,2023-08-31T11:44:06
004075,PP_014,2023-08-31T12:47:49
003257,PP_014,2023-08-31T13:27:23
004011,PP_011,2023-08-31T16:22:44
004308,PP_005,2023-08-31T20:05:09
004358,PP_018,2023-08-31T21:21:34
000177,PP_006,2023-08-31T22:10:07
004564,PP_020,2023-09-01T09:08:49
002479,PP_015,2023-09-01T12:09:29
001829,PP_011,2023-09-01T16:37:23
004622,PP_011,2023-09-02T08:54:32
003755,PP_011,2023-09-02T11:04:59
004622,PP_012,2023-09-02T14:19:20
000727,PP_020,2023-09-02T14:40:49
000291,PP_011,2023-09-02T15:08:59
001679,PP_014,2023-09-02T16:41:18
003777,PP_015,2023-09-02T19:44:22
003600,PP_017,2023-09-02T21:13:46
004924,PP_012,2023-09-03T13:05:08
000688,PP_014,2023-09-03T13:46:55
002509,PP_001,2023-09-03T15:13:14
002718,PP_002,2023-09-03T20:19:48
000543,PP_003,2023-09-04T08:19:19
001020,PP_016,2023-09-04T09:02:57
003832,PP_007,2023-09-04T10:08:38
003832,PP_015,2023-09-04T16:14:29
002924,PP_009,2023-09-04T16:48:20
002117,PP_002,2023-09-05T10:05:15
004027,PP_011,2023-09-05T10:28:58
004879,PP_005,2023-09-05T11:33:08
001126,PP_013,2023-09-05T11:37:56
000558,PP_005,2023-09-05T12:08:51
004879,PP_004,2023-09-05T12:39:50
000879,PP_013,2023-09-05T16:24:08
000250,PP_015,2023-09-05T19:00:50
000543,PP_018,2023-09-05T19:56:33
001020,PP_020,2023-09-05T20:45:46
003048,PP_008,2023-09-05T21:52:37
000034,PP_019,2023-09-06T08:33:23
004011,PP_013,2023-09-06T11:21:14
004264,PP_008,2023-09-06T11:36:13
000746,PP_007,2023-09-06T12:14:13
001062,PP_007,2023-09-06T12:32:28
002718,PP_006,2023-09-06T15:05:32
001405,PP_012,2023-09-06T16:06:39
001405,PP_002,2023-09-06T21:09:47
004562,PP_001,2023-09-06T21:14:48
002096,PP_007,2023-09-06T21:18:37
001430,PP_016,2023-09-07T08:26:18
000030,PP_003,2023-09-07T08:57:22
003742,PP_002,2023-09-07T10:16:11
002251,PP_012,2023-09-07T10:31:54
001497,PP_006,2023-09-07T13:34:00
000132,PP_015,2023-09-07T14:14:13
004802,PP_014,2023-09-07T15:30:19
004703,PP_016,2023-09-07T19:48:28
003730,PP_006,2023-09-07T20:42:46
001900,PP_003,2023-09-07T21:19:10
004703,PP_013,2023-09-07T22:11:15
002509,PP_005,2023-09-08T08:25:06
004264,PP_017,2023-09-08T08:59:29
000558,PP_001,2023-09-08T10:17:18
002307,PP_011,2023-09-08T16:02:02
002336,PP_004,2023-09-08T16:07:18
000849,PP_007,2023-09-08T19:23:11
004411,PP_015,2023-09-08T21:14:35
001762,PP_015,2023-09-09T08:30:04
001430,PP_011,2023-09-09T10:38:51
003755,PP_012,2023-09-09T11:45:54
004888,PP_004,2023-09-09T14:44:21
002336,PP_003,2023-09-09T22:29:15
001741,PP_002,2023-09-09T22:59:57
000547,PP_018,2023-09-10T08:05:55
000047,PP_020,2023-09-10T08:42:07
004191,PP_013,2023-09-10T09:24:35
004191,PP_001,2023-09-10T10:52:00
004191,PP_012,2023-09-10T11:19:03
000990,PP_020,2023-09-10T11:47:56
000047,PP_007,2023-09-10T12:10:30
003253,PP_007,2023-09-10T14:52:12
000734,PP_013,2023-09-10T14:53:12
000990,PP_016,2023-09-10T15:42:06
001475,PP_013,2023-09-10T16:59:20
001853,PP_012,2023-09-10T17:02:30
000990,PP_018,2023-09-10T20:47:59
002242,PP_010,2023-09-10T21:07:45
004961,PP_012,2023-09-11T09:30:17
001225,PP_017,2023-09-11T11:12:04
000733,PP_006,2023-09-11T12:54:39
000733,PP_019,2023-09-11T12:57:01
001475,PP_012,2023-09-11T13:15:52
001225,PP_006,2023-09-11T13:25:40
002242,PP_005,2023-09-11T14:12:55
001853,PP_014,2023-09-11T15:04:11
004961,PP_001,2023-09-11T15:15:25
001405,PP_011,2023-09-11T17:53:54
001225,PP_018,2023-09-11T18:43:14
002712,PP_002,2023-09-11T19:05:42
001400,PP_003,2023-09-11T20:52:52
000849,PP_012,2023-09-11T20:57:11
004961,PP_003,2023-09-11T22:08:08
002735,PP_004,2023-09-11T22:48:57
001158,PP_019,2023-09-12T08:07:25
003278,PP_016,2023-09-12T09:35:07
003572,PP_016,2023-09-12T09:55:34
003825,PP_020,2023-09-12T10:01:07
003825,PP_017,2023-09-12T12:49:58
000382,PP_014,2023-09-12T15:13:26
000382,PP_010,2023-09-12T15:38:04
004240,PP_016,2023-09-12T16:09:25
004488,PP_010,2023-09-12T17:23:08
001277,PP_011,2023-09-12T17:24:11
002543,PP_001,2023-09-12T17:29:06
002489,PP_007,2023-09-12T19:17:11
002543,PP_010,2023-09-12T20:51:56
003405,PP_008,2023-09-12T21:30:21
003816,PP_018,2023-09-13T08:35:03
003405,PP_011,2023-09-13T08:48:28
004050,PP_019,2023-09-13T10:40:36
000002,PP_005,2023-09-13T14:19:20
001853,PP_013,2023-09-13T14:23:53
003816,PP_001,2023-09-13T17:23:49
000490,PP_007,2023-09-14T11:38:49
001936,PP_012,2023-09-14T11:52:40
004439,PP_005,2023-09-14T12:52:36
001423,PP_009,2023-09-14T13:56:20
003253,PP_004,2023-09-14T16:20:01
001936,PP_001,2023-09-14T17:33:04
001593,PP_002,2023-09-14T18:04:40
004191,PP_008,2023-09-14T18:19:16
002543,PP_017,2023-09-14T18:33:39
001423,PP_008,2023-09-14T19:22:10
001593,PP_011,2023-09-14T19:57:23
003661,PP_019,2023-09-14T20:49:25
001934,PP_005,2023-09-14T22:52:55
002336,PP_002,2023-09-15T08:15:47
002151,PP_011,2023-09-15T08:28:50
001423,PP_002,2023-09-15T08:44:54
002922,PP_015,2023-09-15T11:07:10
002401,PP_003,2023-09-15T13:49:21
002489,PP_014,2023-09-15T15:10:35
000192,PP_006,2023-09-15T16:59:05
001512,PP_020,2023-09-15T22:53:47
000374,PP_012,2023-09-16T08:30:39
004602,PP_020,2023-09-16T10:17:32
000752,PP_004,2023-09-16T15:32:50
002273,PP_019,2023-09-16T16:25:35
001394,PP_019,2023-09-16T18:42:36
001688,PP_012,2023-09-17T08:30:50
003253,PP_010,2023-09-17T12:30:17
003393,PP_019,2023-09-17T13:49:37
002992,PP_014,2023-09-17T14:08:28
004488,PP_007,2023-09-17T14:25:14
003393,PP_016,2023-09-17T14:57:57
000490,PP_019,2023-09-17T16:04:42
003874,PP_001,2023-09-17T16:49:03
003285,PP_003,2023-09-17T17:10:20
000427,PP_010,2023-09-17T18:35:48
002828,PP_008,2023-09-17T19:01:57
003661,PP_006,2023-09-17T19:19:45
001688,PP_015,2023-09-17T20:07:39
001250,PP_020,2023-09-17T20:29:09
001394,PP_004,2023-09-17T21:15:19
000253,PP_009,2023-09-18T13:16:47
000169,PP_015,2023-09-18T20:53:52
003314,PP_004,2023-09-18T22:53:10
003834,PP_014,2023-09-19T11:35:37
003825,PP_008,2023-09-19T13:02:18
000358,PP_007,2023-09-19T16:09:38
001349,PP_007,2023-09-19T17:00:27
001110,PP_012,2023-09-19T19:28:01
002443,PP_010,2023-09-19T19:34:11
002418,PP_001,2023-09-19T19:34:22
000222,PP_009,2023-09-19T19:40:00
003825,PP_005,2023-09-19T19:45:08
000358,PP_012,2023-09-19T20:06:52
001250,PP_010,2023-09-19T20:33:36
004746,PP_012,2023-09-19T20:36:44
001349,PP_003,2023-09-19T21:12:36
001158,PP_010,2023-09-20T08:21:20
000189,PP_010,2023-09-20T11:56:50
004210,PP_017,2023-09-20T12:45:29
004210,PP_002,2023-09-20T13:21:18
001110,PP_013,2023-09-20T13:57:14
004475,PP_017,2023-09-20T14:19:09
000189,PP_008,2023-09-20T15:18:28
001326,PP_015,2023-09-20T15:52:29
003534,PP_004,2023-09-20T15:59:53
001399,PP_014,2023-09-20T16:22:56
003847,PP_019,2023-09-20T17:09:53
003707,PP_013,2023-09-20T18:18:53
003464,PP_006,2023-09-20T18:32:04
000189,PP_015,2023-09-20T19:58:30
002509,PP_020,2023-09-21T08:09:05
001978,PP_016,2023-09-21T09:03:15
000167,PP_016,2023-09-21T16:17:23
001978,PP_013,2023-09-21T17:04:02
001349,PP_009,2023-09-21T20:17:11
000164,PP_016,2023-09-22T08:45:24
002943,PP_007,2023-09-22T10:04:00
000948,PP_017,2023-09-22T10:26:22
002186,PP_003,2023-09-22T10:26:51
004924,PP_015,2023-09-22T14:11:45
000291,PP_004,2023-09-22T15:05:38
001608,PP_005,2023-09-22T18:25:53
001999,PP_003,2023-09-22T18:42:42
002071,PP_017,2023-09-22T19:27:47
002258,PP_011,2023-09-22T20:07:25
001518,PP_019,2023-09-22T21:31:40
003314,PP_006,2023-09-23T12:15:38
002510,PP_002,2023-09-23T12:35:25
002568,PP_016,2023-09-23T16:12:08
004389,PP_018,2023-09-23T17:21:16
000310,PP_016,2023-09-23T19:40:49
000310,PP_011,2023-09-23T20:49:50
001173,PP_004,2023-09-23T21:15:47
001608,PP_006,2023-09-24T08:51:55
001632,PP_013,2023-09-24T09:50:13
000054,PP_015,2023-09-24T11:48:49
000896,PP_005,2023-09-24T12:29:13
004902,PP_014,2023-09-24T14:31:36
000896,PP_007,2023-09-24T15:49:46
001519,PP_011,2023-09-24T16:23:20
002144,PP_012,2023-09-24T19:59:46
003477,PP_002,2023-09-25T08:50:31
004110,PP_012,2023-09-25T09:15:00
002285,PP_014,2023-09-25T09:19:30
001380,PP_018,2023-09-25T12:42:03
003378,PP_011,2023-09-25T14:00:46
003269,PP_017,2023-09-25T15:01:19
003314,PP_017,2023-09-25T20:10:34
001380,PP_001,2023-09-25T22:29:59
000189,PP_012,2023-09-25T22:57:40
002582,PP_020,2023-09-26T08:14:58
003534,PP_003,2023-09-26T09:41:40
001304,PP_003,2023-09-26T09:57:22
000358,PP_006,2023-09-26T10:35:50
001969,PP_015,2023-09-26T12:57:55
004633,PP_014,2023-09-26T13:42:04
001304,PP_014,2023-09-26T14:01:08
001969,PP_001,2023-09-26T14:25:03
000543,PP_006,2023-09-26T15:28:59
001969,PP_018,2023-09-26T17:28:45
004633,PP_002,2023-09-26T19:09:25
002828,PP_007,2023-09-26T19:41:06
001969,PP_003,2023-09-26T20:19:43
002582,PP_006,2023-09-26T22:19:13
004282,PP_015,2023-09-27T12:32:25
004282,PP_018,2023-09-27T14:54:07
001236,PP_013,2023-09-27T15:15:11
001236,PP_016,2023-09-27T16:41:41
000495,PP_012,2023-09-27T18:45:28
001204,PP_015,2023-09-28T10:23:22
001682,PP_016,2023-09-28T12:59:53
003863,PP_005,2023-09-28T14:30:53
001519,PP_016,2023-09-28T16:31:38
000543,PP_011,2023-09-28T17:36:02
003271,PP_011,2023-09-28T19:29:19
000885,PP_007,2023-09-28T19:33:05
000202,PP_013,2023-09-29T11:10:32
000495,PP_015,2023-09-29T11:12:50
002510,PP_015,2023-09-29T22:35:46
004186,PP_013,2023-09-30T08:44:05
002924,PP_002,2023-09-30T11:50:45
000885,PP_013,2023-09-30T12:45:00
003863,PP_006,2023-09-30T13:00:09
000727,PP_015,2023-09-30T13:51:23
004939,PP_020,2023-09-30T14:31:50
004186,PP_012,2023-09-30T14:46:25
001047,PP_001,2023-09-30T14:54:10
001305,PP_009,2023-09-30T17:15:11
000310,PP_007,2023-09-30T18:01:27
001323,PP_010,2023-09-30T18:44:42
004838,PP_002,2023-09-30T20:13:47
004838,PP_016,2023-09-30T21:20:33
003863,PP_013,2023-09-30T22:10:31
000001,PP_013,2023-09-30T22:55:42
001959,PP_017,2023-10-01T09:45:33
001266,PP_013,2023-10-01T11:23:00
001936,PP_015,2023-10-01T11:26:48
001207,PP_001,2023-10-01T12:28:35
004971,PP_018,2023-10-01T12:36:58
001314,PP_011,2023-10-01T13:49:19
000054,PP_017,2023-10-01T15:24:54
003785,PP_011,2023-10-01T15:35:35
001853,PP_015,2023-10-01T15:45:06
001959,PP_006,2023-10-01T16:18:26
000718,PP_020,2023-10-01T19:55:15
002418,PP_017,2023-10-01T20:18:43
003378,PP_012,2023-10-02T11:19:59
001605,PP_005,2023-10-02T13:22:12
000688,PP_010,2023-10-02T15:21:33
004293,PP_015,2023-10-02T17:15:49
001305,PP_015,2023-10-02T19:49:41
004409,PP_005,2023-10-02T22:25:42
003793,PP_011,2023-10-03T13:57:28
001597,PP_015,2023-10-03T15:20:34
004451,PP_011,2023-10-03T15:22:06
003514,PP_003,2023-10-03T17:44:14
004896,PP_006,2023-10-03T19:02:48
001741,PP_020,2023-10-04T09:33:48
000202,PP_015,2023-10-04T10:05:29
004973,PP_008,2023-10-04T11:13:21
001738,PP_019,2023-10-04T11:48:19
000441,PP_019,2023-10-04T12:05:19
000441,PP_002,2023-10-04T14:31:55
003280,PP_004,2023-10-04T15:54:53
003633,PP_015,2023-10-04T16:22:02
002124,PP_010,2023-10-04T16:23:58
000408,PP_013,2023-10-04T18:40:15
003222,PP_012,2023-10-04T20:07:14
000408,PP_009,2023-10-04T20:20:31
003280,PP_002,2023-10-04T21:00:59
000849,PP_020,2023-10-04T22:17:13
003926,PP_014,2023-10-05T09:27:36
002405,PP_011,2023-10-05T10:11:29
004282,PP_008,2023-10-05T10:22:45
001070,PP_007,2023-10-05T17:20:02
004378,PP_007,2023-10-05T18:46:40
003865,PP_011,2023-10-05T21:21:28
000441,PP_001,2023-10-06T09:04:50
003968,PP_017,2023-10-06T11:59:56
003968,PP_006,2023-10-06T12:56:26
004678,PP_017,2023-10-06T14:09:11
003280,PP_005,2023-10-06T14:27:17
004409,PP_009,2023-10-06T14:55:49
002124,PP_011,2023-10-06T18:19:35
004451,PP_008,2023-10-06T18:54:09
001377,PP_015,2023-10-06T19:55:28
002124,PP_002,2023-10-06T22:48:10
003757,PP_018,2023-10-07T09:56:15
004378,PP_018,2023-10-07T15:16:22
004838,PP_004,2023-10-07T16:50:08
001141,PP_004,2023-10-07T17:38:07
004378,PP_019,2023-10-07T21:16:33
001130,PP_017,2023-10-07T21:34:16
002322,PP_002,2023-10-07T22:27:06
002407,PP_019,2023-10-08T12:07:54
001324,PP_010,2023-10-08T12:36:48
003208,PP_009,2023-10-08T16:04:27
003208,PP_002,2023-10-08T17:11:31
004797,PP_006,2023-10-08T19:13:21
004788,PP_016,2023-10-08T19:42:27
004788,PP_012,2023-10-08T21:22:28
002510,PP_011,2023-10-08T22:34:10
001054,PP_006,2023-10-09T12:09:51
004226,PP_001,2023-10-09T16:21:03
002569,PP_016,2023-10-09T16:43:38
003814,PP_019,2023-10-09T17:33:25
003417,PP_004,2023-10-09T18:40:45
002064,PP_020,2023-10-09T18:45:09
002569,PP_002,2023-10-09T19:22:51
002569,PP_013,2023-10-09T20:40:39
004617,PP_008,2023-10-09T22:18:30
004378,PP_014,2023-10-10T10:09:53
004252,PP_007,2023-10-10T10:20:45
000938,PP_012,2023-10-10T10:42:03
002131,PP_015,2023-10-10T10:43:09
001125,PP_001,2023-10-10T11:44:34
002322,PP_003,2023-10-10T12:14:06
003848,PP_006,2023-10-10T12:53:42
000889,PP_019,2023-10-10T13:19:19
002131,PP_013,2023-10-10T14:14:22
002000,PP_005,2023-10-10T17:54:11
004648,PP_016,2023-10-10T22:09:05
000518,PP_019,2023-10-11T12:38:05
003134,PP_005,2023-10-11T13:30:03
002205,PP_016,2023-10-11T13:59:03
004962,PP_001,2023-10-11T14:05:39
004934,PP_015,2023-10-11T14:50:33
000222,PP_002,2023-10-11T15:45:10
004962,PP_018,2023-10-11T16:11:44
003514,PP_017,2023-10-11T17:49:39
000518,PP_017,2023-10-11T17:53:52
003280,PP_017,2023-10-11T18:52:05
000518,PP_009,2023-10-11T22:01:58
004712,PP_020,2023-10-11T22:31:58
004819,PP_017,2023-10-12T13:52:56
004819,PP_005,2023-10-12T16:22:52
004819,PP_018,2023-10-12T17:55:20
002131,PP_020,2023-10-12T18:28:10
004819,PP_016,2023-10-12T20:33:29
003856,PP_019,2023-10-13T08:46:05
000576,PP_001,2023-10-13T09:17:32
003354,PP_007,2023-10-13T11:10:01
002168,PP_012,2023-10-13T11:28:18
004005,PP_014,2023-10-13T13:28:19
000576,PP_013,2023-10-13T14:15:23
002583,PP_006,2023-10-13T14:46:54
003547,PP_009,2023-10-13T16:20:04
000088,PP_014,2023-10-13T17:28:07
002418,PP_012,2023-10-13T17:52:56
003994,PP_016,2023-10-13T20:18:39
001054,PP_019,2023-10-13T21:08:12
003547,PP_005,2023-10-13T22:48:04
002322,PP_015,2023-10-14T12:42:38
004157,PP_001,2023-10-14T17:02:36
004730,PP_002,2023-10-15T08:11:23
004293,PP_003,2023-10-15T10:20:45
002751,PP_006,2023-10-15T11:05:36
001763,PP_009,2023-10-15T11:12:54
002751,PP_001,2023-10-15T12:36:40
002751,PP_007,2023-10-15T12:59:13
004617,PP_001,2023-10-15T13:07:13
003784,PP_006,2023-10-15T16:51:10
002205,PP_006,2023-10-15T18:23:35
003865,PP_010,2023-10-16T11:54:33
002425,PP_017,2023-10-16T15:54:04
001361,PP_010,2023-10-16T17:51:31
004252,PP_020,2023-10-16T20:28:22
002467,PP_016,2023-10-16T22:07:01
002131,PP_003,2023-10-16T22:19:01
000489,PP_003,2023-10-17T10:00:29
000159,PP_011,2023-10-17T11:05:10
000489,PP_012,2023-10-17T11:10:25
004686,PP_016,2023-10-17T11:45:16
003114,PP_008,2023-10-17T11:51:01
000159,PP_004,2023-10-17T14:25:19
000067,PP_018,2023-10-17T14:40:41
002131,PP_001,2023-10-17T14:45:40
002679,PP_016,2023-10-17T16:05:55
003114,PP_014,2023-10-17T18:06:07
001715,PP_006,2023-10-17T18:16:04
001682,PP_015,2023-10-17T19:33:20
001519,PP_019,2023-10-17T22:03:33
001715,PP_016,2023-10-17T22:34:04
003784,PP_003,2023-10-18T08:03:47
002002,PP_010,2023-10-18T08:46:17
001199,PP_016,2023-10-18T09:10:49
004351,PP_015,2023-10-18T11:07:32
000184,PP_012,2023-10-18T13:32:49
001714,PP_020,2023-10-18T14:40:47
000164,PP_012,2023-10-18T14:44:45
000576,PP_011,2023-10-18T15:25:46
001234,PP_017,2023-10-18T15:43:00
003345,PP_003,2023-10-18T16:33:57
004902,PP_007,2023-10-18T16:56:42
003945,PP_010,2023-10-18T16:57:22
001199,PP_010,2023-10-18T17:33:41
001157,PP_002,2023-10-18T18:59:36
001157,PP_018,2023-10-18T22:26:16
003158,PP_011,2023-10-19T09:57:52
003207,PP_018,2023-10-19T10:25:37
004252,PP_004,2023-10-19T11:59:19
001698,PP_013,2023-10-19T16:06:39
001769,PP_016,2023-10-19T19:27:55
001978,PP_008,2023-10-19T19:56:08
000896,PP_003,2023-10-20T17:45:01
002583,PP_002,2023-10-20T18:39:27
003272,PP_001,2023-10-21T08:27:01
002963,PP_003,2023-10-21T09:00:11
001073,PP_008,2023-10-21T09:02:01
004058,PP_010,2023-10-21T09:58:34
001073,PP_005,2023-10-21T12:55:17
002886,PP_010,2023-10-21T16:39:21
002963,PP_007,2023-10-21T20:02:08
002860,PP_012,2023-10-21T21:15:38
004198,PP_001,2023-10-21T21:43:21
000370,PP_011,2023-10-22T09:17:08
001637,PP_012,2023-10-22T10:20:18
003695,PP_012,2023-10-22T10:41:10
002993,PP_015,2023-10-22T10:59:25
001215,PP_005,2023-10-22T11:52:40
000489,PP_016,2023-10-22T12:06:11
001761,PP_004,2023-10-22T12:45:25
002481,PP_008,2023-10-22T14:28:59
001215,PP_009,2023-10-22T14:51:27
001215,PP_008,2023-10-22T16:08:30
003114,PP_020,2023-10-22T16:19:56
004639,PP_015,2023-10-22T19:47:20
003965,PP_011,2023-10-23T08:22:20
004648,PP_014,2023-10-23T08:36:57
004971,PP_007,2023-10-23T08:57:07
001140,PP_017,2023-10-23T09:38:44
000025,PP_015,2023-10-23T11:37:50
003965,PP_002,2023-10-23T12:49:28
003965,PP_016,2023-10-23T13:32:32
004946,PP_005,2023-10-23T13:55:19
004064,PP_002,2023-10-23T14:01:58
002627,PP_015,2023-10-23T15:29:03
000406,PP_015,2023-10-23T16:09:27
000104,PP_008,2023-10-23T17:18:30
004834,PP_016,2023-10-23T18:40:31
001607,PP_013,2023-10-23T19:06:37
004058,PP_003,2023-10-23T19:10:17
000088,PP_001,2023-10-23T20:20:10
001804,PP_017,2023-10-23T21:05:51
003695,PP_013,2023-10-24T08:30:20
002794,PP_007,2023-10-24T09:20:13
001959,PP_020,2023-10-24T09:34:11
003942,PP_003,2023-10-24T12:16:38
001761,PP_005,2023-10-24T13:11:33
004934,PP_007,2023-10-24T13:31:03
004058,PP_019,2023-10-24T13:42:30
002225,PP_013,2023-10-24T14:36:54
000104,PP_020,2023-10-24T15:07:34
000604,PP_020,2023-10-24T16:07:17
002225,PP_015,2023-10-24T16:31:31
000604,PP_011,2023-10-24T16:41:06
000652,PP_018,2023-10-24T16:44:54
002264,PP_018,2023-10-24T17:05:00
000857,PP_015,2023-10-24T21:00:49
000532,PP_016,2023-10-25T08:55:23
002738,PP_020,2023-10-25T09:02:06
004228,PP_013,2023-10-25T09:27:54
001140,PP_008,2023-10-25T12:13:44
001137,PP_005,2023-10-25T12:19:16
002781,PP_009,2023-10-25T12:41:00
003114,PP_018,2023-10-25T12:53:29
004678,PP_001,2023-10-25T14:43:17
001149,PP_004,2023-10-25T15:58:41
002018,PP_006,2023-10-25T16:01:18
002154,PP_012,2023-10-25T16:13:30
000020,PP_019,2023-10-25T17:36:03
001564,PP_009,2023-10-25T18:18:49
000408,PP_016,2023-10-25T21:39:06
002781,PP_014,2023-10-25T22:17:19
003416,PP_013,2023-10-26T08:36:23
001682,PP_012,2023-10-26T11:22:49
004847,PP_012,2023-10-26T12:41:56
003416,PP_011,2023-10-26T12:56:28
004390,PP_004,2023-10-26T13:07:08
003722,PP_009,2023-10-26T13:16:45
003106,PP_013,2023-10-26T16:11:12
000560,PP_014,2023-10-26T16:19:30
003416,PP_007,2023-10-26T19:39:51
002358,PP_007,2023-10-26T20:27:49
003345,PP_016,2023-10-26T21:10:16
002627,PP_016,2023-10-26T21:43:40
000560,PP_012,2023-10-26T22:53:19
001637,PP_010,2023-10-27T10:21:46
003048,PP_020,2023-10-27T15:28:58
004501,PP_014,2023-10-27T19:49:45
002988,PP_020,2023-10-27T22:14:02
001073,PP_013,2023-10-27T22:21:33
001471,PP_018,2023-10-27T22:32:52
002988,PP_014,2023-10-27T22:38:59
004709,PP_003,2023-10-28T11:02:53
003052,PP_011,2023-10-28T11:05:03
003052,PP_013,2023-10-28T12:18:41
004709,PP_011,2023-10-28T13:13:31
002159,PP_007,2023-10-28T13:16:19
003052,PP_007,2023-10-28T15:03:41
003052,PP_010,2023-10-28T15:06:04
002886,PP_009,2023-10-28T17:28:33
001137,PP_009,2023-10-28T18:18:53
001033,PP_015,2023-10-28T19:11:52
003942,PP_015,2023-10-28T22:03:16
001877,PP_008,2023-10-29T08:21:46
004485,PP_006,2023-10-29T09:27:11
001729,PP_017,2023-10-29T10:09:01
001729,PP_019,2023-10-29T10:36:52
003965,PP_013,2023-10-29T11:48:49
002483,PP_011,2023-10-29T13:52:28
001729,PP_020,2023-10-29T14:07:53
004946,PP_017,2023-10-29T15:59:12
001564,PP_016,2023-10-29T16:26:51
000322,PP_013,2023-10-29T19:16:00
001360,PP_011,2023-10-29T19:46:03
003305,PP_011,2023-10-30T12:30:51
004276,PP_015,2023-10-30T13:44:26
004797,PP_015,2023-10-30T20:54:22
000469,PP_020,2023-10-30T21:19:16
004276,PP_002,2023-10-30T21:46:06
004276,PP_020,2023-10-30T22:26:44
002318,PP_011,2023-10-31T08:42:18
001057,PP_013,2023-10-31T11:06:16
003034,PP_020,2023-10-31T11:45:56
002999,PP_013,2023-10-31T12:49:06
002999,PP_011,2023-10-31T13:43:39
002813,PP_008,2023-10-31T13:52:48
002040,PP_011,2023-10-31T14:45:05
002264,PP_019,2023-10-31T18:24:07
001266,PP_016,2023-10-31T20:39:44
000159,PP_014,2023-11-01T08:05:05
003275,PP_016,2023-11-01T09:01:41
004947,PP_015,2023-11-01T09:16:06
004947,PP_009,2023-11-01T09:34:47
001392,PP_012,2023-11-01T09:41:25
003968,PP_009,2023-11-01T10:06:39
000907,PP_015,2023-11-01T13:23:17
002738,PP_015,2023-11-01T13:29:31
004465,PP_003,2023-11-01T15:29:14
001779,PP_016,2023-11-01T18:54:08
004071,PP_009,2023-11-02T10:32:01
004491,PP_001,2023-11-02T11:44:41
004415,PP_016,2023-11-02T12:06:34
004501,PP_003,2023-11-02T12:15:40
003240,PP_016,2023-11-02T12:26:59
002095,PP_018,2023-11-02T12:34:48
002258,PP_016,2023-11-02T13:49:36
004693,PP_017,2023-11-02T17:03:42
000070,PP_009,2023-11-02T19:32:44
003547,PP_017,2023-11-02T20:12:05
004678,PP_010,2023-11-03T09:23:51
000171,PP_015,2023-11-03T10:07:46
002988,PP_010,2023-11-03T12:12:24
003852,PP_003,2023-11-03T15:01:05
002706,PP_012,2023-11-03T16:00:39
003968,PP_004,2023-11-03T18:51:56
004485,PP_014,2023-11-04T09:22:48
004452,PP_013,2023-11-04T14:04:17
004735,PP_010,2023-11-04T14:34:46
001405,PP_013,2023-11-04T15:25:15
001093,PP_010,2023-11-04T16:06:34
000020,PP_018,2023-11-04T17:46:47
002886,PP_002,2023-11-04T19:42:48
003852,PP_007,2023-11-04T21:14:54
001493,PP_002,2023-11-04T22:37:34
004565,PP_014,2023-11-05T09:24:38
000615,PP_015,2023-11-05T11:53:35
004565,PP_008,2023-11-05T12:32:12
001820,PP_013,2023-11-05T14:10:27
001820,PP_003,2023-11-05T15:46:18
000159,PP_013,2023-11-05T15:54:33
001963,PP_008,2023-11-05T16:23:23
003646,PP_012,2023-11-05T20:27:35
002097,PP_016,2023-11-06T10:56:34
004947,PP_006,2023-11-06T15:25:15
000698,PP_012,2023-11-06T17:48:12
001284,PP_016,2023-11-06T18:57:45
001231,PP_009,2023-11-06T19:50:52
000459,PP_018,2023-11-06T22:35:28
002944,PP_013,2023-11-07T08:45:39
000587,PP_009,2023-11-07T08:47:01
004734,PP_015,2023-11-07T10:13:47
003441,PP_020,2023-11-07T10:32:50
000853,PP_001,2023-11-07T11:16:17
002999,PP_002,2023-11-07T13:43:49
003114,PP_011,2023-11-07T17:11:45
001448,PP_015,2023-11-07T18:23:27
001726,PP_012,2023-11-07T19:35:27
003419,PP_016,2023-11-07T20:31:08
000853,PP_005,2023-11-07T20:31:42
000340,PP_017,2023-11-07T20:42:45
002701,PP_013,2023-11-07T21:04:30
000568,PP_013,2023-11-07T21:29:39
000340,PP_003,2023-11-07T22:09:49
001533,PP_004,2023-11-07T22:59:25
003105,PP_013,2023-11-08T09:25:06
000458,PP_016,2023-11-08T12:58:17
002658,PP_015,2023-11-08T18:37:54
003419,PP_012,2023-11-08T18:39:32
000171,PP_013,2023-11-08T18:42:01
000568,PP_004,2023-11-08T18:58:02
004260,PP_016,2023-11-08T19:59:18
000615,PP_011,2023-11-09T08:07:40
002958,PP_009,2023-11-09T11:02:17
003946,PP_015,2023-11-09T11:58:27
004157,PP_015,2023-11-09T12:02:52
000362,PP_001,2023-11-09T13:47:51
001772,PP_008,2023-11-09T13:48:49
000568,PP_005,2023-11-09T13:50:18
001490,PP_004,2023-11-09T15:15:47
002864,PP_017,2023-11-09T17:20:36
001550,PP_008,2023-11-09T17:32:10
002230,PP_007,2023-11-09T17:45:14
003105,PP_004,2023-11-09T19:38:44
002864,PP_004,2023-11-09T19:56:47
004198,PP_017,2023-11-09T20:07:17
001470,PP_018,2023-11-09T21:13:33
004123,PP_012,2023-11-09T21:50:15
002467,PP_009,2023-11-09T22:19:34
001985,PP_008,2023-11-09T22:54:44
004924,PP_005,2023-11-10T09:32:26
003092,PP_008,2023-11-10T09:39:35
003051,PP_016,2023-11-10T10:11:22
002701,PP_016,2023-11-10T10:14:09
002977,PP_002,2023-11-10T10:28:23
002934,PP_001,2023-11-10T10:47:15
001490,PP_010,2023-11-10T11:52:44
003436,PP_017,2023-11-10T12:12:02
003092,PP_003,2023-11-10T13:34:32
004123,PP_003,2023-11-10T13:57:31
000049,PP_006,2023-11-10T14:17:22
004734,PP_012,2023-11-10T14:23:16
001533,PP_006,2023-11-10T14:54:06
003252,PP_010,2023-11-10T16:02:10
000049,PP_001,2023-11-10T16:03:08
003092,PP_020,2023-11-10T17:01:00
003262,PP_010,2023-11-10T17:32:21
000049,PP_017,2023-11-10T18:24:47
003092,PP_004,2023-11-10T20:37:07
003051,PP_020,2023-11-10T22:02:18
004720,PP_010,2023-11-10T22:16:53
001113,PP_010,2023-11-11T08:56:44
004990,PP_006,2023-11-11T09:27:17
000058,PP_012,2023-11-11T10:39:27
001113,PP_013,2023-11-11T11:47:41
004226,PP_013,2023-11-11T12:12:22
002182,PP_005,2023-11-11T12:58:11
001069,PP_003,2023-11-11T15:15:54
000104,PP_014,2023-11-11T16:18:15
001659,PP_009,2023-11-11T16:31:27
003094,PP_016,2023-11-11T18:10:05
001370,PP_015,2023-11-11T20:40:53
004990,PP_014,2023-11-11T21:00:48
001961,PP_012,2023-11-11T21:05:59
000377,PP_006,2023-11-11T21:36:11
001069,PP_007,2023-11-11T21:46:22
000728,PP_020,2023-11-11T22:22:50
000419,PP_009,2023-11-11T22:49:16
000350,PP_005,2023-11-12T08:57:02
000641,PP_010,2023-11-12T09:53:53
003556,PP_006,2023-11-12T10:07:03
004693,PP_019,2023-11-12T11:00:54
001190,PP_007,2023-11-12T11:09:57
002993,PP_012,2023-11-12T11:36:12
000641,PP_008,2023-11-12T11:49:14
003556,PP_002,2023-11-12T11:50:39
001190,PP_005,2023-11-12T13:51:27
004720,PP_011,2023-11-12T14:05:23
001474,PP_012,2023-11-12T18:14:38
000821,PP_006,2023-11-12T18:16:47
002980,PP_019,2023-11-12T19:54:56
001515,PP_008,2023-11-12T20:33:34
000821,PP_020,2023-11-12T20:54:39
002526,PP_012,2023-11-12T22:02:02
002173,PP_001,2023-11-13T08:58:48
003432,PP_009,2023-11-13T10:46:30
002977,PP_001,2023-11-13T10:52:20
001500,PP_016,2023-11-13T12:02:50
004872,PP_002,2023-11-13T12:07:28
001500,PP_019,2023-11-13T12:28:45
004720,PP_015,2023-11-13T13:31:07
001211,PP_002,2023-11-13T14:23:48
001211,PP_015,2023-11-13T15:26:02
002403,PP_008,2023-11-13T17:24:39
002670,PP_006,2023-11-13T22:40:31
002692,PP_001,2023-11-14T09:11:04
001057,PP_019,2023-11-14T09:51:51
001651,PP_001,2023-11-14T10:54:42
001012,PP_006,2023-11-14T11:22:03
002514,PP_018,2023-11-14T11:29:56
000842,PP_011,2023-11-14T11:39:38
002692,PP_016,2023-11-14T12:16:56
003928,PP_014,2023-11-14T12:27:41
004390,PP_015,2023-11-14T12:33:02
000040,PP_005,2023-11-14T14:36:30
002692,PP_006,2023-11-14T15:15:19
000821,PP_004,2023-11-14T15:58:44
003795,PP_005,2023-11-14T16:16:45
002797,PP_016,2023-11-14T16:23:31
003696,PP_012,2023-11-14T17:10:16
002944,PP_012,2023-11-14T19:21:43
000904,PP_012,2023-11-14T20:07:48
002836,PP_013,2023-11-14T22:22:27
003795,PP_011,2023-11-14T22:35:02
004528,PP_015,2023-11-15T08:46:33
004528,PP_011,2023-11-15T10:43:24
000821,PP_003,2023-11-15T16:26:05
001693,PP_004,2023-11-15T18:04:59
003666,PP_013,2023-11-15T18:24:27
003779,PP_016,2023-11-15T20:24:00
003094,PP_002,2023-11-15T21:14:15
000997,PP_013,2023-11-16T08:37:26
004727,PP_017,2023-11-16T09:50:54
003749,PP_019,2023-11-16T10:00:09
002600,PP_014,2023-11-16T11:04:07
002587,PP_015,2023-11-16T12:33:55
004500,PP_011,2023-11-16T12:50:43
000904,PP_006,2023-11-16T14:16:50
000997,PP_018,2023-11-16T14:39:52
001659,PP_013,2023-11-16T15:07:39
004452,PP_016,2023-11-16T15:44:14
002864,PP_002,2023-11-16T15:44:17
000997,PP_007,2023-11-16T15:59:13
000997,PP_004,2023-11-16T17:39:29
003862,PP_005,2023-11-16T19:40:16
003781,PP_011,2023-11-16T21:17:29
003657,PP_004,2023-11-16T21:17:38
004221,PP_015,2023-11-16T21:51:51
002600,PP_018,2023-11-16T22:46:53
001793,PP_008,2023-11-17T09:06:47
003900,PP_016,2023-11-17T13:10:47
000377,PP_015,2023-11-17T15:42:03
004751,PP_020,2023-11-17T15:46:40
001592,PP_016,2023-11-17T17:53:31
001693,PP_018,2023-11-17T18:46:43
002969,PP_003,2023-11-17T19:35:17
003642,PP_006,2023-11-18T09:45:50
004266,PP_014,2023-11-18T14:49:41
003928,PP_020,2023-11-18T15:34:21
003556,PP_005,2023-11-18T17:06:46
002644,PP_007,2023-11-18T17:17:44
001469,PP_016,2023-11-18T17:58:38
002514,PP_010,2023-11-18T19:12:34
000058,PP_006,2023-11-18T21:03:14
001898,PP_008,2023-11-19T10:41:42
002397,PP_013,2023-11-19T11:01:21
000070,PP_003,2023-11-19T13:39:15
003394,PP_015,2023-11-19T13:56:53
000701,PP_012,2023-11-19T14:26:09
004500,PP_005,2023-11-19T16:57:21
002397,PP_014,2023-11-19T19:06:15
003132,PP_003,2023-11-19T20:24:16
000313,PP_012,2023-11-19T22:02:00
003400,PP_004,2023-11-20T08:58:15
002066,PP_012,2023-11-20T09:33:22
002066,PP_010,2023-11-20T10:35:34
002283,PP_015,2023-11-20T11:46:06
003106,PP_016,2023-11-20T13:02:26
004946,PP_003,2023-11-20T14:36:05
002566,PP_014,2023-11-20T14:51:13
002539,PP_015,2023-11-20T17:11:13
003347,PP_009,2023-11-20T18:29:37
004380,PP_013,2023-11-21T08:11:01
003118,PP_005,2023-11-21T09:45:42
003941,PP_013,2023-11-21T09:54:17
003262,PP_008,2023-11-21T10:41:23
003432,PP_012,2023-11-21T11:14:11
000509,PP_005,2023-11-21T11:29:40
004303,PP_008,2023-11-21T11:46:28
004303,PP_016,2023-11-21T12:20:32
002763,PP_016,2023-11-21T12:43:52
000681,PP_003,2023-11-21T13:24:55
002251,PP_011,2023-11-21T14:43:57
004163,PP_019,2023-11-21T16:24:19
003941,PP_016,2023-11-21T19:05:50
004303,PP_003,2023-11-21T20:27:58
000509,PP_001,2023-11-21T21:18:15
000681,PP_020,2023-11-21T21:53:47
004163,PP_001,2023-11-21T21:55:08
003394,PP_019,2023-11-21T22:12:38
004163,PP_014,2023-11-21T22:34:32
003606,PP_005,2023-11-22T08:27:16
000173,PP_015,2023-11-22T10:08:56
002982,PP_016,2023-11-22T11:39:58
000173,PP_013,2023-11-22T14:42:49
001184,PP_020,2023-11-22T19:15:24
000516,PP_013,2023-11-22T19:23:15
000173,PP_005,2023-11-22T20:42:43
002995,PP_012,2023-11-22T21:17:07
004865,PP_015,2023-11-23T09:10:15
000560,PP_019,2023-11-23T10:04:24
001853,PP_010,2023-11-23T10:16:48
003094,PP_018,2023-11-23T11:27:51
003781,PP_013,2023-11-23T14:35:31
001483,PP_018,2023-11-23T16:17:03
002763,PP_013,2023-11-23T19:44:16
001716,PP_012,2023-11-23T20:17:05
000258,PP_008,2023-11-23T22:48:34
002212,PP_003,2023-11-24T09:01:25
001479,PP_015,2023-11-24T09:38:08
003050,PP_016,2023-11-24T10:44:20
001948,PP_009,2023-11-24T11:02:37
000056,PP_005,2023-11-24T12:54:40
000690,PP_015,2023-11-24T13:02:04
002874,PP_007,2023-11-24T14:00:20
001948,PP_007,2023-11-24T17:07:29
001109,PP_015,2023-11-24T17:13:12
001184,PP_018,2023-11-24T18:10:05
000056,PP_009,2023-11-24T18:42:11
000258,PP_015,2023-11-24T18:49:59
001109,PP_012,2023-11-24T21:32:17
002874,PP_015,2023-11-24T22:32:18
003195,PP_016,2023-11-25T08:22:37
001340,PP_020,2023-11-25T08:46:42
003334,PP_008,2023-11-25T10:15:46
000173,PP_002,2023-11-25T11:52:34
003196,PP_014,2023-11-25T12:42:50
002763,PP_012,2023-11-25T12:44:02
003196,PP_001,2023-11-25T18:46:30
001440,PP_016,2023-11-25T19:54:09
001855,PP_013,2023-11-26T09:27:02
000838,PP_008,2023-11-26T09:45:26
004577,PP_016,2023-11-26T10:21:16
000717,PP_003,2023-11-26T12:19:27
000409,PP_001,2023-11-26T16:07:47
000398,PP_013,2023-11-26T22:03:43
004987,PP_006,2023-11-26T22:26:55
002297,PP_011,2023-11-27T08:49:27
000079,PP_015,2023-11-27T12:25:48
002031,PP_020,2023-11-27T14:54:59
001069,PP_017,2023-11-27T17:40:00
001256,PP_010,2023-11-27T20:52:25
000258,PP_009,2023-11-27T21:30:59
002451,PP_013,2023-11-27T21:44:18
003815,PP_009,2023-11-28T09:35:52
002982,PP_014,2023-11-28T12:26:57
002623,PP_001,2023-11-28T14:22:40
000079,PP_001,2023-11-28T14:26:25
003541,PP_006,2023-11-28T16:58:27
003334,PP_016,2023-11-28T19:23:43
004577,PP_013,2023-11-28T21:05:11
004565,PP_002,2023-11-29T08:33:52
001483,PP_009,2023-11-29T09:36:21
001789,PP_012,2023-11-29T12:07:06
001200,PP_007,2023-11-29T12:11:08
002266,PP_019,2023-11-29T12:57:33
001501,PP_018,2023-11-29T15:39:00
002266,PP_017,2023-11-29T16:28:16
001157,PP_014,2023-11-29T18:01:53
001612,PP_003,2023-11-29T18:20:27
002553,PP_015,2023-11-29T19:49:36
001501,PP_004,2023-11-29T19:51:57
000398,PP_015,2023-11-29T21:53:11
001480,PP_011,2023-11-30T08:53:26
004176,PP_015,2023-11-30T09:21:05
003252,PP_012,2023-11-30T09:44:47
002548,PP_017,2023-11-30T09:47:11
001480,PP_016,2023-11-30T12:23:31
003339,PP_013,2023-11-30T12:53:13
000435,PP_015,2023-11-30T13:27:54
001480,PP_018,2023-11-30T13:36:17
000258,PP_020,2023-11-30T14:25:27
001789,PP_019,2023-11-30T14:35:01
002066,PP_015,2023-11-30T15:18:55
000932,PP_013,2023-11-30T16:17:58
001341,PP_020,2023-11-30T18:34:06
000634,PP_009,2023-11-30T18:56:21
003303,PP_012,2023-11-30T20:23:50
002142,PP_008,2023-12-01T08:45:47
000870,PP_011,2023-12-01T11:55:44
002835,PP_014,2023-12-01T13:12:52
001080,PP_020,2023-12-01T13:19:49
002142,PP_005,2023-12-01T13:46:52
000885,PP_008,2023-12-01T14:24:08
000016,PP_013,2023-12-01T17:15:00
001677,PP_018,2023-12-01T17:20:26
001677,PP_007,2023-12-01T19:22:53
003999,PP_001,2023-12-01T19:49:24
000870,PP_009,2023-12-01T20:38:40
000022,PP_017,2023-12-02T10:15:21
001697,PP_005,2023-12-02T10:33:09
001961,PP_003,2023-12-02T12:15:34
004290,PP_020,2023-12-02T12:30:03
001697,PP_017,2023-12-02T13:00:21
001697,PP_013,2023-12-02T16:32:17
003957,PP_013,2023-12-02T16:55:09
002548,PP_008,2023-12-02T17:45:21
002980,PP_018,2023-12-03T10:57:03
002607,PP_016,2023-12-03T11:25:22
002827,PP_007,2023-12-03T15:43:20
001480,PP_010,2023-12-03T16:28:00
000190,PP_002,2023-12-03T16:31:00
001375,PP_005,2023-12-03T18:49:23
000016,PP_016,2023-12-03T20:09:18
001677,PP_016,2023-12-03T20:18:36
002827,PP_008,2023-12-03T20:19:47
001693,PP_002,2023-12-03T20:31:21
004797,PP_014,2023-12-03T20:58:07
000836,PP_015,2023-12-03T22:49:26
003376,PP_014,2023-12-04T08:26:58
000509,PP_019,2023-12-04T10:31:03
000022,PP_010,2023-12-04T10:40:50
000981,PP_017,2023-12-04T11:53:54
003465,PP_005,2023-12-04T12:46:47
002624,PP_007,2023-12-04T13:06:43
003376,PP_008,2023-12-04T15:50:30
004496,PP_017,2023-12-04T19:08:51
002451,PP_015,2023-12-04T19:39:48
000648,PP_012,2023-12-04T19:52:28
000981,PP_012,2023-12-04T20:41:03
000648,PP_006,2023-12-04T21:09:13
004043,PP_012,2023-12-04T22:41:06
004496,PP_008,2023-12-04T22:44:39
000568,PP_017,2023-12-05T09:00:04
003620,PP_005,2023-12-05T09:10:21
002376,PP_004,2023-12-05T13:44:15
003438,PP_013,2023-12-05T14:09:10
000336,PP_001,2023-12-05T14:30:37
001221,PP_016,2023-12-05T15:11:16
001375,PP_004,2023-12-05T15:28:45
001265,PP_005,2023-12-05T16:35:58
000336,PP_010,2023-12-05T18:19:02
001294,PP_019,2023-12-05T18:32:19
003599,PP_005,2023-12-05T20:21:30
003779,PP_013,2023-12-05T20:21:32
001200,PP_020,2023-12-05T20:29:57
002982,PP_015,2023-12-05T20:47:55
000336,PP_015,2023-12-05T21:28:09
000514,PP_015,2023-12-06T09:32:52
000514,PP_018,2023-12-06T10:23:22
003471,PP_020,2023-12-06T10:38:58
001925,PP_011,2023-12-06T14:30:25
003957,PP_003,2023-12-06T14:45:27
001274,PP_010,2023-12-06T14:53:02
004128,PP_013,2023-12-06T17:04:53
001643,PP_013,2023-12-06T17:09:48
001938,PP_003,2023-12-06T17:22:27
004058,PP_017,2023-12-06T18:55:35
003280,PP_008,2023-12-06T19:11:21
001913,PP_020,2023-12-06T19:14:29
003819,PP_004,2023-12-06T19:20:02
001643,PP_015,2023-12-06T22:05:55
001995,PP_011,2023-12-07T08:22:53
000022,PP_009,2023-12-07T11:48:25
000540,PP_001,2023-12-07T12:04:47
001432,PP_001,2023-12-07T15:34:13
004625,PP_007,2023-12-07T18:18:33
004663,PP_017,2023-12-07T18:19:12
002079,PP_013,2023-12-07T18:56:21
000540,PP_014,2023-12-07T20:33:19
003592,PP_003,2023-12-07T22:34:58
002492,PP_008,2023-12-08T09:47:30
004361,PP_011,2023-12-08T11:45:30
001659,PP_014,2023-12-08T12:19:39
004790,PP_010,2023-12-08T13:47:34
000284,PP_015,2023-12-08T14:06:52
004505,PP_007,2023-12-08T16:34:00
000056,PP_013,2023-12-08T19:05:22
002063,PP_007,2023-12-08T19:14:19
004790,PP_020,2023-12-08T20:09:22
000308,PP_012,2023-12-08T21:17:44
002063,PP_015,2023-12-08T21:41:56
003644,PP_005,2023-12-08T22:24:26
002731,PP_012,2023-12-09T08:53:38
003147,PP_019,2023-12-09T09:58:12
000308,PP_008,2023-12-09T12:23:19
001204,PP_011,2023-12-09T14:19:38
000701,PP_004,2023-12-09T19:43:11
003334,PP_007,2023-12-09T19:46:50
002051,PP_008,2023-12-09T22:03:42
002044,PP_009,2023-12-10T08:19:46
002376,PP_017,2023-12-10T09:01:56
002376,PP_006,2023-12-10T13:24:34
004389,PP_003,2023-12-10T15:33:27
002772,PP_019,2023-12-10T19:14:00
003715,PP_020,2023-12-10T19:47:44
001432,PP_019,2023-12-10T20:22:15
004933,PP_016,2023-12-10T20:28:12
004634,PP_014,2023-12-10T22:17:17
003599,PP_017,2023-12-10T22:34:59
004258,PP_007,2023-12-10T22:57:31
003758,PP_014,2023-12-11T08:34:45
000327,PP_003,2023-12-11T11:25:06
003758,PP_002,2023-12-11T11:26:22
003485,PP_015,2023-12-11T11:41:58
003394,PP_003,2023-12-11T12:40:07
000540,PP_008,2023-12-11T15:47:13
004680,PP_016,2023-12-11T15:57:43
003683,PP_007,2023-12-11T17:34:43
001631,PP_003,2023-12-11T18:11:18
004159,PP_006,2023-12-11T18:20:45
001739,PP_013,2023-12-11T19:05:23
004580,PP_014,2023-12-11T20:00:57
002365,PP_004,2023-12-11T21:52:20
000580,PP_013,2023-12-11T22:13:45
002365,PP_012,2023-12-12T08:17:20
002772,PP_001,2023-12-12T09:15:03
001970,PP_007,2023-12-12T10:28:25
000807,PP_013,2023-12-12T11:34:30
003683,PP_008,2023-12-12T12:26:50
001739,PP_012,2023-12-12T13:18:58
002161,PP_020,2023-12-12T19:52:01
003541,PP_015,2023-12-12T21:04:57
001586,PP_015,2023-12-12T21:39:18
004919,PP_016,2023-12-12T22:15:57
002095,PP_014,2023-12-13T10:14:21
003715,PP_009,2023-12-13T10:25:06
001469,PP_015,2023-12-13T10:25:43
003620,PP_001,2023-12-13T14:49:45
003851,PP_016,2023-12-13T18:49:36
001938,PP_020,2023-12-13T19:44:32
003959,PP_012,2023-12-13T20:32:48
004500,PP_013,2023-12-14T14:58:45
002063,PP_004,2023-12-14T19:32:19
004741,PP_007,2023-12-14T22:31:44
002506,PP_015,2023-12-14T22:34:12
003195,PP_013,2023-12-15T08:46:57
004349,PP_019,2023-12-15T10:52:22
001648,PP_012,2023-12-15T12:51:41
001703,PP_007,2023-12-15T14:55:47
001200,PP_001,2023-12-15T15:37:52
002044,PP_008,2023-12-15T17:00:37
001501,PP_015,2023-12-15T17:47:18
004493,PP_011,2023-12-15T20:58:51
001648,PP_014,2023-12-15T21:10:52
003715,PP_011,2023-12-15T21:27:32
001840,PP_013,2023-12-16T08:46:45
000077,PP_008,2023-12-16T08:59:46
001840,PP_011,2023-12-16T09:02:32
002726,PP_008,2023-12-16T10:05:42
000056,PP_002,2023-12-16T12:29:25
003884,PP_014,2023-12-16T15:16:41
000077,PP_020,2023-12-16T16:34:16
003884,PP_009,2023-12-16T18:37:20
000580,PP_006,2023-12-16T18:38:39
001840,PP_018,2023-12-16T18:53:35
004596,PP_005,2023-12-16T19:11:31
003093,PP_017,2023-12-16T21:55:16
003851,PP_013,2023-12-17T08:38:39
002704,PP_013,2023-12-17T09:13:52
001092,PP_014,2023-12-17T10:48:04
002168,PP_001,2023-12-17T12:55:24
002772,PP_008,2023-12-17T16:27:43
002565,PP_004,2023-12-17T17:08:53
001488,PP_005,2023-12-17T19:08:45
004107,PP_015,2023-12-17T19:45:07
001092,PP_003,2023-12-17T19:53:55
001488,PP_006,2023-12-17T21:50:44
004294,PP_015,2023-12-17T21:59:35
004321,PP_002,2023-12-18T09:29:02
000580,PP_017,2023-12-18T09:47:26
000077,PP_002,2023-12-18T10:05:10
004194,PP_003,2023-12-18T10:45:30
002754,PP_017,2023-12-18T11:28:42
002071,PP_012,2023-12-18T14:40:50
004532,PP_009,2023-12-18T19:32:05
004857,PP_013,2023-12-18T20:50:09
002959,PP_020,2023-12-19T10:04:23
003396,PP_003,2023-12-19T11:29:33
000681,PP_019,2023-12-19T13:19:22
002739,PP_014,2023-12-19T13:29:08
000635,PP_011,2023-12-19T13:42:28
000547,PP_007,2023-12-19T15:14:50
004663,PP_015,2023-12-19T15:19:05
002565,PP_019,2023-12-19T16:43:39
002084,PP_015,2023-12-19T18:50:17
003014,PP_015,2023-12-19T19:26:04
003133,PP_013,2023-12-19T20:15:11
000810,PP_011,2023-12-19T21:01:49
003396,PP_018,2023-12-20T08:56:48
000811,PP_013,2023-12-20T10:12:27
003478,PP_016,2023-12-20T10:36:50
000586,PP_014,2023-12-20T11:03:54
000810,PP_013,2023-12-20T11:13:02
002663,PP_011,2023-12-20T11:36:03
000252,PP_015,2023-12-20T14:06:19
004213,PP_009,2023-12-20T14:23:51
004741,PP_010,2023-12-20T14:50:34
000157,PP_003,2023-12-20T14:59:31
003710,PP_002,2023-12-20T15:19:49
002578,PP_002,2023-12-20T15:50:31
001063,PP_020,2023-12-20T17:01:47
003014,PP_006,2023-12-20T18:14:09
004252,PP_003,2023-12-20T19:52:41
000935,PP_010,2023-12-20T22:32:46
001939,PP_010,2023-12-21T08:14:49
002855,PP_011,2023-12-21T09:58:49
004663,PP_011,2023-12-21T10:39:18
003234,PP_016,2023-12-21T14:24:07
003575,PP_005,2023-12-21T16:41:54
004537,PP_013,2023-12-21T18:39:19
004225,PP_019,2023-12-21T20:55:50
000419,PP_016,2023-12-21T20:57:41
002533,PP_016,2023-12-21T21:50:35
003507,PP_011,2023-12-21T21:58:51
001939,PP_005,2023-12-21T22:33:23
001648,PP_015,2023-12-21T22:38:02
002553,PP_017,2023-12-22T08:49:07
002685,PP_003,2023-12-22T10:04:22
000650,PP_010,2023-12-22T10:53:40
001821,PP_001,2023-12-22T11:03:44
004759,PP_009,2023-12-22T11:30:53
000409,PP_008,2023-12-22T11:37:21
000884,PP_004,2023-12-22T12:40:08
000650,PP_012,2023-12-22T14:27:09
000586,PP_008,2023-12-22T15:55:27
001821,PP_004,2023-12-22T16:14:42
003706,PP_012,2023-12-22T16:15:43
004767,PP_012,2023-12-22T19:53:51
000884,PP_011,2023-12-22T19:59:27
004912,PP_018,2023-12-22T20:00:23
000157,PP_013,2023-12-22T21:06:35
001821,PP_010,2023-12-22T21:10:23
004532,PP_020,2023-12-23T09:09:28
002557,PP_004,2023-12-23T12:31:02
004321,PP_015,2023-12-23T13:28:14
002700,PP_013,2023-12-23T19:53:43
000935,PP_001,2023-12-23T22:23:34
001855,PP_011,2023-12-24T08:01:35
002835,PP_017,2023-12-24T10:16:44
001429,PP_011,2023-12-24T14:38:50
000188,PP_009,2023-12-24T16:33:51
001611,PP_018,2023-12-24T16:50:03
003093,PP_020,2023-12-24T17:13:22
000335,PP_015,2023-12-24T19:52:34
000649,PP_010,2023-12-24T20:21:14
001429,PP_013,2023-12-24T21:46:53
004835,PP_016,2023-12-25T08:42:16
004289,PP_005,2023-12-25T17:13:13
000811,PP_012,2023-12-25T18:12:03
003008,PP_019,2023-12-25T18:22:52
003008,PP_003,2023-12-25T19:22:41
003739,PP_008,2023-12-26T09:29:57
004289,PP_018,2023-12-26T11:25:28
000649,PP_013,2023-12-26T12:41:40
001611,PP_003,2023-12-26T13:23:38
003711,PP_010,2023-12-26T13:42:35
004194,PP_005,2023-12-26T14:34:38
002959,PP_003,2023-12-26T15:55:32
000649,PP_012,2023-12-26T17:26:12
004291,PP_003,2023-12-26T18:02:14
003711,PP_020,2023-12-26T21:43:43
000793,PP_006,2023-12-27T08:57:39
004291,PP_017,2023-12-27T09:22:08
000578,PP_012,2023-12-27T10:00:08
002557,PP_020,2023-12-27T13:50:17
004127,PP_013,2023-12-27T14:48:06
002466,PP_013,2023-12-27T15:43:22
001501,PP_003,2023-12-27T19:00:06
001632,PP_012,2023-12-27T20:10:18
000578,PP_015,2023-12-27T21:49:05
002917,PP_013,2023-12-27T21:49:06
002374,PP_003,2023-12-27T22:30:09
002276,PP_011,2023-12-28T09:33:35
002276,PP_003,2023-12-28T12:22:53
004419,PP_011,2023-12-28T16:18:43
001313,PP_019,2023-12-28T17:19:06
001313,PP_010,2023-12-28T17:19:27
002203,PP_019,2023-12-28T19:00:04
004195,PP_009,2023-12-28T19:00:55
002079,PP_012,2023-12-28T19:35:42
004195,PP_002,2023-12-28T20:35:38
000022,PP_020,2023-12-28T20:37:21
003715,PP_006,2023-12-28T20:44:03
004195,PP_017,2023-12-28T20:45:02
002276,PP_019,2023-12-28T20:46:25
002565,PP_012,2023-12-28T21:49:32
004369,PP_013,2023-12-28T22:38:41
001171,PP_005,2023-12-28T22:42:09
004024,PP_011,2023-12-29T08:05:20
000578,PP_016,2023-12-29T09:42:11
001900,PP_004,2023-12-29T10:43:12
004127,PP_016,2023-12-29T11:00:13
000152,PP_012,2023-12-29T12:03:13
001080,PP_012,2023-12-29T15:48:13
002466,PP_012,2023-12-29T17:33:19
000837,PP_015,2023-12-29T18:19:31
004835,PP_012,2023-12-29T18:27:12
003801,PP_002,2023-12-29T19:45:13
002113,PP_010,2023-12-29T21:52:48
004561,PP_013,2023-12-29T22:22:37
002095,PP_004,2023-12-29T22:45:21
000516,PP_012,2023-12-30T08:49:58
003471,PP_006,2023-12-30T08:58:38
002990,PP_011,2023-12-30T09:03:20
000307,PP_015,2023-12-30T12:58:57
004388,PP_011,2023-12-30T15:32:45
002460,PP_010,2023-12-30T19:21:22
001643,PP_003,2023-12-30T20:08:19
004337,PP_003,2023-12-31T08:48:30
002170,PP_007,2023-12-31T09:35:58
003879,PP_011,2023-12-31T09:38:58
002730,PP_019,2023-12-31T10:41:17
003902,PP_008,2023-12-31T10:46:20
002170,PP_017,2023-12-31T11:04:20
000697,PP_005,2023-12-31T14:45:45
004787,PP_012,2023-12-31T15:27:56
001432,PP_020,2023-12-31T15:45:32
000307,PP_010,2023-12-31T16:01:39
002730,PP_015,2023-12-31T17:56:39
002730,PP_020,2023-12-31T19:09:00
000697,PP_019,2023-12-31T19:58:53
004787,PP_015,2023-12-31T20:18:07
004624,PP_014,2024-01-01T08:23:57
004098,PP_002,2024-01-01T09:29:30
001457,PP_011,2024-01-01T11:00:56
004407,PP_013,2024-01-01T11:18:13
003259,PP_009,2024-01-01T12:02:48
002365,PP_003,2024-01-01T12:24:04
004974,PP_013,2024-01-01T12:24:11
001518,PP_007,2024-01-01T12:59:05
003902,PP_011,2024-01-01T13:31:18
001313,PP_006,2024-01-01T17:57:15
003119,PP_001,2024-01-01T18:03:10
003958,PP_018,2024-01-01T18:55:26
000568,PP_012,2024-01-01T19:21:24
002969,PP_017,2024-01-01T20:04:14
003259,PP_006,2024-01-01T21:12:04
003259,PP_005,2024-01-01T22:50:32
003594,PP_007,2024-01-01T22:52:19
003377,PP_019,2024-01-02T11:06:16
002977,PP_009,2024-01-02T15:57:11
001080,PP_008,2024-01-02T17:01:38
004294,PP_018,2024-01-02T18:11:08
003902,PP_018,2024-01-02T18:11:25
002917,PP_008,2024-01-02T18:50:33
003377,PP_008,2024-01-02T19:26:21
003377,PP_015,2024-01-02T19:30:29
004767,PP_017,2024-01-02T19:53:40
002570,PP_012,2024-01-02T20:20:10
003758,PP_006,2024-01-02T21:51:43
000700,PP_005,2024-01-03T14:13:46
002475,PP_009,2024-01-03T15:12:23
002547,PP_001,2024-01-03T15:13:29
002622,PP_005,2024-01-03T16:38:48
002170,PP_003,2024-01-03T18:56:04
002475,PP_001,2024-01-03T20:45:32
000425,PP_013,2024-01-03T22:18:42
003819,PP_015,2024-01-04T09:59:12
004335,PP_011,2024-01-04T10:33:10
004900,PP_002,2024-01-04T11:37:23
001600,PP_002,2024-01-04T12:36:43
004159,PP_007,2024-01-04T14:32:55
004900,PP_004,2024-01-04T15:12:59
001477,PP_012,2024-01-04T18:25:01
001171,PP_018,2024-01-04T18:32:05
000152,PP_015,2024-01-04T18:51:29
001944,PP_005,2024-01-04T20:26:56
004335,PP_016,2024-01-04T22:31:20
004335,PP_017,2024-01-04T22:31:31
001255,PP_016,2024-01-05T09:52:20
003577,PP_011,2024-01-05T10:09:55
003348,PP_008,2024-01-05T10:27:19
003958,PP_020,2024-01-05T11:05:42
003348,PP_004,2024-01-05T11:49:14
003879,PP_002,2024-01-05T12:07:48
004313,PP_015,2024-01-05T14:00:24
001156,PP_017,2024-01-05T14:53:32
001156,PP_005,2024-01-05T15:27:59
001897,PP_018,2024-01-05T15:45:23
002723,PP_007,2024-01-05T16:33:29
001897,PP_020,2024-01-05T18:37:06
002132,PP_016,2024-01-05T19:40:53
000918,PP_020,2024-01-05T21:01:07
002132,PP_008,2024-01-05T22:55:59
002132,PP_019,2024-01-05T22:56:48
003203,PP_014,2024-01-06T09:19:51
002374,PP_002,2024-01-06T09:52:59
000176,PP_017,2024-01-06T10:36:57
000307,PP_008,2024-01-06T13:59:30
001897,PP_002,2024-01-06T14:10:27
001198,PP_012,2024-01-06T15:10:27
003165,PP_013,2024-01-06T15:40:14
004146,PP_008,2024-01-06T15:42:28
004553,PP_020,2024-01-06T15:54:15
000176,PP_007,2024-01-06T17:04:44
004002,PP_016,2024-01-06T17:48:58
001246,PP_007,2024-01-06T18:34:50
004146,PP_014,2024-01-06T19:07:20
001457,PP_010,2024-01-06T19:30:14
003711,PP_014,2024-01-06T19:57:44
003559,PP_014,2024-01-06T20:54:28
001198,PP_013,2024-01-06T21:03:10
002750,PP_010,2024-01-07T08:26:31
002723,PP_011,2024-01-07T11:07:03
000935,PP_008,2024-01-07T11:44:29
003559,PP_011,2024-01-07T11:48:07
000157,PP_011,2024-01-07T11:55:06
002750,PP_007,2024-01-07T13:05:05
003259,PP_020,2024-01-07T13:08:30
000460,PP_012,2024-01-07T14:29:25
004170,PP_009,2024-01-07T15:28:25
004490,PP_008,2024-01-07T15:59:20
000425,PP_011,2024-01-07T16:51:29
000460,PP_011,2024-01-07T17:18:12
004041,PP_015,2024-01-07T17:34:59
000663,PP_008,2024-01-07T18:27:21
004490,PP_009,2024-01-07T19:42:34
000962,PP_011,2024-01-07T22:56:10
000460,PP_015,2024-01-07T22:56:36
000591,PP_015,2024-01-08T08:39:49
001381,PP_013,2024-01-08T15:23:17
002718,PP_015,2024-01-08T15:40:33
004333,PP_003,2024-01-08T16:15:01
000817,PP_009,2024-01-08T16:53:55
004333,PP_005,2024-01-08T16:59:01
000663,PP_004,2024-01-08T17:49:30
004210,PP_004,2024-01-08T19:38:55
001092,PP_011,2024-01-08T22:01:37
002723,PP_012,2024-01-08T22:28:08
000176,PP_018,2024-01-09T08:29:35
000635,PP_012,2024-01-09T08:30:28
003004,PP_011,2024-01-09T09:04:39
000176,PP_003,2024-01-09T09:13:09
004490,PP_010,2024-01-09T09:17:26
004900,PP_009,2024-01-09T09:44:12
002851,PP_010,2024-01-09T09:54:33
004258,PP_001,2024-01-09T12:28:57
000512,PP_011,2024-01-09T13:23:14
002430,PP_007,2024-01-09T13:29:41
002842,PP_003,2024-01-09T14:02:30
004087,PP_004,2024-01-09T14:38:00
003268,PP_015,2024-01-09T15:21:01
000163,PP_012,2024-01-09T17:05:32
004876,PP_006,2024-01-09T18:26:14
003268,PP_016,2024-01-09T21:09:39
001156,PP_003,2024-01-10T08:22:40
000311,PP_011,2024-01-10T14:21:03
000918,PP_005,2024-01-10T14:29:09
001491,PP_012,2024-01-10T15:09:36
003007,PP_017,2024-01-10T18:11:14
003203,PP_006,2024-01-10T18:17:36
003007,PP_014,2024-01-10T19:36:23
003007,PP_004,2024-01-10T20:04:16
001150,PP_009,2024-01-10T21:23:34
002127,PP_016,2024-01-10T22:59:13
004551,PP_012,2024-01-11T10:07:05
004265,PP_020,2024-01-11T10:54:05
000540,PP_005,2024-01-11T11:04:02
003920,PP_016,2024-01-11T13:47:17
004553,PP_012,2024-01-11T14:42:58
003007,PP_005,2024-01-11T14:43:25
000432,PP_016,2024-01-11T14:58:53
003406,PP_013,2024-01-11T15:10:56
004265,PP_009,2024-01-11T15:19:39
003473,PP_003,2024-01-11T15:25:00
001255,PP_015,2024-01-11T15:55:49
002885,PP_008,2024-01-11T16:27:57
001652,PP_002,2024-01-11T18:49:39
000432,PP_012,2024-01-11T19:05:32
004265,PP_014,2024-01-11T19:23:40
004333,PP_017,2024-01-11T19:29:31
003149,PP_003,2024-01-11T21:08:56
001621,PP_012,2024-01-12T10:15:44
004179,PP_016,2024-01-12T11:35:46
003512,PP_012,2024-01-12T13:52:23
000951,PP_009,2024-01-12T15:35:04
004765,PP_019,2024-01-12T15:36:49
004179,PP_008,2024-01-12T18:54:33
000501,PP_013,2024-01-13T08:04:04
001264,PP_011,2024-01-13T09:50:36
000559,PP_002,2024-01-13T10:39:05
002577,PP_009,2024-01-13T10:49:14
004951,PP_017,2024-01-13T10:50:11
003605,PP_012,2024-01-13T11:03:03
004294,PP_012,2024-01-13T12:13:54
000095,PP_017,2024-01-13T13:48:46
002592,PP_012,2024-01-13T15:03:48
001701,PP_013,2024-01-13T18:16:12
003605,PP_014,2024-01-13T19:09:12
000163,PP_008,2024-01-13T19:36:13
004624,PP_009,2024-01-13T19:48:24
000559,PP_016,2024-01-13T21:09:59
003628,PP_013,2024-01-13T21:45:44
000559,PP_008,2024-01-13T22:54:32
000761,PP_014,2024-01-14T09:51:17
001150,PP_008,2024-01-14T12:01:59
000959,PP_011,2024-01-14T14:40:47
003206,PP_009,2024-01-14T16:22:23
001150,PP_003,2024-01-14T17:40:47
003766,PP_009,2024-01-14T18:39:01
004333,PP_018,2024-01-14T18:42:35
000980,PP_013,2024-01-14T21:11:10
002417,PP_012,2024-01-15T08:37:56
004701,PP_003,2024-01-15T09:54:54
004701,PP_004,2024-01-15T12:10:06
000095,PP_018,2024-01-15T13:55:16
000090,PP_008,2024-01-15T15:02:33
000610,PP_014,2024-01-15T15:49:10
003559,PP_005,2024-01-15T16:40:44
000650,PP_007,2024-01-15T17:39:28
001150,PP_005,2024-01-15T19:15:53
000090,PP_019,2024-01-15T19:55:23
001701,PP_010,2024-01-16T09:29:55
001886,PP_006,2024-01-16T10:15:17
000722,PP_005,2024-01-16T10:50:52
000911,PP_015,2024-01-16T13:18:10
003563,PP_001,2024-01-16T16:56:32
002092,PP_004,2024-01-16T18:01:01
000398,PP_011,2024-01-16T18:33:29
003905,PP_013,2024-01-16T19:23:15
000102,PP_013,2024-01-16T20:26:57
002068,PP_005,2024-01-17T11:04:31
000620,PP_015,2024-01-17T11:06:40
004144,PP_009,2024-01-17T11:56:47
003669,PP_012,2024-01-17T13:05:31
003498,PP_005,2024-01-17T14:14:31
003149,PP_020,2024-01-17T15:07:30
002749,PP_004,2024-01-17T15:19:36
001985,PP_005,2024-01-17T15:39:20
003669,PP_013,2024-01-17T15:56:04
001155,PP_009,2024-01-17T16:18:30
003498,PP_014,2024-01-17T16:19:16
002749,PP_019,2024-01-17T16:30:48
002068,PP_010,2024-01-17T17:08:40
002068,PP_007,2024-01-17T18:16:20
004144,PP_018,2024-01-17T18:27:10
004144,PP_015,2024-01-17T18:28:45
000980,PP_011,2024-01-17T20:05:42
000620,PP_011,2024-01-17T20:45:16
002900,PP_013,2024-01-17T20:47:06
002068,PP_003,2024-01-17T22:07:03
004716,PP_013,2024-01-18T08:55:10
000464,PP_011,2024-01-18T09:01:32
001358,PP_012,2024-01-18T09:15:13
004366,PP_019,2024-01-18T11:57:25
000962,PP_012,2024-01-18T12:01:11
002449,PP_017,2024-01-18T14:30:13
003766,PP_006,2024-01-18T15:38:12
000464,PP_013,2024-01-18T15:42:12
004313,PP_008,2024-01-18T16:16:24
004583,PP_003,2024-01-18T17:27:51
004366,PP_014,2024-01-18T17:46:10
002900,PP_015,2024-01-18T19:35:21
002749,PP_001,2024-01-18T21:38:50
004900,PP_003,2024-01-19T11:06:58
000375,PP_014,2024-01-19T12:15:08
000373,PP_013,2024-01-19T14:30:05
003202,PP_009,2024-01-19T15:27:57
003202,PP_013,2024-01-19T16:23:16
004178,PP_006,2024-01-19T17:03:34
004178,PP_008,2024-01-19T18:33:55
003669,PP_007,2024-01-19T18:37:16
004178,PP_001,2024-01-19T20:18:19
003202,PP_001,2024-01-19T20:47:38
003249,PP_001,2024-01-19T21:25:40
001844,PP_002,2024-01-19T21:49:10
004868,PP_005,2024-01-19T21:52:36
001968,PP_009,2024-01-19T22:58:05
002125,PP_001,2024-01-20T11:37:10
000084,PP_007,2024-01-20T13:53:15
001210,PP_020,2024-01-20T16:05:44
001210,PP_008,2024-01-20T16:28:53
003932,PP_016,2024-01-20T16:43:09
002068,PP_013,2024-01-20T18:35:41
003293,PP_005,2024-01-20T18:52:55
002804,PP_018,2024-01-20T19:35:45
000084,PP_006,2024-01-20T21:13:06
001210,PP_012,2024-01-20T21:22:42
000837,PP_016,2024-01-21T08:11:26
000731,PP_013,2024-01-21T10:06:14
004163,PP_004,2024-01-21T11:27:53
002205,PP_014,2024-01-21T16:54:34
004914,PP_020,2024-01-21T17:22:18
001996,PP_020,2024-01-21T17:31:02
004077,PP_013,2024-01-21T22:56:02
000095,PP_009,2024-01-22T09:31:59
004095,PP_012,2024-01-22T09:47:41
002373,PP_018,2024-01-22T10:19:30
002850,PP_014,2024-01-22T10:52:11
001816,PP_007,2024-01-22T11:55:10
001669,PP_020,2024-01-22T13:02:18
002373,PP_012,2024-01-22T13:05:18
004178,PP_016,2024-01-22T13:47:46
001110,PP_008,2024-01-22T14:39:32
004216,PP_009,2024-01-22T15:05:15
000375,PP_010,2024-01-22T15:08:21
004366,PP_009,2024-01-22T18:10:07
004216,PP_004,2024-01-22T18:51:00
003249,PP_006,2024-01-22T21:50:41
001155,PP_017,2024-01-22T22:00:00
002578,PP_020,2024-01-23T08:32:06
002058,PP_001,2024-01-23T09:17:22
000559,PP_004,2024-01-23T09:26:12
003057,PP_017,2024-01-23T10:21:12
004842,PP_005,2024-01-23T10:52:54
000103,PP_017,2024-01-23T11:01:46
004226,PP_015,2024-01-23T11:08:36
002886,PP_003,2024-01-23T12:07:53
002058,PP_012,2024-01-23T12:39:21
000103,PP_014,2024-01-23T13:20:11
002058,PP_019,2024-01-23T13:42:21
003202,PP_006,2024-01-23T14:57:46
004834,PP_002,2024-01-23T17:42:39
002570,PP_018,2024-01-23T21:33:30
001463,PP_008,2024-01-23T22:08:42
002125,PP_011,2024-01-24T08:37:47
000747,PP_011,2024-01-24T08:53:06
004495,PP_016,2024-01-24T10:22:39
001017,PP_019,2024-01-24T11:24:04
001426,PP_020,2024-01-24T15:20:58
003240,PP_013,2024-01-24T15:56:59
002211,PP_016,2024-01-24T17:15:37
000464,PP_004,2024-01-24T17:31:49
000747,PP_010,2024-01-24T18:18:49
003242,PP_003,2024-01-24T20:45:05
000084,PP_003,2024-01-24T21:34:39
004773,PP_012,2024-01-24T22:27:07
000414,PP_018,2024-01-25T12:09:31
000049,PP_008,2024-01-25T12:45:53
003540,PP_007,2024-01-25T13:34:56
004149,PP_013,2024-01-25T15:06:37
003683,PP_002,2024-01-25T17:09:34
000414,PP_014,2024-01-25T17:44:40
002211,PP_006,2024-01-25T17:54:52
004216,PP_007,2024-01-25T19:54:37
004859,PP_013,2024-01-25T20:38:41
004265,PP_017,2024-01-25T21:22:13
002517,PP_015,2024-01-25T21:26:53
002211,PP_012,2024-01-25T21:51:16
004381,PP_018,2024-01-26T08:12:04
004868,PP_020,2024-01-26T09:23:26
004341,PP_010,2024-01-26T10:35:45
004341,PP_013,2024-01-26T12:20:39
001968,PP_013,2024-01-26T12:22:08
001108,PP_020,2024-01-26T21:56:06
003254,PP_019,2024-01-27T09:49:20
004117,PP_011,2024-01-27T11:38:28
004117,PP_016,2024-01-27T12:56:46
003254,PP_005,2024-01-27T13:29:48
001996,PP_010,2024-01-27T14:09:00
001188,PP_002,2024-01-27T14:33:20
004716,PP_019,2024-01-27T15:29:10
004026,PP_015,2024-01-27T17:23:33
001486,PP_019,2024-01-27T17:26:35
001108,PP_003,2024-01-27T18:44:27
001258,PP_006,2024-01-27T22:05:59
003604,PP_006,2024-01-28T11:20:22
003136,PP_015,2024-01-28T11:29:31
000900,PP_013,2024-01-28T12:16:41
002269,PP_005,2024-01-28T14:47:52
003136,PP_008,2024-01-28T15:37:06
000926,PP_011,2024-01-28T17:32:07
000926,PP_012,2024-01-28T17:39:41
001669,PP_005,2024-01-28T18:33:50
000900,PP_015,2024-01-28T19:40:49
003604,PP_019,2024-01-28T22:17:55
003958,PP_010,2024-01-29T08:00:37
002060,PP_011,2024-01-29T10:29:43
003348,PP_013,2024-01-29T11:54:49
002654,PP_002,2024-01-29T12:03:53
000277,PP_010,2024-01-29T12:10:09
002060,PP_002,2024-01-29T17:30:03
000467,PP_010,2024-01-29T18:23:30
002768,PP_008,2024-01-29T18:25:08
001476,PP_005,2024-01-29T19:07:37
002869,PP_015,2024-01-30T08:09:57
002750,PP_006,2024-01-30T08:49:43
002869,PP_012,2024-01-30T09:03:41
002061,PP_004,2024-01-30T09:21:54
003154,PP_013,2024-01-30T10:05:43
000179,PP_016,2024-01-30T10:45:42
002060,PP_012,2024-01-30T11:23:29
002060,PP_016,2024-01-30T14:14:59
004531,PP_010,2024-01-30T14:41:50
001194,PP_012,2024-01-30T15:36:06
000643,PP_004,2024-01-30T17:34:22
004032,PP_001,2024-01-30T17:34:55
002869,PP_011,2024-01-30T19:49:20
002874,PP_010,2024-01-30T21:08:43
001365,PP_013,2024-01-31T08:53:46
004840,PP_001,2024-01-31T09:00:16
000139,PP_008,2024-01-31T09:12:01
000260,PP_019,2024-01-31T11:25:29
000260,PP_012,2024-01-31T12:08:56
002296,PP_018,2024-01-31T14:03:41
002605,PP_008,2024-01-31T14:34:34
004899,PP_019,2024-01-31T16:19:29
004840,PP_012,2024-01-31T16:36:33
002605,PP_018,2024-01-31T16:40:12
004414,PP_013,2024-01-31T17:24:47
000694,PP_002,2024-01-31T18:11:07
001288,PP_005,2024-01-31T18:53:39
001288,PP_017,2024-01-31T19:30:46
002654,PP_010,2024-01-31T19:42:22
003717,PP_010,2024-01-31T21:05:10
003617,PP_008,2024-01-31T21:11:29
003924,PP_015,2024-02-01T08:08:03
003553,PP_012,2024-02-01T08:33:33
003798,PP_018,2024-02-01T09:07:19
004823,PP_013,2024-02-01T10:17:18
004290,PP_001,2024-02-01T10:30:34
003309,PP_013,2024-02-01T12:02:27
000414,PP_019,2024-02-01T12:50:19
000179,PP_012,2024-02-01T17:09:18
004531,PP_017,2024-02-01T18:43:04
003924,PP_006,2024-02-01T21:52:46
003498,PP_010,2024-02-02T09:06:27
001626,PP_005,2024-02-02T09:50:27
001626,PP_002,2024-02-02T10:59:34
004381,PP_002,2024-02-02T11:29:28
003154,PP_015,2024-02-02T13:18:40
001626,PP_003,2024-02-02T13:29:03
000543,PP_004,2024-02-02T13:39:05
003540,PP_020,2024-02-02T14:30:42
004942,PP_007,2024-02-02T15:30:28
002545,PP_005,2024-02-02T15:34:44
003923,PP_011,2024-02-02T16:26:23
001345,PP_012,2024-02-02T17:41:03
003923,PP_016,2024-02-02T17:46:04
004942,PP_004,2024-02-02T20:03:12
004299,PP_003,2024-02-02T20:45:21
002582,PP_003,2024-02-02T21:05:11
001258,PP_019,2024-02-02T22:41:18
003529,PP_018,2024-02-03T09:40:04
003309,PP_006,2024-02-03T09:44:34
004753,PP_015,2024-02-03T11:48:11
004603,PP_013,2024-02-03T12:26:54
001982,PP_015,2024-02-03T12:51:08
001700,PP_014,2024-02-03T15:01:44
001844,PP_020,2024-02-03T15:02:55
001700,PP_018,2024-02-03T16:06:38
001258,PP_017,2024-02-03T18:01:15
000264,PP_019,2024-02-03T18:27:09
000941,PP_018,2024-02-03T19:08:36
002605,PP_011,2024-02-03T19:20:20
001020,PP_017,2024-02-03T20:08:56
000264,PP_018,2024-02-03T21:55:42
003352,PP_009,2024-02-03T22:55:15
001700,PP_017,2024-02-04T08:00:33
004006,PP_012,2024-02-04T10:04:38
003437,PP_015,2024-02-04T11:41:12
003070,PP_005,2024-02-04T12:04:24
004531,PP_008,2024-02-04T13:01:47
004299,PP_004,2024-02-04T17:04:35
003437,PP_011,2024-02-04T20:02:52
001641,PP_011,2024-02-04T20:38:29
002975,PP_007,2024-02-04T22:59:04
004769,PP_016,2024-02-05T09:16:47
003406,PP_012,2024-02-05T10:06:16
000037,PP_017,2024-02-05T12:36:32
004544,PP_011,2024-02-05T14:42:22
002906,PP_017,2024-02-05T14:43:55
004899,PP_006,2024-02-05T14:46:21
001136,PP_009,2024-02-05T16:53:15
004166,PP_012,2024-02-05T18:22:09
001136,PP_003,2024-02-05T18:51:44
000996,PP_010,2024-02-05T19:24:36
001358,PP_011,2024-02-05T20:40:19
002781,PP_008,2024-02-05T21:41:57
001155,PP_006,2024-02-05T21:53:25
000996,PP_015,2024-02-05T22:26:03
002005,PP_005,2024-02-06T08:04:46
004690,PP_009,2024-02-06T11:13:43
004570,PP_020,2024-02-06T12:29:38
001127,PP_018,2024-02-06T12:53:49
001641,PP_012,2024-02-06T13:21:38
000721,PP_007,2024-02-06T14:14:44
003924,PP_020,2024-02-06T14:40:13
001882,PP_001,2024-02-06T14:58:58
000944,PP_012,2024-02-06T15:41:45
004398,PP_013,2024-02-06T16:22:58
002851,PP_001,2024-02-06T16:31:32
004690,PP_012,2024-02-06T16:33:23
001164,PP_020,2024-02-06T17:20:03
001882,PP_014,2024-02-06T20:04:20
003505,PP_011,2024-02-07T11:19:05
004398,PP_012,2024-02-07T12:25:48
003352,PP_005,2024-02-07T13:38:32
001331,PP_003,2024-02-07T13:44:04
001991,PP_005,2024-02-07T15:13:38
002581,PP_015,2024-02-07T15:22:46
002581,PP_010,2024-02-07T19:30:55
004772,PP_014,2024-02-07T19:39:47
004396,PP_001,2024-02-07T21:12:52
004767,PP_014,2024-02-08T10:05:08
002295,PP_016,2024-02-08T10:05:27
002749,PP_007,2024-02-08T16:28:53
000447,PP_017,2024-02-08T18:22:36
002975,PP_002,2024-02-08T19:45:47
002138,PP_019,2024-02-08T22:07:41
002845,PP_004,2024-02-09T08:17:54
000501,PP_012,2024-02-09T08:41:26
001127,PP_012,2024-02-09T08:43:35
002508,PP_007,2024-02-09T09:39:09
002508,PP_010,2024-02-09T10:45:46
002906,PP_020,2024-02-09T13:38:03
002581,PP_019,2024-02-09T16:16:23
004274,PP_011,2024-02-09T16:37:29
004274,PP_016,2024-02-09T17:30:30
003277,PP_012,2024-02-09T19:33:22
002845,PP_006,2024-02-09T20:25:54
002845,PP_009,2024-02-09T22:11:28
003288,PP_011,2024-02-09T22:55:59
004952,PP_015,2024-02-10T08:00:30
002936,PP_019,2024-02-10T08:12:24
004586,PP_011,2024-02-10T11:29:03
003087,PP_002,2024-02-10T11:39:46
003499,PP_008,2024-02-10T13:19:05
004115,PP_019,2024-02-10T15:08:02
002761,PP_013,2024-02-10T16:18:26
004952,PP_016,2024-02-10T17:16:47
004753,PP_006,2024-02-10T17:37:49
004006,PP_013,2024-02-10T18:03:58
003540,PP_005,2024-02-10T20:47:17
001700,PP_008,2024-02-11T09:23:06
002022,PP_012,2024-02-11T10:59:25
004980,PP_020,2024-02-11T11:18:26
004980,PP_017,2024-02-11T12:37:27
001365,PP_001,2024-02-11T13:49:01
004350,PP_009,2024-02-11T14:13:25
003369,PP_017,2024-02-11T14:24:57
003669,PP_017,2024-02-11T15:08:05
000941,PP_013,2024-02-11T15:48:24
004659,PP_009,2024-02-11T17:53:07
004350,PP_011,2024-02-11T17:53:23
000212,PP_012,2024-02-11T18:11:01
004980,PP_019,2024-02-11T18:25:04
004314,PP_015,2024-02-11T19:13:04
004808,PP_004,2024-02-11T19:16:48
004426,PP_010,2024-02-11T22:19:33
000847,PP_015,2024-02-12T09:47:42
002330,PP_011,2024-02-12T10:41:05
004959,PP_004,2024-02-12T14:38:09
002180,PP_020,2024-02-12T14:38:14
004959,PP_005,2024-02-12T14:56:35
000028,PP_010,2024-02-12T16:43:31
003986,PP_016,2024-02-12T16:52:14
002775,PP_012,2024-02-12T17:19:35
000028,PP_009,2024-02-12T20:45:05
003649,PP_018,2024-02-12T22:08:29
001333,PP_010,2024-02-13T09:36:42
001705,PP_016,2024-02-13T09:41:47
002461,PP_011,2024-02-13T10:11:24
004659,PP_020,2024-02-13T11:48:52
001152,PP_016,2024-02-13T13:30:56
002703,PP_017,2024-02-13T14:33:41
001152,PP_012,2024-02-13T16:00:28
002011,PP_005,2024-02-13T16:18:25
000817,PP_001,2024-02-13T18:07:38
002025,PP_007,2024-02-13T18:33:11
004757,PP_011,2024-02-13T20:53:15
000312,PP_009,2024-02-13T20:55:04
004782,PP_010,2024-02-14T08:20:00
000993,PP_019,2024-02-14T10:07:05
000312,PP_016,2024-02-14T10:08:51
000015,PP_011,2024-02-14T11:15:35
003582,PP_009,2024-02-14T15:48:00
000993,PP_011,2024-02-14T19:23:46
004774,PP_016,2024-02-14T20:24:31
002508,PP_004,2024-02-14T21:06:51
002296,PP_014,2024-02-14T21:07:47
004026,PP_016,2024-02-14T21:43:50
001081,PP_009,2024-02-15T09:10:44
000397,PP_001,2024-02-15T12:43:38
002230,PP_020,2024-02-15T13:48:37
000397,PP_010,2024-02-15T16:08:04
004992,PP_010,2024-02-15T18:33:08
000784,PP_013,2024-02-15T20:23:24
000230,PP_003,2024-02-16T08:37:25
002775,PP_011,2024-02-16T09:40:04
003950,PP_018,2024-02-16T11:16:38
004481,PP_013,2024-02-16T11:26:02
004536,PP_003,2024-02-16T11:40:32
003544,PP_020,2024-02-16T13:07:15
004398,PP_007,2024-02-16T13:49:13
004536,PP_009,2024-02-16T15:14:02
003324,PP_013,2024-02-16T16:23:10
003808,PP_013,2024-02-16T17:07:24
002840,PP_004,2024-02-16T18:28:31
002049,PP_011,2024-02-16T18:52:28
004782,PP_012,2024-02-16T19:42:12
001017,PP_014,2024-02-16T21:40:34
004447,PP_003,2024-02-17T08:19:03
000312,PP_020,2024-02-17T09:00:55
004536,PP_007,2024-02-17T09:27:16
001026,PP_013,2024-02-17T09:43:53
003250,PP_002,2024-02-17T14:12:35
004899,PP_001,2024-02-17T15:05:34
000230,PP_020,2024-02-17T15:11:50
004992,PP_019,2024-02-17T18:30:37
003250,PP_019,2024-02-17T18:38:29
003544,PP_006,2024-02-17T22:44:11
001982,PP_011,2024-02-18T08:28:11
004115,PP_006,2024-02-18T09:46:15
002170,PP_005,2024-02-18T10:34:07
000461,PP_011,2024-02-18T11:39:11
000326,PP_002,2024-02-18T12:55:13
000307,PP_004,2024-02-18T15:23:09
003136,PP_012,2024-02-18T16:30:24
000461,PP_016,2024-02-18T19:18:30
002180,PP_017,2024-02-18T20:04:44
000411,PP_008,2024-02-18T20:18:56
001639,PP_002,2024-02-18T20:30:29
004464,PP_016,2024-02-19T08:33:19
001483,PP_019,2024-02-19T08:55:27
000324,PP_019,2024-02-19T09:36:18
001639,PP_018,2024-02-19T09:42:46
002293,PP_011,2024-02-19T14:27:29
000993,PP_004,2024-02-19T14:29:33
003095,PP_016,2024-02-19T19:03:56
002926,PP_016,2024-02-19T19:30:08
002436,PP_002,2024-02-19T20:33:23
002436,PP_005,2024-02-19T21:40:52
000668,PP_011,2024-02-20T08:53:54
002746,PP_016,2024-02-20T10:16:16
001722,PP_014,2024-02-20T12:08:23
000157,PP_010,2024-02-20T14:47:07
000711,PP_011,2024-02-20T15:41:40
004586,PP_019,2024-02-20T18:25:59
001297,PP_001,2024-02-20T19:47:29
000037,PP_018,2024-02-20T21:48:38
001964,PP_008,2024-02-21T08:55:47
003871,PP_005,2024-02-21T09:56:50
004770,PP_001,2024-02-21T09:58:14
004518,PP_019,2024-02-21T09:59:15
004770,PP_010,2024-02-21T12:32:45
000214,PP_011,2024-02-21T12:50:24
004124,PP_003,2024-02-21T14:25:48
001964,PP_011,2024-02-21T15:43:40
001117,PP_016,2024-02-21T16:16:27
001117,PP_012,2024-02-21T19:17:40
000930,PP_007,2024-02-21T19:50:20
000281,PP_011,2024-02-21T20:25:36
000910,PP_012,2024-02-22T09:17:32
000924,PP_006,2024-02-22T10:16:34
004481,PP_002,2024-02-22T12:27:08
001639,PP_010,2024-02-22T15:22:38
000910,PP_016,2024-02-22T15:45:01
002493,PP_007,2024-02-22T17:01:47
004685,PP_014,2024-02-22T17:41:59
004736,PP_005,2024-02-22T17:55:02
003975,PP_015,2024-02-22T18:47:40
002005,PP_015,2024-02-22T19:13:46
004620,PP_011,2024-02-23T09:08:22
001299,PP_010,2024-02-23T09:10:23
000790,PP_015,2024-02-23T09:18:40
000725,PP_012,2024-02-23T10:03:39
000756,PP_014,2024-02-23T11:03:21
003794,PP_016,2024-02-23T12:00:22
003794,PP_011,2024-02-23T13:41:22
000005,PP_012,2024-02-23T16:25:17
000924,PP_002,2024-02-23T19:33:44
000230,PP_006,2024-02-23T20:22:58
002599,PP_007,2024-02-23T20:28:35
001797,PP_003,2024-02-23T20:37:09
000947,PP_012,2024-02-24T09:19:06
002039,PP_019,2024-02-24T10:15:50
004570,PP_013,2024-02-24T10:41:55
000947,PP_016,2024-02-24T10:44:10
001767,PP_002,2024-02-24T11:29:42
003210,PP_017,2024-02-24T14:09:07
001248,PP_013,2024-02-24T21:23:36
003228,PP_006,2024-02-25T09:02:10
003975,PP_011,2024-02-25T09:05:20
004406,PP_020,2024-02-25T13:56:03
003423,PP_001,2024-02-25T14:14:11
002461,PP_009,2024-02-25T14:30:27
002926,PP_004,2024-02-25T16:44:53
002204,PP_012,2024-02-25T17:11:43
000326,PP_013,2024-02-25T17:42:34
001819,PP_009,2024-02-25T19:02:08
002436,PP_001,2024-02-25T20:04:55
004757,PP_010,2024-02-25T22:14:41
004220,PP_013,2024-02-26T08:33:10
002405,PP_020,2024-02-26T09:43:56
000947,PP_015,2024-02-26T13:42:07
003991,PP_013,2024-02-26T14:09:37
004220,PP_012,2024-02-26T14:22:53
004220,PP_003,2024-02-26T14:51:45
000503,PP_003,2024-02-26T14:52:11
002524,PP_013,2024-02-26T17:08:43
002074,PP_002,2024-02-26T17:09:00
002562,PP_017,2024-02-26T21:22:05
003455,PP_001,2024-02-27T10:15:10
003320,PP_013,2024-02-27T11:19:09
002562,PP_009,2024-02-27T12:05:24
001455,PP_019,2024-02-27T13:08:20
000817,PP_004,2024-02-27T14:48:24
001297,PP_011,2024-02-27T16:38:22
001251,PP_016,2024-02-27T16:54:55
003320,PP_012,2024-02-27T17:07:13
004777,PP_008,2024-02-27T18:36:49
002764,PP_012,2024-02-27T18:58:25
000924,PP_019,2024-02-27T19:02:58
002796,PP_006,2024-02-27T19:03:51
003320,PP_016,2024-02-27T19:06:11
001522,PP_013,2024-02-27T19:21:58
003991,PP_005,2024-02-27T19:42:42
003455,PP_008,2024-02-27T19:47:06
003455,PP_004,2024-02-27T19:51:31
000246,PP_015,2024-02-28T08:30:02
002450,PP_013,2024-02-28T09:45:03
004156,PP_014,2024-02-28T11:51:11
002623,PP_017,2024-02-28T13:02:01
002493,PP_018,2024-02-28T15:16:33
002845,PP_003,2024-02-28T15:37:38
001859,PP_019,2024-02-28T16:04:15
002524,PP_004,2024-02-28T18:52:21
003452,PP_020,2024-02-28T20:45:04
001819,PP_020,2024-02-28T20:52:05
004736,PP_019,2024-02-28T21:12:08
001217,PP_015,2024-02-28T21:40:27
004578,PP_009,2024-02-29T09:26:57
004702,PP_013,2024-02-29T10:38:09
001299,PP_007,2024-02-29T11:52:53
002783,PP_017,2024-02-29T14:10:03
002796,PP_003,2024-02-29T16:28:23
000208,PP_001,2024-02-29T16:43:51
000397,PP_004,2024-02-29T19:47:56
000446,PP_010,2024-03-01T08:01:29
003527,PP_009,2024-03-01T08:06:11
004992,PP_013,2024-03-01T09:24:07
000446,PP_009,2024-03-01T11:14:44
000312,PP_012,2024-03-01T12:43:34
003438,PP_008,2024-03-01T14:26:32
002244,PP_009,2024-03-01T14:49:37
004585,PP_003,2024-03-01T16:51:01
000712,PP_003,2024-03-01T18:03:48
004222,PP_002,2024-03-01T20:29:17
001299,PP_008,2024-03-01T20:41:56
003260,PP_001,2024-03-01T22:15:57
003379,PP_008,2024-03-02T08:26:38
002764,PP_011,2024-03-02T08:56:59
003379,PP_002,2024-03-02T12:07:46
000333,PP_010,2024-03-02T13:13:20
002746,PP_019,2024-03-02T13:23:34
000270,PP_009,2024-03-02T13:37:54
000333,PP_017,2024-03-02T13:48:41
000270,PP_017,2024-03-02T13:50:21
004742,PP_011,2024-03-02T16:08:54
002796,PP_018,2024-03-02T16:15:12
002422,PP_016,2024-03-02T20:21:20
000726,PP_016,2024-03-03T08:24:17
002632,PP_016,2024-03-03T09:41:30
004800,PP_004,2024-03-03T09:45:44
004690,PP_015,2024-03-03T11:44:21
004222,PP_006,2024-03-03T11:46:22
004220,PP_019,2024-03-03T14:52:47
002261,PP_005,2024-03-03T14:57:52
002926,PP_008,2024-03-03T15:01:54
001729,PP_006,2024-03-03T16:58:08
000981,PP_016,2024-03-03T17:24:28
004462,PP_001,2024-03-03T17:38:05
003397,PP_018,2024-03-03T17:43:28
000957,PP_020,2024-03-03T18:21:18
002550,PP_013,2024-03-03T19:08:19
002493,PP_006,2024-03-03T20:03:22
004111,PP_001,2024-03-03T20:21:09
001859,PP_013,2024-03-04T08:53:07
001566,PP_013,2024-03-04T10:57:41
000312,PP_001,2024-03-04T12:32:54
000629,PP_005,2024-03-04T17:33:16
003993,PP_018,2024-03-04T19:25:44
000629,PP_013,2024-03-04T21:15:36
003240,PP_011,2024-03-04T22:51:19
002524,PP_015,2024-03-05T12:35:34
000359,PP_011,2024-03-05T17:34:12
002452,PP_010,2024-03-05T18:29:21
003455,PP_003,2024-03-05T21:18:02
000769,PP_015,2024-03-05T21:22:47
004578,PP_003,2024-03-05T22:00:15
002782,PP_011,2024-03-06T08:59:23
000230,PP_007,2024-03-06T10:25:39
000757,PP_010,2024-03-06T15:09:57
001051,PP_011,2024-03-06T15:31:18
003094,PP_004,2024-03-06T17:08:42
000930,PP_019,2024-03-06T18:38:23
001530,PP_011,2024-03-06T19:43:22
000446,PP_014,2024-03-06T20:17:12
004657,PP_015,2024-03-06T22:56:29
002783,PP_006,2024-03-07T08:36:17
002955,PP_011,2024-03-07T14:36:39
004585,PP_017,2024-03-07T15:28:19
002728,PP_002,2024-03-07T16:23:26
001702,PP_005,2024-03-07T16:30:39
002214,PP_009,2024-03-07T19:03:30
004188,PP_011,2024-03-07T20:25:28
004925,PP_011,2024-03-07T21:24:43
003941,PP_005,2024-03-07T22:13:46
001051,PP_016,2024-03-08T08:09:28
001387,PP_019,2024-03-08T09:04:28
003566,PP_016,2024-03-08T11:35:23
002263,PP_016,2024-03-08T12:04:47
003532,PP_014,2024-03-08T14:01:57
002158,PP_006,2024-03-08T14:01:59
004925,PP_016,2024-03-08T14:25:42
003566,PP_004,2024-03-08T15:28:02
001702,PP_007,2024-03-08T15:45:00
000299,PP_004,2024-03-08T17:16:24
001387,PP_001,2024-03-08T17:21:32
000509,PP_016,2024-03-08T17:22:38
003652,PP_013,2024-03-08T17:37:42
004235,PP_009,2024-03-08T19:38:53
004657,PP_016,2024-03-08T21:24:27
002260,PP_013,2024-03-08T22:17:59
004235,PP_016,2024-03-09T10:06:34
004693,PP_014,2024-03-09T12:52:01
001560,PP_004,2024-03-09T13:59:42
000071,PP_012,2024-03-09T17:21:09
001797,PP_015,2024-03-09T20:08:39
000327,PP_006,2024-03-10T08:32:28
002452,PP_001,2024-03-10T08:38:37
000825,PP_020,2024-03-10T09:56:37
003017,PP_005,2024-03-10T11:30:21
003527,PP_019,2024-03-10T13:16:45
002728,PP_005,2024-03-10T13:57:09
001840,PP_019,2024-03-10T14:32:47
000825,PP_013,2024-03-10T15:16:45
002782,PP_012,2024-03-10T16:39:08
000825,PP_003,2024-03-10T19:54:55
002158,PP_009,2024-03-10T21:24:19
000072,PP_005,2024-03-11T08:53:53
002353,PP_005,2024-03-11T10:30:13
001455,PP_002,2024-03-11T10:32:42
000646,PP_004,2024-03-11T12:02:29
000359,PP_018,2024-03-11T12:23:18
003967,PP_019,2024-03-11T12:38:06
000216,PP_016,2024-03-11T12:49:26
004738,PP_017,2024-03-11T15:03:50
002300,PP_015,2024-03-11T16:15:11
002045,PP_013,2024-03-11T16:42:06
001506,PP_017,2024-03-11T17:47:42
001051,PP_013,2024-03-11T19:20:18
004074,PP_016,2024-03-11T19:31:17
003993,PP_005,2024-03-11T20:18:38
001615,PP_005,2024-03-11T20:35:11
001615,PP_013,2024-03-12T08:00:25
004029,PP_015,2024-03-12T08:54:08
000363,PP_010,2024-03-12T10:03:06
000560,PP_017,2024-03-12T10:37:22
001506,PP_015,2024-03-12T10:44:03
002948,PP_003,2024-03-12T10:48:55
001826,PP_007,2024-03-12T11:35:24
001633,PP_010,2024-03-12T12:17:16
000947,PP_004,2024-03-12T14:39:38
003109,PP_020,2024-03-12T15:15:41
000363,PP_006,2024-03-12T19:01:53
001746,PP_015,2024-03-12T19:17:14
002045,PP_017,2024-03-12T20:17:37
000303,PP_003,2024-03-12T20:19:30
004777,PP_004,2024-03-12T21:01:08
004055,PP_012,2024-03-12T21:09:36
001826,PP_014,2024-03-12T22:49:22
001032,PP_002,2024-03-13T11:14:43
003499,PP_011,2024-03-13T13:44:56
000105,PP_013,2024-03-13T15:29:55
002468,PP_007,2024-03-13T18:00:29
002214,PP_001,2024-03-13T18:58:52
003689,PP_007,2024-03-13T20:49:04
000240,PP_014,2024-03-13T21:30:20
000071,PP_015,2024-03-13T21:39:09
000363,PP_013,2024-03-14T08:53:34
004188,PP_001,2024-03-14T09:41:00
002436,PP_006,2024-03-14T13:25:14
003109,PP_017,2024-03-14T14:51:55
001549,PP_017,2024-03-14T16:50:20
000736,PP_005,2024-03-14T16:54:57
003546,PP_002,2024-03-14T17:45:59
001387,PP_007,2024-03-14T17:48:51
004839,PP_009,2024-03-14T20:13:55
001674,PP_013,2024-03-15T08:44:18
004839,PP_019,2024-03-15T09:04:25
004775,PP_012,2024-03-15T09:13:17
002889,PP_014,2024-03-15T10:39:28
003546,PP_011,2024-03-15T11:13:56
002889,PP_012,2024-03-15T12:11:33
002765,PP_006,2024-03-15T13:32:49
004708,PP_011,2024-03-15T13:52:16
004124,PP_008,2024-03-15T15:00:22
002889,PP_016,2024-03-15T19:33:55
002165,PP_006,2024-03-15T20:06:58
001311,PP_010,2024-03-15T21:23:31
000111,PP_016,2024-03-15T22:23:35
003341,PP_015,2024-03-15T22:56:07
000198,PP_020,2024-03-16T08:30:54
000736,PP_007,2024-03-16T09:26:24
004432,PP_015,2024-03-16T09:56:58
004645,PP_020,2024-03-16T11:06:22
001378,PP_004,2024-03-16T12:07:46
001506,PP_012,2024-03-16T13:13:17
000299,PP_016,2024-03-16T14:25:33
004645,PP_001,2024-03-16T15:10:17
004645,PP_009,2024-03-16T15:57:07
000198,PP_016,2024-03-16T17:17:38
001366,PP_018,2024-03-16T19:00:27
004559,PP_001,2024-03-16T20:11:42
004849,PP_004,2024-03-16T21:14:13
000228,PP_012,2024-03-16T21:37:14
000240,PP_007,2024-03-16T21:51:27
002163,PP_013,2024-03-16T22:13:14
000240,PP_004,2024-03-17T08:04:12
002023,PP_013,2024-03-17T08:59:13
002552,PP_001,2024-03-17T09:03:38
002518,PP_001,2024-03-17T09:05:31
003411,PP_005,2024-03-17T09:31:13
001275,PP_006,2024-03-17T10:15:24
001735,PP_013,2024-03-17T10:37:18
001478,PP_004,2024-03-17T11:41:10
001032,PP_008,2024-03-17T12:08:49
000468,PP_013,2024-03-17T14:34:55
000468,PP_018,2024-03-17T15:50:52
001478,PP_012,2024-03-17T16:17:51
001478,PP_013,2024-03-17T16:25:50
001367,PP_004,2024-03-17T18:17:32
000803,PP_001,2024-03-17T18:22:17
003532,PP_007,2024-03-17T18:50:45
002035,PP_011,2024-03-17T18:52:41
001345,PP_015,2024-03-17T19:17:16
000815,PP_011,2024-03-17T22:51:23
003193,PP_012,2024-03-18T10:04:09
002948,PP_007,2024-03-18T11:12:47
002739,PP_007,2024-03-18T12:00:06
001563,PP_006,2024-03-18T16:52:48
002493,PP_017,2024-03-18T17:17:48
003900,PP_002,2024-03-18T19:17:59
001563,PP_020,2024-03-18T20:16:42
004269,PP_017,2024-03-18T21:10:48
000756,PP_003,2024-03-19T08:33:46
003294,PP_014,2024-03-19T08:40:59
002765,PP_020,2024-03-19T11:14:55
002224,PP_007,2024-03-19T12:16:48
002208,PP_013,2024-03-19T13:24:37
000813,PP_019,2024-03-19T15:19:55
003064,PP_015,2024-03-19T15:54:59
004586,PP_017,2024-03-19T16:30:55
000198,PP_015,2024-03-19T18:37:36
000813,PP_004,2024-03-19T18:48:02
004605,PP_017,2024-03-19T18:57:06
004605,PP_007,2024-03-19T21:43:52
002229,PP_011,2024-03-19T21:54:38
000359,PP_019,2024-03-20T08:03:09
000949,PP_012,2024-03-20T10:24:09
002516,PP_003,2024-03-20T11:30:23
001522,PP_012,2024-03-20T11:59:05
002518,PP_009,2024-03-20T14:42:42
003097,PP_009,2024-03-20T15:20:54
003337,PP_010,2024-03-20T20:54:43
003718,PP_011,2024-03-21T08:20:34
002229,PP_016,2024-03-21T10:02:23
002334,PP_010,2024-03-21T12:23:55
003080,PP_020,2024-03-21T12:50:17
001367,PP_014,2024-03-21T19:30:04
004029,PP_013,2024-03-21T19:51:59
002516,PP_007,2024-03-21T22:13:44
000448,PP_016,2024-03-22T11:25:14
004471,PP_010,2024-03-22T12:10:42
004756,PP_015,2024-03-22T12:43:29
002507,PP_002,2024-03-22T14:23:15
003002,PP_014,2024-03-22T14:24:07
004462,PP_003,2024-03-22T15:01:58
004577,PP_012,2024-03-22T15:44:51
004220,PP_005,2024-03-22T15:55:53
004394,PP_004,2024-03-22T16:38:57
002507,PP_006,2024-03-22T19:48:34
001311,PP_006,2024-03-22T20:25:54
004878,PP_017,2024-03-22T21:42:44
000538,PP_018,2024-03-23T08:21:22
003366,PP_020,2024-03-23T08:25:22
002741,PP_013,2024-03-23T09:09:40
001746,PP_011,2024-03-23T09:27:31
004672,PP_020,2024-03-23T11:11:49
002834,PP_011,2024-03-23T11:18:32
004844,PP_007,2024-03-23T11:24:03
002834,PP_002,2024-03-23T12:36:35
000496,PP_004,2024-03-23T13:33:13
004672,PP_013,2024-03-23T14:02:24
002053,PP_014,2024-03-23T15:29:04
002741,PP_011,2024-03-23T16:18:39
000593,PP_004,2024-03-23T16:52:17
000080,PP_001,2024-03-23T18:36:49
002359,PP_002,2024-03-23T19:47:56
001354,PP_010,2024-03-23T21:35:13
004605,PP_016,2024-03-23T21:46:47
000453,PP_001,2024-03-23T21:49:27
000127,PP_009,2024-03-23T22:18:27
002494,PP_004,2024-03-24T08:09:07
000080,PP_004,2024-03-24T10:46:58
001522,PP_020,2024-03-24T13:44:53
000856,PP_011,2024-03-24T17:29:03
000579,PP_016,2024-03-24T17:44:52
002229,PP_018,2024-03-24T20:26:50
002334,PP_013,2024-03-24T21:50:50
000856,PP_012,2024-03-24T22:59:08
002914,PP_016,2024-03-25T08:39:06
003039,PP_015,2024-03-25T09:01:37
000475,PP_008,2024-03-25T10:00:07
003764,PP_001,2024-03-25T10:33:35
004672,PP_011,2024-03-25T12:00:33
004605,PP_012,2024-03-25T13:35:06
003039,PP_004,2024-03-25T16:11:59
002995,PP_013,2024-03-25T16:36:48
003467,PP_017,2024-03-25T18:03:47
004579,PP_008,2024-03-25T18:14:24
001646,PP_008,2024-03-25T21:10:46
004579,PP_016,2024-03-25T21:36:24
000793,PP_018,2024-03-25T22:18:35
002759,PP_012,2024-03-26T09:08:09
004350,PP_012,2024-03-26T09:40:47
003484,PP_020,2024-03-26T10:19:50
000954,PP_019,2024-03-26T10:27:58
000600,PP_020,2024-03-26T11:36:36
004471,PP_007,2024-03-26T11:55:39
004579,PP_001,2024-03-26T13:53:44
000600,PP_007,2024-03-26T15:29:32
004109,PP_005,2024-03-26T17:13:27
002312,PP_017,2024-03-26T19:16:43
001841,PP_006,2024-03-26T19:47:18
003484,PP_018,2024-03-26T20:27:22
002124,PP_007,2024-03-26T20:28:36
002312,PP_019,2024-03-26T20:33:18
001018,PP_013,2024-03-26T21:39:26
001425,PP_004,2024-03-26T21:46:46
001425,PP_014,2024-03-26T22:31:53
004925,PP_012,2024-03-26T22:34:09
002634,PP_007,2024-03-27T08:06:51
002137,PP_002,2024-03-27T11:09:25
003586,PP_003,2024-03-27T11:13:17
003484,PP_005,2024-03-27T11:48:57
002988,PP_015,2024-03-27T12:07:26
003586,PP_012,2024-03-27T14:07:18
003586,PP_005,2024-03-27T16:16:08
001170,PP_007,2024-03-27T16:55:04
002972,PP_004,2024-03-27T17:13:37
003484,PP_012,2024-03-27T17:32:44
002664,PP_014,2024-03-27T18:09:45
004462,PP_020,2024-03-27T18:37:11
001170,PP_002,2024-03-27T19:00:56
001212,PP_001,2024-03-27T21:28:34
002664,PP_018,2024-03-27T22:25:52
004003,PP_006,2024-03-27T22:57:45
000712,PP_016,2024-03-28T10:31:37
003266,PP_014,2024-03-28T12:30:52
004109,PP_008,2024-03-28T14:20:57
002053,PP_007,2024-03-29T08:43:11
002664,PP_019,2024-03-29T09:55:09
002634,PP_011,2024-03-29T12:46:07
002638,PP_013,2024-03-29T14:01:53
001766,PP_006,2024-03-29T14:40:22
004328,PP_012,2024-03-29T17:02:17
000744,PP_011,2024-03-29T20:30:00
004977,PP_016,2024-03-29T21:42:29
002984,PP_017,2024-03-30T11:21:42
004473,PP_003,2024-03-30T16:13:56
004391,PP_006,2024-03-30T17:26:17
004473,PP_006,2024-03-30T18:33:36
004800,PP_018,2024-03-30T19:06:38
002320,PP_016,2024-03-30T19:07:50
003475,PP_005,2024-03-30T19:14:02
000602,PP_012,2024-03-30T20:44:21
002137,PP_010,2024-03-30T20:51:46
004391,PP_019,2024-03-30T21:12:11
001719,PP_010,2024-03-31T08:38:40
003284,PP_006,2024-03-31T09:01:37
000369,PP_003,2024-03-31T09:41:05
002769,PP_013,2024-03-31T09:51:58
003431,PP_013,2024-03-31T11:04:39
004365,PP_010,2024-03-31T11:18:39
002252,PP_014,2024-03-31T11:35:55
001719,PP_019,2024-03-31T13:02:19
000975,PP_015,2024-03-31T14:33:10
001766,PP_009,2024-03-31T15:23:27
001202,PP_019,2024-03-31T15:27:28
004365,PP_020,2024-03-31T16:28:00
002552,PP_005,2024-03-31T17:47:12
003284,PP_014,2024-03-31T18:38:19
000240,PP_010,2024-03-31T18:50:35
002972,PP_014,2024-03-31T18:57:29
004401,PP_002,2024-03-31T20:18:42
001202,PP_017,2024-03-31T22:00:29
000975,PP_011,2024-04-01T09:10:17
001451,PP_002,2024-04-01T09:56:07
002769,PP_011,2024-04-01T10:17:06
001136,PP_017,2024-04-01T10:52:08
003190,PP_008,2024-04-01T11:39:32
004473,PP_020,2024-04-01T12:22:17
002495,PP_018,2024-04-01T16:19:41
000913,PP_002,2024-04-01T18:07:57
001451,PP_006,2024-04-01T18:16:59
004927,PP_017,2024-04-01T20:41:35
000387,PP_015,2024-04-01T20:55:45
004370,PP_002,2024-04-01T21:16:25
003456,PP_012,2024-04-02T08:54:46
002143,PP_011,2024-04-02T16:25:59
003814,PP_010,2024-04-02T17:42:33
002516,PP_006,2024-04-02T19:18:26
000868,PP_016,2024-04-02T20:39:51
002127,PP_002,2024-04-02T22:42:13
004302,PP_004,2024-04-03T09:34:07
002984,PP_020,2024-04-03T12:34:03
000478,PP_013,2024-04-03T12:51:32
004003,PP_016,2024-04-03T13:43:07
004385,PP_012,2024-04-03T13:43:42
003873,PP_020,2024-04-03T14:57:36
002647,PP_010,2024-04-03T16:31:13
001948,PP_019,2024-04-03T17:15:36
002679,PP_012,2024-04-03T18:34:27
003284,PP_001,2024-04-03T18:37:05
003709,PP_018,2024-04-03T20:16:04
000369,PP_002,2024-04-04T09:53:25
003017,PP_012,2024-04-04T12:01:52
002312,PP_014,2024-04-04T13:07:58
004484,PP_020,2024-04-04T13:57:16
002210,PP_016,2024-04-04T14:09:51
000302,PP_016,2024-04-04T14:57:08
000714,PP_005,2024-04-04T15:20:06
000105,PP_011,2024-04-04T16:54:16
003988,PP_015,2024-04-04T17:51:06
002278,PP_012,2024-04-04T18:08:53
002278,PP_011,2024-04-04T18:55:24
000097,PP_020,2024-04-04T20:32:57
004721,PP_013,2024-04-04T21:47:04
002278,PP_015,2024-04-04T22:11:44
002619,PP_013,2024-04-04T22:39:24
004486,PP_017,2024-04-05T11:24:15
001601,PP_012,2024-04-05T11:27:10
001742,PP_020,2024-04-05T11:53:39
003718,PP_017,2024-04-05T14:27:30
004957,PP_008,2024-04-05T14:32:14
000566,PP_006,2024-04-05T15:37:51
002803,PP_007,2024-04-05T17:06:26
004957,PP_002,2024-04-05T17:29:30
000566,PP_010,2024-04-05T20:20:21
001601,PP_016,2024-04-05T21:50:12
000566,PP_001,2024-04-05T22:09:10
001766,PP_003,2024-04-05T22:51:37
000218,PP_004,2024-04-06T08:25:21
000566,PP_003,2024-04-06T08:52:05
004359,PP_002,2024-04-06T11:53:32
001758,PP_010,2024-04-06T12:06:48
002803,PP_012,2024-04-06T14:34:37
004927,PP_002,2024-04-06T14:40:23
002141,PP_004,2024-04-06T14:56:02
002252,PP_007,2024-04-06T15:32:17
001540,PP_017,2024-04-06T16:19:39
004484,PP_016,2024-04-06T17:57:35
001161,PP_012,2024-04-06T18:36:04
002771,PP_017,2024-04-06T19:04:49
004311,PP_001,2024-04-06T20:56:25
003190,PP_001,2024-04-06T21:08:56
002771,PP_012,2024-04-06T21:37:37
004253,PP_010,2024-04-07T08:19:08
004670,PP_018,2024-04-07T08:28:31
001398,PP_001,2024-04-07T10:44:18
001912,PP_005,2024-04-07T11:48:50
004103,PP_007,2024-04-07T13:21:17
001161,PP_015,2024-04-07T14:41:38
001523,PP_020,2024-04-07T15:29:55
002317,PP_003,2024-04-07T15:48:49
001161,PP_002,2024-04-07T16:08:20
001912,PP_013,2024-04-07T17:53:34
004103,PP_001,2024-04-07T19:07:49
000097,PP_013,2024-04-07T20:13:30
003191,PP_018,2024-04-07T20:24:08
003411,PP_019,2024-04-07T20:36:41
002270,PP_010,2024-04-07T22:21:09
002141,PP_006,2024-04-07T22:33:14
004494,PP_003,2024-04-07T22:50:44
001891,PP_015,2024-04-08T09:40:12
003366,PP_008,2024-04-08T10:38:05
003462,PP_010,2024-04-08T12:40:43
004307,PP_001,2024-04-08T16:51:21
003456,PP_016,2024-04-08T20:42:17
000496,PP_010,2024-04-09T09:36:03
000961,PP_013,2024-04-09T11:41:37
000371,PP_012,2024-04-09T12:36:05
004253,PP_012,2024-04-09T12:45:38
000371,PP_004,2024-04-09T13:20:18
004359,PP_009,2024-04-09T13:30:40
003873,PP_017,2024-04-09T13:34:15
004843,PP_017,2024-04-09T14:38:36
001891,PP_013,2024-04-09T15:27:43
004233,PP_012,2024-04-09T16:18:10
001425,PP_001,2024-04-09T20:39:18
000935,PP_017,2024-04-09T21:30:19
003424,PP_016,2024-04-09T21:55:01
002482,PP_013,2024-04-09T22:25:26
001902,PP_015,2024-04-09T22:30:43
004465,PP_001,2024-04-10T11:02:34
002090,PP_014,2024-04-10T11:21:53
000455,PP_019,2024-04-10T12:25:19
003709,PP_017,2024-04-10T15:31:08
002577,PP_004,2024-04-10T18:08:56
001523,PP_001,2024-04-10T18:57:43
000836,PP_016,2024-04-10T20:12:38
000714,PP_007,2024-04-10T20:20:36
003408,PP_018,2024-04-10T20:27:34
004304,PP_006,2024-04-10T22:54:05
001227,PP_003,2024-04-11T09:12:49
002759,PP_016,2024-04-11T09:34:42
004183,PP_020,2024-04-11T11:47:26
004183,PP_018,2024-04-11T12:27:05
003273,PP_012,2024-04-11T13:05:02
001227,PP_014,2024-04-11T13:28:07
004471,PP_018,2024-04-11T14:56:53
003462,PP_003,2024-04-11T14:57:37
004345,PP_018,2024-04-11T17:51:37
004158,PP_012,2024-04-11T20:47:13
000870,PP_002,2024-04-12T10:08:46
003137,PP_013,2024-04-12T10:52:51
000762,PP_017,2024-04-12T11:20:55
002546,PP_013,2024-04-12T11:30:45
003662,PP_001,2024-04-12T12:04:29
003273,PP_011,2024-04-12T13:17:59
002165,PP_002,2024-04-12T15:16:40
001828,PP_018,2024-04-12T15:27:09
003807,PP_012,2024-04-12T15:37:16
003681,PP_018,2024-04-12T15:41:35
004158,PP_013,2024-04-12T17:40:34
001723,PP_011,2024-04-12T17:41:14
001715,PP_012,2024-04-12T19:33:52
000526,PP_010,2024-04-12T19:37:23
001187,PP_002,2024-04-12T19:51:16
002291,PP_004,2024-04-12T21:04:45
000127,PP_016,2024-04-12T21:36:36
000389,PP_006,2024-04-12T21:45:27
001359,PP_008,2024-04-12T22:27:09
004756,PP_001,2024-04-12T22:40:49
001219,PP_004,2024-04-13T08:57:07
003302,PP_016,2024-04-13T09:41:14
000262,PP_011,2024-04-13T10:04:42
003080,PP_001,2024-04-13T11:40:45
004775,PP_003,2024-04-13T11:55:23
004385,PP_016,2024-04-13T13:44:33
004118,PP_012,2024-04-13T17:17:50
000343,PP_011,2024-04-13T20:28:01
004493,PP_007,2024-04-13T21:40:11
000680,PP_006,2024-04-14T08:40:47
002923,PP_016,2024-04-14T09:57:51
001723,PP_005,2024-04-14T10:11:22
002087,PP_015,2024-04-14T10:17:12
003411,PP_018,2024-04-14T11:30:02
001912,PP_011,2024-04-14T11:33:38
000099,PP_013,2024-04-14T11:35:51
001734,PP_010,2024-04-14T15:04:31
002087,PP_007,2024-04-14T15:45:03
002923,PP_013,2024-04-14T17:25:26
001734,PP_014,2024-04-14T17:26:03
001528,PP_013,2024-04-14T19:26:22
002923,PP_011,2024-04-14T21:27:54
003462,PP_002,2024-04-14T21:36:39
000032,PP_009,2024-04-15T08:51:36
003002,PP_003,2024-04-15T09:36:43
004781,PP_017,2024-04-15T09:59:51
000579,PP_015,2024-04-15T13:51:50
002647,PP_009,2024-04-15T14:31:20
000032,PP_017,2024-04-15T15:53:26
004621,PP_004,2024-04-15T16:25:06
002237,PP_013,2024-04-15T17:01:04
001672,PP_009,2024-04-15T17:51:37
004621,PP_020,2024-04-15T18:13:28
002053,PP_002,2024-04-15T19:01:27
004901,PP_015,2024-04-15T19:21:50
002143,PP_015,2024-04-15T20:44:50
001756,PP_016,2024-04-15T21:32:48
001756,PP_011,2024-04-15T21:50:25
000360,PP_018,2024-04-15T22:29:43
004337,PP_011,2024-04-15T22:38:31
004062,PP_007,2024-04-16T08:00:44
003084,PP_011,2024-04-16T08:23:43
004883,PP_013,2024-04-16T09:58:44
002518,PP_013,2024-04-16T10:35:02
003240,PP_017,2024-04-16T10:48:25
002546,PP_011,2024-04-16T11:34:17
000943,PP_001,2024-04-16T12:05:23
002923,PP_001,2024-04-16T13:44:33
001731,PP_006,2024-04-16T16:04:46
004502,PP_012,2024-04-16T17:06:16
004502,PP_006,2024-04-16T19:16:36
003204,PP_012,2024-04-16T21:22:04
003084,PP_012,2024-04-16T21:58:50
004502,PP_019,2024-04-16T22:15:43
001672,PP_017,2024-04-16T22:30:44
004524,PP_016,2024-04-17T08:05:18
004204,PP_007,2024-04-17T12:31:42
000653,PP_002,2024-04-17T12:37:35
004670,PP_006,2024-04-17T12:58:35
004345,PP_009,2024-04-17T16:58:55
003323,PP_015,2024-04-17T17:10:56
000234,PP_011,2024-04-17T17:30:08
001723,PP_015,2024-04-17T18:14:25
002199,PP_013,2024-04-17T18:43:09
004394,PP_013,2024-04-17T18:47:41
002599,PP_009,2024-04-18T09:14:41
004502,PP_011,2024-04-18T11:31:31
003258,PP_012,2024-04-18T13:32:14
001496,PP_005,2024-04-18T13:40:15
000781,PP_019,2024-04-18T14:40:03
001271,PP_011,2024-04-18T16:20:05
003773,PP_011,2024-04-18T17:15:55
000589,PP_018,2024-04-18T17:59:28
004204,PP_019,2024-04-18T18:17:51
001387,PP_004,2024-04-18T18:24:13
002174,PP_006,2024-04-18T19:24:04
003080,PP_006,2024-04-18T20:40:37
003629,PP_013,2024-04-18T22:23:37
000095,PP_010,2024-04-19T11:48:57
002693,PP_018,2024-04-19T11:55:38
004901,PP_012,2024-04-19T13:10:21
001228,PP_016,2024-04-19T14:02:43
002027,PP_011,2024-04-19T15:13:34
004019,PP_011,2024-04-19T15:26:23
001431,PP_003,2024-04-19T15:54:15
003536,PP_016,2024-04-19T16:39:49
000680,PP_003,2024-04-19T19:26:25
000577,PP_014,2024-04-19T19:47:19
003283,PP_016,2024-04-19T20:16:38
003017,PP_003,2024-04-19T22:55:35
002631,PP_008,2024-04-19T22:56:30
004805,PP_017,2024-04-20T08:38:31
000614,PP_012,2024-04-20T08:41:44
004204,PP_018,2024-04-20T09:55:15
004805,PP_015,2024-04-20T11:03:26
002646,PP_002,2024-04-20T15:38:24
003460,PP_004,2024-04-20T16:10:19
003460,PP_016,2024-04-20T17:47:42
002879,PP_019,2024-04-20T19:32:14
003129,PP_008,2024-04-20T20:06:06
004471,PP_017,2024-04-20T20:40:54
001753,PP_016,2024-04-20T22:17:02
000614,PP_011,2024-04-20T22:17:02
002879,PP_007,2024-04-20T22:56:20
000387,PP_002,2024-04-21T09:33:45
000542,PP_015,2024-04-21T10:23:57
002671,PP_018,2024-04-21T10:54:23
000347,PP_017,2024-04-21T11:03:33
004843,PP_001,2024-04-21T13:23:34
000943,PP_005,2024-04-21T13:28:46
000387,PP_013,2024-04-21T15:44:09
004003,PP_007,2024-04-21T16:00:09
002009,PP_003,2024-04-21T16:22:44
000589,PP_020,2024-04-21T16:55:29
002587,PP_001,2024-04-21T17:33:53
003356,PP_012,2024-04-21T18:30:50
001465,PP_009,2024-04-21T19:16:33
002220,PP_012,2024-04-21T19:29:40
002237,PP_016,2024-04-21T20:32:54
002611,PP_018,2024-04-22T08:04:34
002784,PP_003,2024-04-22T08:23:39
004206,PP_001,2024-04-22T08:45:12
004901,PP_013,2024-04-22T08:52:47
001655,PP_005,2024-04-22T09:13:19
002188,PP_006,2024-04-22T09:16:25
004976,PP_013,2024-04-22T10:33:24
003880,PP_002,2024-04-22T10:38:17
004610,PP_003,2024-04-22T11:51:54
000474,PP_004,2024-04-22T11:54:31
003662,PP_008,2024-04-22T12:49:38
004527,PP_014,2024-04-22T13:28:06
000457,PP_013,2024-04-22T14:08:01
003420,PP_015,2024-04-22T15:03:07
000474,PP_020,2024-04-22T16:42:09
001895,PP_011,2024-04-22T17:21:00
004387,PP_011,2024-04-22T17:36:05
000457,PP_020,2024-04-22T17:51:45
004204,PP_004,2024-04-22T17:57:15
004527,PP_007,2024-04-22T18:55:46
004118,PP_001,2024-04-22T19:41:35
000403,PP_011,2024-04-22T21:31:53
002780,PP_009,2024-04-22T22:01:28
000474,PP_006,2024-04-22T22:28:46
001603,PP_010,2024-04-22T22:38:54
000781,PP_014,2024-04-23T09:09:27
001511,PP_008,2024-04-23T10:09:32
000943,PP_003,2024-04-23T10:57:32
003129,PP_015,2024-04-23T12:12:27
001511,PP_016,2024-04-23T13:39:22
000302,PP_018,2024-04-23T13:40:19
001511,PP_013,2024-04-23T13:52:43
001884,PP_004,2024-04-23T14:27:30
000347,PP_007,2024-04-23T19:45:49
001511,PP_006,2024-04-23T20:13:48
004870,PP_020,2024-04-23T21:02:53
002699,PP_010,2024-04-23T22:04:22
003713,PP_012,2024-04-24T09:05:57
004824,PP_010,2024-04-24T09:12:15
001417,PP_012,2024-04-24T11:17:24
004805,PP_003,2024-04-24T11:19:36
004669,PP_011,2024-04-24T13:53:18
004019,PP_013,2024-04-24T13:56:56
004596,PP_012,2024-04-24T15:04:31
002139,PP_016,2024-04-24T15:46:24
001030,PP_005,2024-04-24T16:35:04
004824,PP_015,2024-04-24T16:38:32
002178,PP_020,2024-04-24T18:01:07
000403,PP_013,2024-04-24T19:18:11
002555,PP_013,2024-04-24T19:20:41
001144,PP_011,2024-04-24T21:23:53
003536,PP_007,2024-04-25T08:53:15
003602,PP_011,2024-04-25T09:27:15
003592,PP_009,2024-04-25T09:31:47
004661,PP_003,2024-04-25T09:39:38
004661,PP_018,2024-04-25T09:54:30
004669,PP_012,2024-04-25T12:24:47
000779,PP_012,2024-04-25T12:33:47
002693,PP_015,2024-04-25T13:37:10
000466,PP_019,2024-04-25T15:33:50
004661,PP_005,2024-04-25T15:34:24
002808,PP_013,2024-04-25T15:52:23
002693,PP_011,2024-04-25T16:57:06
000371,PP_014,2024-04-25T17:30:03
000779,PP_003,2024-04-25T19:38:45
001193,PP_002,2024-04-25T20:14:24
003360,PP_002,2024-04-26T08:06:09
002484,PP_012,2024-04-26T09:29:06
002604,PP_004,2024-04-26T09:42:09
003602,PP_005,2024-04-26T10:08:16
003759,PP_004,2024-04-26T12:17:05
001599,PP_011,2024-04-26T12:27:44
003360,PP_015,2024-04-26T13:18:35
003961,PP_004,2024-04-26T13:50:57
000127,PP_015,2024-04-26T15:53:37
004848,PP_020,2024-04-26T16:34:45
000513,PP_015,2024-04-26T16:41:27
003210,PP_006,2024-04-26T18:13:46
002664,PP_001,2024-04-26T18:59:06
002262,PP_013,2024-04-26T19:21:43
000513,PP_008,2024-04-26T20:07:19
003759,PP_008,2024-04-26T21:45:24
004610,PP_020,2024-04-26T22:00:30
000744,PP_020,2024-04-27T08:33:17
001193,PP_001,2024-04-27T08:44:41
001728,PP_017,2024-04-27T09:53:02
001219,PP_012,2024-04-27T18:38:20
004843,PP_009,2024-04-27T20:28:44
003213,PP_006,2024-04-27T21:18:49
004359,PP_012,2024-04-28T11:14:18
003729,PP_006,2024-04-28T13:07:11
003729,PP_012,2024-04-28T16:39:18
001606,PP_001,2024-04-28T17:31:22
001303,PP_010,2024-04-28T20:45:18
003287,PP_013,2024-04-28T22:47:14
004870,PP_019,2024-04-28T22:53:56
001895,PP_003,2024-04-28T22:57:07
000141,PP_004,2024-04-29T08:08:47
001790,PP_014,2024-04-29T08:21:16
004368,PP_016,2024-04-29T08:53:21
000781,PP_007,2024-04-29T09:55:29
001264,PP_003,2024-04-29T13:52:42
000606,PP_002,2024-04-29T14:02:10
003688,PP_019,2024-04-29T22:12:20
003447,PP_006,2024-04-30T08:41:50
002690,PP_017,2024-04-30T09:58:11
004498,PP_010,2024-04-30T10:29:25
004498,PP_019,2024-04-30T12:16:04
004977,PP_011,2024-04-30T12:25:43
001303,PP_003,2024-04-30T12:59:38
001161,PP_016,2024-04-30T16:39:31
004498,PP_005,2024-04-30T17:28:42
004498,PP_014,2024-04-30T18:54:01
003721,PP_019,2024-04-30T20:22:40
000561,PP_006,2024-04-30T21:01:01
000412,PP_001,2024-05-01T08:15:50
000138,PP_013,2024-05-01T09:59:57
001291,PP_015,2024-05-01T15:02:06
003382,PP_001,2024-05-01T15:34:00
004661,PP_010,2024-05-01T18:59:52
000041,PP_017,2024-05-01T20:19:59
001291,PP_013,2024-05-01T21:41:44
003759,PP_006,2024-05-02T10:07:37
004848,PP_010,2024-05-02T10:08:45
002857,PP_002,2024-05-02T10:29:22
004549,PP_016,2024-05-02T10:46:14
003729,PP_015,2024-05-02T11:23:18
000868,PP_012,2024-05-02T11:57:41
002052,PP_015,2024-05-02T12:17:05
002484,PP_011,2024-05-02T12:41:20
004246,PP_015,2024-05-02T14:16:10
004549,PP_019,2024-05-02T16:07:57
001728,PP_010,2024-05-02T16:45:29
004246,PP_011,2024-05-02T17:32:39
001606,PP_010,2024-05-02T20:14:50
001919,PP_003,2024-05-02T20:19:58
002631,PP_005,2024-05-02T20:34:33
004549,PP_010,2024-05-02T21:42:04
001494,PP_019,2024-05-03T08:58:39
000513,PP_014,2024-05-03T11:32:57
001837,PP_010,2024-05-03T14:22:24
003709,PP_013,2024-05-03T16:58:27
001837,PP_009,2024-05-03T19:15:17
002290,PP_018,2024-05-03T19:51:27
002226,PP_017,2024-05-03T22:25:21
004449,PP_014,2024-05-03T22:41:10
002052,PP_012,2024-05-04T08:58:23
004681,PP_011,2024-05-04T10:16:02
004067,PP_017,2024-05-04T11:33:08
004304,PP_004,2024-05-04T13:00:57
002857,PP_014,2024-05-04T13:08:00
001034,PP_002,2024-05-04T14:42:02
000357,PP_012,2024-05-04T15:40:19
004246,PP_016,2024-05-04T16:11:43
004067,PP_005,2024-05-04T17:42:01
001034,PP_004,2024-05-04T17:49:18
004323,PP_002,2024-05-04T18:19:25
001756,PP_017,2024-05-04T19:06:16
002087,PP_014,2024-05-04T22:41:47
003684,PP_008,2024-05-05T09:04:34
001667,PP_007,2024-05-05T10:47:38
004848,PP_019,2024-05-05T11:19:28
004209,PP_006,2024-05-05T12:58:47
002087,PP_019,2024-05-05T13:05:58
000799,PP_005,2024-05-05T13:16:44
004249,PP_019,2024-05-05T13:23:12
004209,PP_003,2024-05-05T13:38:56
004209,PP_009,2024-05-05T14:23:34
000526,PP_003,2024-05-05T14:37:25
004209,PP_004,2024-05-05T18:42:15
003869,PP_009,2024-05-05T19:12:58
000041,PP_003,2024-05-05T20:18:44
003562,PP_005,2024-05-05T20:40:02
000094,PP_018,2024-05-05T22:06:39
000839,PP_018,2024-05-05T22:17:54
003869,PP_007,2024-05-05T22:33:57
003562,PP_010,2024-05-05T22:56:39
001483,PP_002,2024-05-06T08:33:16
002174,PP_013,2024-05-06T09:08:43
001312,PP_018,2024-05-06T11:08:11
000799,PP_012,2024-05-06T13:16:22
002174,PP_012,2024-05-06T14:55:32
000919,PP_016,2024-05-06T18:46:12
001860,PP_002,2024-05-06T20:21:00
002854,PP_009,2024-05-06T20:30:06
002226,PP_013,2024-05-07T08:20:04
004577,PP_006,2024-05-07T08:41:11
002486,PP_008,2024-05-07T09:01:08
002222,PP_018,2024-05-07T09:29:05
004052,PP_015,2024-05-07T09:50:55
001590,PP_020,2024-05-07T11:10:51
002486,PP_002,2024-05-07T12:46:17
001590,PP_018,2024-05-07T12:57:00
003243,PP_020,2024-05-07T14:53:52
004067,PP_002,2024-05-07T15:02:14
004323,PP_013,2024-05-07T15:37:12
003243,PP_004,2024-05-07T17:21:52
001590,PP_005,2024-05-07T19:38:58
000390,PP_005,2024-05-07T20:34:02
004305,PP_018,2024-05-07T22:10:45
004347,PP_013,2024-05-08T08:43:38
004983,PP_015,2024-05-08T08:58:25
004420,PP_001,2024-05-08T09:18:48
004152,PP_002,2024-05-08T09:54:26
004983,PP_002,2024-05-08T11:27:26
002400,PP_002,2024-05-08T11:39:15
004148,PP_002,2024-05-08T12:36:07
002947,PP_003,2024-05-08T17:05:58
003030,PP_011,2024-05-08T17:20:23
003710,PP_012,2024-05-08T18:56:28
004983,PP_018,2024-05-08T19:19:59
004246,PP_018,2024-05-08T19:39:59
002947,PP_015,2024-05-08T19:42:21
002824,PP_015,2024-05-08T20:02:26
000094,PP_009,2024-05-08T20:10:35
004420,PP_003,2024-05-08T20:46:47
001641,PP_015,2024-05-08T21:55:06
002400,PP_014,2024-05-08T22:40:29
004152,PP_019,2024-05-08T22:56:36
000247,PP_020,2024-05-09T08:28:55
000378,PP_010,2024-05-09T08:40:56
003412,PP_011,2024-05-09T09:50:28
004803,PP_015,2024-05-09T11:55:45
000745,PP_006,2024-05-09T12:26:45
000799,PP_011,2024-05-09T12:57:33
001728,PP_003,2024-05-09T13:46:52
003030,PP_012,2024-05-09T13:48:02
001702,PP_019,2024-05-09T14:15:17
003684,PP_001,2024-05-09T14:50:37
004546,PP_016,2024-05-09T14:56:48
004301,PP_009,2024-05-09T15:57:42
002870,PP_006,2024-05-09T18:55:22
000378,PP_014,2024-05-09T19:57:37
004711,PP_011,2024-05-09T20:33:18
000769,PP_012,2024-05-09T21:16:25
004101,PP_017,2024-05-10T08:09:40
002811,PP_007,2024-05-10T09:06:08
004101,PP_014,2024-05-10T09:16:08
004101,PP_005,2024-05-10T10:01:53
003869,PP_003,2024-05-10T12:02:25
001787,PP_015,2024-05-10T13:06:21
004449,PP_020,2024-05-10T13:44:08
004181,PP_017,2024-05-10T14:45:14
002604,PP_019,2024-05-10T15:28:59
002901,PP_020,2024-05-10T17:07:21
000799,PP_016,2024-05-10T18:09:20
001187,PP_004,2024-05-10T18:09:49
004181,PP_015,2024-05-10T19:25:39
002901,PP_017,2024-05-10T19:26:35
002901,PP_001,2024-05-10T19:30:49
002951,PP_010,2024-05-10T22:36:32
001548,PP_009,2024-05-11T08:26:42
000828,PP_003,2024-05-11T08:28:08
000828,PP_014,2024-05-11T10:10:26
002505,PP_013,2024-05-11T11:07:23
004420,PP_004,2024-05-11T11:18:58
000105,PP_012,2024-05-11T13:02:07
001548,PP_006,2024-05-11T17:20:55
001565,PP_011,2024-05-11T18:02:20
004444,PP_007,2024-05-11T19:12:49
001837,PP_019,2024-05-12T09:53:18
000378,PP_012,2024-05-12T11:26:45
002200,PP_003,2024-05-12T14:34:14
003356,PP_016,2024-05-12T14:58:23
003287,PP_011,2024-05-12T19:31:42
000714,PP_002,2024-05-13T08:46:40
000019,PP_013,2024-05-13T09:56:35
001548,PP_001,2024-05-13T10:17:00
004139,PP_013,2024-05-13T10:45:15
002676,PP_005,2024-05-13T11:24:16
001837,PP_013,2024-05-13T11:54:41
002486,PP_003,2024-05-13T12:35:35
001091,PP_017,2024-05-13T15:22:12
004546,PP_011,2024-05-13T16:01:48
000347,PP_012,2024-05-13T17:06:05
003030,PP_017,2024-05-13T20:29:32
001576,PP_012,2024-05-14T08:24:26
003472,PP_001,2024-05-14T08:39:04
004148,PP_010,2024-05-14T09:59:21
000274,PP_006,2024-05-14T12:09:09
003338,PP_011,2024-05-14T12:28:05
004135,PP_018,2024-05-14T16:55:27
000096,PP_007,2024-05-14T19:05:36
002707,PP_009,2024-05-14T19:24:51
002698,PP_005,2024-05-14T19:33:28
000096,PP_020,2024-05-14T20:03:50
003338,PP_016,2024-05-14T20:54:31
002707,PP_002,2024-05-14T22:59:02
002694,PP_017,2024-05-15T08:13:50
002947,PP_014,2024-05-15T08:15:46
000026,PP_015,2024-05-15T09:50:13
000026,PP_011,2024-05-15T09:52:06
004985,PP_013,2024-05-15T10:10:47
000115,PP_003,2024-05-15T10:27:45
000115,PP_010,2024-05-15T12:51:24
001606,PP_007,2024-05-15T13:02:38
004860,PP_019,2024-05-15T14:20:40
004287,PP_010,2024-05-15T16:58:11
002172,PP_012,2024-05-15T17:12:02
000115,PP_008,2024-05-15T17:24:00
002694,PP_002,2024-05-15T17:48:22
001977,PP_007,2024-05-15T19:08:31
000096,PP_015,2024-05-15T21:35:05
003688,PP_006,2024-05-15T22:31:03
001787,PP_016,2024-05-16T08:47:13
003007,PP_011,2024-05-16T10:02:04
000589,PP_005,2024-05-16T10:43:45
004135,PP_003,2024-05-16T11:24:16
003472,PP_002,2024-05-16T11:27:40
002631,PP_020,2024-05-16T13:11:49
002193,PP_012,2024-05-16T13:15:43
000915,PP_011,2024-05-16T13:39:17
002249,PP_012,2024-05-16T14:59:48
002193,PP_009,2024-05-16T15:15:34
002193,PP_006,2024-05-16T15:15:39
004573,PP_009,2024-05-16T16:08:10
004023,PP_012,2024-05-16T16:13:29
004860,PP_020,2024-05-16T16:28:21
004573,PP_017,2024-05-16T19:08:20
003036,PP_005,2024-05-16T19:19:23
000569,PP_014,2024-05-16T19:49:41
004023,PP_015,2024-05-16T20:22:34
003447,PP_005,2024-05-16T21:02:24
000108,PP_011,2024-05-16T21:58:37
000233,PP_010,2024-05-17T08:21:14
002968,PP_016,2024-05-17T09:28:42
003712,PP_013,2024-05-17T10:07:40
004463,PP_009,2024-05-17T10:33:35
004796,PP_012,2024-05-17T11:30:26
002172,PP_020,2024-05-17T12:04:26
001363,PP_020,2024-05-17T16:14:06
001650,PP_002,2024-05-17T17:16:09
000839,PP_010,2024-05-17T17:32:04
000285,PP_015,2024-05-17T22:07:55
001153,PP_015,2024-05-17T22:50:46
004711,PP_019,2024-05-18T12:54:17
002501,PP_016,2024-05-18T14:05:59
002178,PP_009,2024-05-18T16:44:47
000285,PP_012,2024-05-18T18:55:21
003810,PP_016,2024-05-18T19:08:57
004207,PP_016,2024-05-18T21:29:17
000668,PP_020,2024-05-18T22:04:09
003472,PP_004,2024-05-19T08:00:14
004152,PP_020,2024-05-19T09:12:06
000940,PP_019,2024-05-19T09:36:25
003769,PP_017,2024-05-19T10:48:56
003077,PP_003,2024-05-19T10:59:51
000823,PP_013,2024-05-19T11:42:36
000492,PP_004,2024-05-19T13:14:45
002720,PP_016,2024-05-19T15:10:34
004548,PP_003,2024-05-19T17:15:49
001507,PP_017,2024-05-19T19:18:41
004394,PP_019,2024-05-19T21:16:03
002720,PP_004,2024-05-19T21:32:08
001507,PP_009,2024-05-19T22:10:28
001507,PP_019,2024-05-19T22:25:20
004548,PP_007,2024-05-19T22:48:15
004139,PP_007,2024-05-20T13:58:50
001197,PP_019,2024-05-20T14:13:36
000531,PP_009,2024-05-20T14:30:13
004853,PP_019,2024-05-20T15:15:31
001635,PP_016,2024-05-20T15:17:43
003769,PP_012,2024-05-20T15:48:11
002586,PP_005,2024-05-20T16:18:14
001468,PP_011,2024-05-20T17:38:30
001635,PP_005,2024-05-20T22:21:10
003712,PP_015,2024-05-20T22:46:22
004972,PP_007,2024-05-21T08:03:05
004972,PP_003,2024-05-21T08:46:43
004463,PP_002,2024-05-21T09:05:18
001391,PP_016,2024-05-21T09:28:18
004549,PP_007,2024-05-21T10:20:30
003688,PP_008,2024-05-21T10:55:11
002160,PP_020,2024-05-21T12:40:19
001465,PP_002,2024-05-21T13:53:07
000531,PP_020,2024-05-21T14:52:03
004972,PP_017,2024-05-21T20:22:21
002249,PP_013,2024-05-21T20:30:35
003036,PP_016,2024-05-21T22:17:08
000329,PP_016,2024-05-21T22:21:53
003479,PP_010,2024-05-22T08:07:49
004985,PP_012,2024-05-22T10:12:40
001092,PP_018,2024-05-22T13:47:18
000507,PP_016,2024-05-22T16:05:41
000193,PP_018,2024-05-22T16:28:42
001362,PP_002,2024-05-22T17:08:16
000170,PP_002,2024-05-22T19:05:43
001683,PP_012,2024-05-22T19:16:19
002110,PP_009,2024-05-22T19:16:32
001683,PP_010,2024-05-22T19:37:48
000474,PP_003,2024-05-22T21:32:58
000796,PP_012,2024-05-22T22:16:12
002793,PP_004,2024-05-22T22:39:42
000170,PP_005,2024-05-22T22:42:35
002123,PP_015,2024-05-23T08:32:29
004383,PP_012,2024-05-23T09:02:35
002310,PP_011,2024-05-23T10:33:33
000344,PP_001,2024-05-23T10:40:49
000170,PP_013,2024-05-23T12:09:27
004654,PP_005,2024-05-23T13:10:43
001426,PP_014,2024-05-23T13:38:46
000344,PP_009,2024-05-23T16:09:21
002265,PP_003,2024-05-23T16:23:14
001418,PP_009,2024-05-23T16:36:39
000329,PP_012,2024-05-23T16:51:24
002385,PP_001,2024-05-23T19:17:56
004676,PP_011,2024-05-23T19:55:39
001623,PP_011,2024-05-23T20:24:17
000791,PP_016,2024-05-23T20:24:18
004371,PP_018,2024-05-23T20:28:36
003482,PP_006,2024-05-24T09:17:03
000940,PP_002,2024-05-24T09:20:45
002586,PP_020,2024-05-24T10:41:27
004903,PP_017,2024-05-24T12:13:57
002501,PP_007,2024-05-24T12:38:17
000745,PP_018,2024-05-24T14:42:35
001980,PP_019,2024-05-24T18:27:42
000492,PP_009,2024-05-24T19:28:43
002733,PP_018,2024-05-24T21:21:00
003810,PP_008,2024-05-25T08:18:59
003088,PP_013,2024-05-25T09:03:37
002798,PP_005,2024-05-25T09:11:36
003747,PP_016,2024-05-25T09:53:06
001312,PP_019,2024-05-25T12:34:50
002233,PP_011,2024-05-25T16:22:54
000344,PP_002,2024-05-25T20:03:28
003203,PP_001,2024-05-25T20:46:55
003747,PP_011,2024-05-25T21:22:14
001381,PP_017,2024-05-25T21:49:28
004853,PP_003,2024-05-25T21:59:22
002798,PP_017,2024-05-25T22:24:10
000839,PP_011,2024-05-25T22:31:56
001683,PP_020,2024-05-25T22:36:58
001335,PP_006,2024-05-26T08:41:50
001439,PP_020,2024-05-26T11:32:19
001418,PP_017,2024-05-26T13:06:50
000122,PP_008,2024-05-26T14:09:45
002709,PP_015,2024-05-26T14:48:44
001103,PP_004,2024-05-26T16:50:45
004679,PP_015,2024-05-26T17:05:30
003655,PP_012,2024-05-26T17:46:44
004176,PP_012,2024-05-26T18:23:36
000492,PP_012,2024-05-26T20:10:22
001650,PP_010,2024-05-26T21:16:07
001153,PP_012,2024-05-27T10:06:13
000505,PP_007,2024-05-27T12:57:09
003750,PP_019,2024-05-27T13:51:41
001403,PP_017,2024-05-27T14:08:39
004747,PP_015,2024-05-27T14:16:21
000271,PP_007,2024-05-27T16:00:14
004636,PP_018,2024-05-27T17:51:28
002907,PP_018,2024-05-27T18:53:12
004588,PP_008,2024-05-27T21:59:34
003810,PP_014,2024-05-27T22:02:00
000420,PP_012,2024-05-27T22:06:52
001096,PP_012,2024-05-27T22:38:31
003479,PP_018,2024-05-27T22:51:07
000699,PP_020,2024-05-28T08:00:58
002806,PP_012,2024-05-28T08:59:26
002160,PP_015,2024-05-28T10:45:48
000431,PP_017,2024-05-28T11:03:59
004340,PP_016,2024-05-28T12:14:22
001623,PP_002,2024-05-28T13:18:55
003412,PP_020,2024-05-28T14:17:04
000699,PP_008,2024-05-28T15:19:40
002474,PP_002,2024-05-28T16:22:23
002369,PP_012,2024-05-28T18:26:31
000431,PP_002,2024-05-28T20:13:52
002530,PP_013,2024-05-28T22:09:40
002831,PP_019,2024-05-29T08:16:43
001962,PP_013,2024-05-29T12:02:41
003479,PP_004,2024-05-29T17:22:23
001548,PP_020,2024-05-29T18:18:05
001962,PP_004,2024-05-29T18:41:50
000776,PP_018,2024-05-29T20:19:46
001962,PP_009,2024-05-29T20:58:15
001030,PP_015,2024-05-29T21:24:50
004881,PP_004,2024-05-30T08:46:29
001704,PP_015,2024-05-30T10:04:24
000768,PP_005,2024-05-30T10:05:42
003471,PP_003,2024-05-30T10:30:07
004654,PP_011,2024-05-30T10:57:02
004332,PP_006,2024-05-30T11:17:30
000145,PP_008,2024-05-30T11:54:08
001708,PP_011,2024-05-30T12:21:11
002290,PP_006,2024-05-30T12:36:34
000433,PP_020,2024-05-30T12:40:09
002732,PP_010,2024-05-30T12:43:38
001259,PP_001,2024-05-30T13:07:13
001849,PP_010,2024-05-30T13:08:22
003560,PP_014,2024-05-30T13:21:54
000433,PP_013,2024-05-30T16:48:08
002732,PP_008,2024-05-30T21:31:39
002811,PP_010,2024-05-31T09:52:52
003399,PP_017,2024-05-31T11:30:29
000162,PP_009,2024-05-31T11:35:53
001768,PP_014,2024-05-31T11:43:52
001556,PP_015,2024-05-31T13:40:14
000646,PP_008,2024-05-31T14:03:03
003086,PP_009,2024-05-31T14:19:09
000390,PP_010,2024-05-31T14:41:58
003385,PP_020,2024-05-31T16:56:27
000152,PP_013,2024-05-31T18:21:05
003712,PP_010,2024-05-31T19:09:04
002238,PP_009,2024-06-01T09:30:01
002165,PP_007,2024-06-01T09:46:15
002238,PP_019,2024-06-01T09:52:12
001259,PP_004,2024-06-01T10:03:28
003387,PP_002,2024-06-01T10:14:25
004628,PP_003,2024-06-01T10:16:19
004069,PP_020,2024-06-01T10:44:46
001259,PP_006,2024-06-01T11:33:09
002429,PP_015,2024-06-01T11:53:07
003338,PP_015,2024-06-01T12:24:21
000878,PP_016,2024-06-01T14:22:58
004450,PP_013,2024-06-01T15:18:46
004628,PP_017,2024-06-01T17:55:32
004069,PP_005,2024-06-01T19:26:05
000101,PP_018,2024-06-01T22:55:51
001035,PP_012,2024-06-02T09:18:52
000101,PP_010,2024-06-02T09:35:07
000094,PP_003,2024-06-02T13:10:44
000145,PP_019,2024-06-02T13:23:09
002268,PP_007,2024-06-02T14:39:24
001260,PP_014,2024-06-02T15:25:52
001260,PP_001,2024-06-02T15:55:35
000513,PP_020,2024-06-02T17:00:21
004114,PP_019,2024-06-02T18:02:38
001935,PP_005,2024-06-02T19:36:11
004279,PP_018,2024-06-02T19:59:37
001260,PP_007,2024-06-02T20:44:39
003835,PP_014,2024-06-03T08:43:02
002767,PP_015,2024-06-03T08:51:35
002973,PP_011,2024-06-03T09:16:51
002826,PP_007,2024-06-03T10:33:04
001966,PP_016,2024-06-03T10:50:41
000895,PP_012,2024-06-03T16:44:06
002442,PP_014,2024-06-03T17:53:17
003560,PP_004,2024-06-03T18:39:20
004214,PP_018,2024-06-03T19:16:03
004450,PP_015,2024-06-03T20:14:03
002442,PP_003,2024-06-03T22:24:36
004381,PP_001,2024-06-04T09:31:04
003121,PP_007,2024-06-04T10:12:54
004154,PP_016,2024-06-04T12:17:09
003121,PP_005,2024-06-04T12:25:17
004512,PP_019,2024-06-04T13:02:57
003835,PP_010,2024-06-04T14:10:54
001556,PP_012,2024-06-04T15:51:10
000145,PP_013,2024-06-04T16:03:57
003971,PP_016,2024-06-04T16:20:42
004450,PP_002,2024-06-04T16:39:52
004034,PP_002,2024-06-04T17:02:51
003063,PP_001,2024-06-04T17:18:59
001686,PP_014,2024-06-04T17:48:17
003560,PP_015,2024-06-04T18:06:00
000778,PP_003,2024-06-04T18:54:01
003063,PP_005,2024-06-04T20:56:05
002729,PP_016,2024-06-05T08:15:15
004273,PP_018,2024-06-05T09:03:43
000523,PP_013,2024-06-05T10:43:24
000523,PP_016,2024-06-05T13:29:27
003220,PP_011,2024-06-05T13:31:29
002859,PP_001,2024-06-05T15:18:28
001535,PP_001,2024-06-05T15:58:27
000776,PP_015,2024-06-05T16:39:03
001947,PP_009,2024-06-05T18:04:43
003385,PP_017,2024-06-05T18:27:19
001039,PP_002,2024-06-05T18:53:56
002215,PP_002,2024-06-05T19:12:50
000968,PP_001,2024-06-06T08:03:04
001565,PP_015,2024-06-06T09:36:14
000505,PP_013,2024-06-06T10:19:17
001850,PP_015,2024-06-06T11:52:15
000120,PP_011,2024-06-06T11:59:26
002089,PP_004,2024-06-06T12:32:03
004811,PP_016,2024-06-06T13:57:12
002289,PP_005,2024-06-06T14:33:13
002088,PP_009,2024-06-06T18:56:40
003496,PP_009,2024-06-06T19:18:31
002215,PP_013,2024-06-06T20:15:05
003461,PP_013,2024-06-06T20:24:32
000443,PP_013,2024-06-06T20:30:56
000497,PP_012,2024-06-06T22:15:33
004033,PP_001,2024-06-07T08:47:00
003289,PP_019,2024-06-07T09:08:11
001935,PP_012,2024-06-07T09:13:32
004033,PP_006,2024-06-07T09:51:27
000248,PP_020,2024-06-07T10:05:02
000968,PP_017,2024-06-07T11:14:36
002572,PP_012,2024-06-07T11:18:58
002729,PP_015,2024-06-07T11:30:42
000975,PP_012,2024-06-07T12:21:29
002636,PP_015,2024-06-07T13:42:50
001039,PP_010,2024-06-07T14:34:24
000344,PP_008,2024-06-07T16:19:54
002110,PP_013,2024-06-07T17:03:05
004853,PP_011,2024-06-07T18:09:17
003493,PP_001,2024-06-07T19:09:39
003289,PP_016,2024-06-07T19:34:30
000699,PP_007,2024-06-07T22:20:10
001686,PP_010,2024-06-07T22:37:13
004563,PP_015,2024-06-08T09:45:16
001587,PP_012,2024-06-08T09:46:45
000649,PP_015,2024-06-08T09:53:12
001587,PP_003,2024-06-08T10:08:18
003121,PP_006,2024-06-08T10:45:45
002157,PP_018,2024-06-08T11:07:31
000448,PP_013,2024-06-08T12:14:11
004273,PP_020,2024-06-08T13:08:43
002501,PP_010,2024-06-08T13:26:42
004080,PP_016,2024-06-08T13:35:30
002511,PP_012,2024-06-08T13:39:14
002157,PP_003,2024-06-08T15:57:34
000075,PP_013,2024-06-08T18:59:42
002574,PP_009,2024-06-08T20:56:43
000128,PP_009,2024-06-08T21:27:25
002134,PP_002,2024-06-08T21:41:00
002134,PP_011,2024-06-08T22:09:23
002474,PP_001,2024-06-09T08:07:43
004883,PP_010,2024-06-09T08:27:15
002895,PP_014,2024-06-09T08:54:21
004232,PP_016,2024-06-09T09:19:15
004214,PP_011,2024-06-09T09:33:50
000937,PP_016,2024-06-09T10:12:50
001598,PP_002,2024-06-09T13:19:12
003320,PP_014,2024-06-09T15:51:37
001765,PP_004,2024-06-09T18:53:15
001977,PP_009,2024-06-09T19:35:31
001765,PP_013,2024-06-09T19:41:58
004543,PP_018,2024-06-09T20:32:03
004273,PP_007,2024-06-10T08:25:41
004135,PP_010,2024-06-10T09:55:15
000463,PP_009,2024-06-10T10:18:52
004679,PP_012,2024-06-10T10:30:42
002669,PP_016,2024-06-10T10:30:44
000436,PP_017,2024-06-10T11:48:16
000438,PP_007,2024-06-10T15:37:31
001082,PP_009,2024-06-10T15:58:01
000463,PP_019,2024-06-10T16:08:30
004739,PP_012,2024-06-10T18:11:06
002669,PP_002,2024-06-10T18:22:56
002660,PP_012,2024-06-10T18:54:22
000181,PP_005,2024-06-10T19:56:21
001686,PP_018,2024-06-10T20:19:00
000093,PP_020,2024-06-10T20:33:15
001066,PP_015,2024-06-10T21:18:21
001923,PP_002,2024-06-10T21:47:43
003241,PP_005,2024-06-11T09:06:03
003961,PP_008,2024-06-11T09:11:59
000196,PP_011,2024-06-11T10:17:57
001259,PP_007,2024-06-11T11:10:56
000925,PP_016,2024-06-11T11:21:20
004811,PP_019,2024-06-11T12:24:11
004522,PP_013,2024-06-11T12:32:31
004749,PP_010,2024-06-11T14:33:41
001587,PP_015,2024-06-11T14:34:18
000791,PP_001,2024-06-11T15:06:26
004261,PP_007,2024-06-11T17:20:07
004014,PP_003,2024-06-11T18:58:48
004543,PP_001,2024-06-11T19:18:28
003932,PP_011,2024-06-11T20:05:45
002694,PP_016,2024-06-11T21:56:58
000925,PP_007,2024-06-11T22:06:01
003429,PP_008,2024-06-12T08:32:25
004082,PP_017,2024-06-12T08:55:36
003290,PP_002,2024-06-12T09:39:03
004739,PP_013,2024-06-12T09:46:22
003172,PP_012,2024-06-12T10:24:09
003429,PP_011,2024-06-12T10:54:36
003329,PP_012,2024-06-12T13:01:37
000075,PP_016,2024-06-12T13:11:33
003429,PP_006,2024-06-12T15:22:14
004109,PP_009,2024-06-12T16:10:50
000256,PP_008,2024-06-12T19:27:30
000833,PP_013,2024-06-12T20:27:54
004568,PP_015,2024-06-12T21:36:11
000833,PP_010,2024-06-12T22:44:54
004332,PP_001,2024-06-12T22:54:41
003796,PP_008,2024-06-13T10:11:50
004739,PP_004,2024-06-13T10:29:24
001461,PP_015,2024-06-13T10:29:28
002221,PP_015,2024-06-13T10:32:37
003138,PP_003,2024-06-13T10:40:35
004654,PP_015,2024-06-13T12:00:42
003337,PP_006,2024-06-13T12:29:30
000241,PP_013,2024-06-13T13:35:53
002088,PP_015,2024-06-13T14:13:31
003914,PP_011,2024-06-13T15:35:22
001461,PP_001,2024-06-13T16:05:47
004967,PP_012,2024-06-13T16:09:16
003297,PP_003,2024-06-13T20:41:32
001909,PP_007,2024-06-13T20:59:44
004831,PP_004,2024-06-13T22:22:29
000241,PP_007,2024-06-13T22:48:17
001330,PP_017,2024-06-13T22:59:36
002201,PP_017,2024-06-14T09:13:57
004646,PP_020,2024-06-14T10:25:23
004522,PP_009,2024-06-14T11:55:47
000089,PP_003,2024-06-14T13:03:35
001454,PP_013,2024-06-14T14:29:23
000193,PP_020,2024-06-14T15:16:49
002201,PP_004,2024-06-14T15:54:04
002895,PP_002,2024-06-14T18:26:35
002372,PP_001,2024-06-14T18:31:23
002201,PP_014,2024-06-14T19:11:02
003878,PP_009,2024-06-14T19:34:24
003044,PP_004,2024-06-14T21:52:09
002895,PP_001,2024-06-14T22:17:55
004761,PP_016,2024-06-15T08:10:10
000833,PP_014,2024-06-15T08:32:40
001765,PP_006,2024-06-15T09:35:33
001635,PP_018,2024-06-15T11:44:22
000436,PP_014,2024-06-15T13:23:39
004111,PP_005,2024-06-15T13:57:12
003107,PP_011,2024-06-15T15:22:48
004912,PP_008,2024-06-15T16:45:49
003290,PP_009,2024-06-15T17:05:42
001078,PP_014,2024-06-15T21:17:21
000686,PP_017,2024-06-16T08:17:12
001915,PP_018,2024-06-16T08:39:31
001598,PP_019,2024-06-16T08:46:19
001915,PP_005,2024-06-16T09:36:46
000133,PP_019,2024-06-16T09:49:36
000133,PP_001,2024-06-16T10:05:21
004352,PP_002,2024-06-16T11:15:05
001915,PP_017,2024-06-16T13:24:05
004261,PP_003,2024-06-16T15:25:49
001994,PP_006,2024-06-16T15:35:03
002363,PP_006,2024-06-16T18:43:40
003838,PP_007,2024-06-16T19:09:03
001865,PP_015,2024-06-16T19:18:23
002233,PP_016,2024-06-16T20:58:46
001986,PP_019,2024-06-16T21:54:57
002082,PP_011,2024-06-16T22:10:52
002856,PP_015,2024-06-16T22:27:06
001009,PP_011,2024-06-17T10:19:15
000583,PP_001,2024-06-17T10:33:53
004082,PP_014,2024-06-17T13:31:01
004181,PP_011,2024-06-17T13:59:28
002770,PP_016,2024-06-17T19:44:35
000368,PP_012,2024-06-17T22:46:15
004472,PP_014,2024-06-17T22:47:15
004492,PP_002,2024-06-17T22:54:56
002398,PP_007,2024-06-18T08:46:09
000474,PP_009,2024-06-18T09:11:59
001604,PP_012,2024-06-18T10:23:00
000133,PP_014,2024-06-18T10:29:13
002398,PP_014,2024-06-18T13:01:02
004352,PP_004,2024-06-18T14:08:22
004682,PP_016,2024-06-18T15:12:19
002474,PP_020,2024-06-18T15:30:14
000181,PP_006,2024-06-18T16:43:52
004446,PP_019,2024-06-19T09:33:26
001122,PP_012,2024-06-19T10:30:56
002668,PP_008,2024-06-19T11:26:13
002904,PP_015,2024-06-19T11:50:20
001166,PP_010,2024-06-19T12:29:42
000093,PP_019,2024-06-19T21:57:28
001351,PP_007,2024-06-20T09:06:12
001351,PP_020,2024-06-20T09:07:35
004283,PP_012,2024-06-20T10:50:05
001128,PP_016,2024-06-20T11:11:44
002221,PP_010,2024-06-20T13:32:27
004887,PP_020,2024-06-20T14:01:53
004283,PP_016,2024-06-20T16:56:31
001168,PP_012,2024-06-20T18:19:07
001909,PP_010,2024-06-20T19:30:21
004457,PP_016,2024-06-20T19:47:30
000211,PP_015,2024-06-20T19:59:28
001298,PP_016,2024-06-20T21:24:03
003367,PP_012,2024-06-21T10:44:14
001441,PP_006,2024-06-21T10:49:35
003977,PP_017,2024-06-21T12:06:45
001647,PP_013,2024-06-21T13:57:45
001752,PP_006,2024-06-21T18:18:19
000677,PP_009,2024-06-22T08:15:55
003367,PP_011,2024-06-22T10:01:50
002006,PP_010,2024-06-22T10:48:00
002006,PP_002,2024-06-22T14:12:18
003506,PP_013,2024-06-22T16:36:03
002733,PP_012,2024-06-22T16:57:42
002895,PP_019,2024-06-22T18:38:50
002238,PP_011,2024-06-22T19:37:10
000215,PP_015,2024-06-22T20:55:24
004090,PP_016,2024-06-22T22:10:09
002324,PP_011,2024-06-23T08:44:24
004651,PP_011,2024-06-23T11:58:34
004887,PP_004,2024-06-23T13:39:24
001398,PP_006,2024-06-23T15:56:26
003466,PP_004,2024-06-23T16:04:35
003053,PP_010,2024-06-23T16:34:59
004114,PP_007,2024-06-23T18:33:21
004079,PP_013,2024-06-23T18:50:43
002324,PP_015,2024-06-23T20:15:20
004492,PP_007,2024-06-23T21:44:37
002829,PP_019,2024-06-24T08:59:33
002912,PP_019,2024-06-24T09:08:43
000583,PP_017,2024-06-24T11:43:10
004887,PP_007,2024-06-24T15:21:08
000528,PP_015,2024-06-24T16:18:29
003137,PP_016,2024-06-24T19:27:16
001909,PP_006,2024-06-24T19:42:06
004227,PP_020,2024-06-24T21:59:02
000625,PP_016,2024-06-25T09:01:11
000262,PP_012,2024-06-25T09:21:16
002695,PP_004,2024-06-25T09:35:59
004283,PP_005,2024-06-25T10:13:57
002062,PP_013,2024-06-25T11:40:20
002062,PP_008,2024-06-25T14:22:28
004457,PP_004,2024-06-25T14:32:08
004700,PP_016,2024-06-25T17:10:26
000625,PP_011,2024-06-25T17:31:54
001166,PP_002,2024-06-25T17:50:17
001385,PP_018,2024-06-25T18:44:28
004870,PP_010,2024-06-25T19:08:49
002925,PP_010,2024-06-25T20:18:10
001955,PP_006,2024-06-25T21:02:52
000709,PP_010,2024-06-25T21:59:13
003543,PP_013,2024-06-26T13:02:22
004578,PP_010,2024-06-26T15:14:33
000417,PP_019,2024-06-26T17:03:43
000113,PP_014,2024-06-26T17:36:17
004904,PP_010,2024-06-26T17:37:40
002740,PP_016,2024-06-26T18:25:14
002362,PP_009,2024-06-26T19:33:36
003911,PP_001,2024-06-26T21:03:48
004090,PP_014,2024-06-26T21:35:17
002823,PP_011,2024-06-26T21:56:15
000832,PP_013,2024-06-26T22:59:41
002130,PP_008,2024-06-27T08:47:15
000686,PP_010,2024-06-27T09:39:51
000462,PP_009,2024-06-27T09:41:57
004550,PP_003,2024-06-27T11:47:49
001578,PP_015,2024-06-27T12:31:04
001915,PP_012,2024-06-27T12:41:18
001544,PP_006,2024-06-27T14:24:14
003289,PP_002,2024-06-27T16:20:17
004766,PP_010,2024-06-27T16:28:45
003562,PP_017,2024-06-27T16:56:14
004766,PP_020,2024-06-27T17:34:17
003850,PP_018,2024-06-27T17:53:41
003857,PP_013,2024-06-27T19:46:52
003634,PP_012,2024-06-27T19:47:26
003381,PP_002,2024-06-27T20:32:26
000211,PP_005,2024-06-27T20:48:57
003857,PP_016,2024-06-28T08:27:35
000436,PP_002,2024-06-28T10:14:12
000206,PP_003,2024-06-28T10:17:01
001222,PP_011,2024-06-28T11:18:42
002187,PP_013,2024-06-28T11:50:09
002925,PP_011,2024-06-28T12:22:38
000206,PP_008,2024-06-28T13:13:40
004436,PP_019,2024-06-28T13:16:12
004825,PP_013,2024-06-28T13:22:04
000256,PP_005,2024-06-28T15:57:09
000206,PP_013,2024-06-28T16:18:14
001626,PP_011,2024-06-28T16:36:05
001222,PP_019,2024-06-28T16:44:34
004126,PP_003,2024-06-28T17:03:10
001222,PP_015,2024-06-28T19:50:40
001681,PP_009,2024-06-28T19:54:18
001681,PP_018,2024-06-28T20:09:50
002535,PP_017,2024-06-28T21:37:11
004453,PP_012,2024-06-28T21:38:08
000206,PP_016,2024-06-29T10:35:26
001320,PP_017,2024-06-29T10:36:15
001546,PP_001,2024-06-29T10:55:35
004540,PP_018,2024-06-29T11:18:01
004305,PP_015,2024-06-29T11:40:21
001704,PP_013,2024-06-29T12:38:36
002218,PP_012,2024-06-29T12:57:19
001320,PP_005,2024-06-29T16:42:22
002620,PP_016,2024-06-29T17:24:56
002062,PP_004,2024-06-29T18:47:51
000240,PP_001,2024-06-29T19:22:49
002978,PP_004,2024-06-29T19:47:10
000677,PP_003,2024-06-29T19:58:50
003615,PP_001,2024-06-30T09:37:23
003387,PP_009,2024-06-30T10:13:51
001335,PP_007,2024-06-30T10:30:03
002003,PP_009,2024-06-30T10:46:30
003466,PP_010,2024-06-30T10:54:01
000248,PP_004,2024-06-30T11:07:18
001384,PP_005,2024-06-30T13:54:34
003615,PP_003,2024-06-30T14:01:18
003387,PP_003,2024-06-30T14:58:11
001385,PP_001,2024-06-30T15:20:55
002081,PP_018,2024-06-30T20:09:14
000076,PP_015,2024-06-30T20:36:54
001424,PP_010,2024-06-30T22:13:58
001438,PP_016,2024-07-01T08:31:29
001222,PP_013,2024-07-01T08:39:42
003615,PP_019,2024-07-01T08:41:42
002863,PP_016,2024-07-01T09:26:44
003693,PP_004,2024-07-01T10:35:44
001415,PP_016,2024-07-01T11:49:37
001782,PP_020,2024-07-01T12:35:57
002111,PP_005,2024-07-01T12:43:06
001676,PP_006,2024-07-01T12:45:13
003097,PP_001,2024-07-01T15:42:17
002826,PP_002,2024-07-01T17:06:47
002298,PP_015,2024-07-01T17:25:17
000955,PP_011,2024-07-01T17:55:26
001084,PP_015,2024-07-01T18:21:02
000544,PP_016,2024-07-01T18:21:15
002003,PP_003,2024-07-01T19:17:43
002363,PP_017,2024-07-01T19:40:24
003693,PP_002,2024-07-01T20:19:59
002111,PP_007,2024-07-01T20:32:25
003634,PP_001,2024-07-01T20:41:28
001415,PP_002,2024-07-01T22:46:30
000225,PP_007,2024-07-02T10:39:34
003454,PP_020,2024-07-02T11:12:29
001390,PP_013,2024-07-02T14:07:47
000600,PP_002,2024-07-02T14:36:38
001570,PP_014,2024-07-02T20:55:08
002925,PP_012,2024-07-02T21:27:34
002062,PP_015,2024-07-02T22:07:54
004418,PP_008,2024-07-03T14:47:49
003027,PP_017,2024-07-03T15:37:26
003454,PP_004,2024-07-03T17:04:24
000832,PP_016,2024-07-03T19:42:27
000391,PP_019,2024-07-04T10:00:22
003693,PP_016,2024-07-04T10:46:26
001574,PP_013,2024-07-04T11:03:55
002956,PP_014,2024-07-04T12:19:17
002953,PP_003,2024-07-04T12:19:21
002319,PP_018,2024-07-04T14:42:47
000391,PP_018,2024-07-04T15:11:34
003242,PP_012,2024-07-04T15:35:20
004958,PP_001,2024-07-04T17:51:04
003632,PP_004,2024-07-04T18:47:12
001498,PP_016,2024-07-04T19:36:10
001647,PP_011,2024-07-04T20:51:34
003668,PP_016,2024-07-04T21:02:04
003905,PP_012,2024-07-04T21:24:43
001112,PP_009,2024-07-05T09:57:59
003219,PP_014,2024-07-05T10:31:15
001994,PP_001,2024-07-05T10:52:51
000314,PP_020,2024-07-05T11:55:15
000913,PP_001,2024-07-05T17:27:23
003027,PP_018,2024-07-05T19:14:43
001099,PP_012,2024-07-05T19:24:21
001038,PP_009,2024-07-05T19:24:31
001814,PP_007,2024-07-05T19:42:42
002360,PP_008,2024-07-05T20:40:22
002799,PP_016,2024-07-05T21:07:47
001147,PP_016,2024-07-05T21:20:44
001976,PP_009,2024-07-05T21:38:15
000544,PP_002,2024-07-06T08:33:54
002298,PP_003,2024-07-06T09:42:10
004315,PP_002,2024-07-06T10:55:28
000548,PP_011,2024-07-06T12:27:12
001574,PP_016,2024-07-06T12:54:24
000661,PP_014,2024-07-06T14:11:51
002473,PP_011,2024-07-06T15:52:32
003615,PP_009,2024-07-06T18:04:50
004811,PP_003,2024-07-06T20:50:04
002298,PP_012,2024-07-06T21:09:58
003818,PP_016,2024-07-06T21:31:07
001099,PP_011,2024-07-06T21:32:05
002473,PP_012,2024-07-06T22:07:02
001869,PP_018,2024-07-06T22:10:31
004023,PP_010,2024-07-06T22:28:51
002473,PP_019,2024-07-06T22:42:49
000043,PP_019,2024-07-07T10:00:03
000361,PP_015,2024-07-07T10:32:53
003544,PP_009,2024-07-07T10:40:22
003818,PP_015,2024-07-07T11:04:09
000314,PP_015,2024-07-07T12:57:50
002319,PP_015,2024-07-07T13:57:08
004646,PP_008,2024-07-07T14:25:24
001415,PP_006,2024-07-07T14:50:26
004136,PP_011,2024-07-07T15:33:54
001657,PP_002,2024-07-07T16:34:41
002954,PP_013,2024-07-07T17:18:12
003235,PP_019,2024-07-07T17:56:00
004642,PP_002,2024-07-07T21:18:58
004696,PP_006,2024-07-07T21:41:20
003560,PP_013,2024-07-08T08:27:58
001422,PP_015,2024-07-08T11:40:35
000544,PP_003,2024-07-08T12:20:24
004410,PP_007,2024-07-08T13:01:09
003219,PP_017,2024-07-08T16:08:15
001298,PP_015,2024-07-08T16:18:25
001222,PP_018,2024-07-08T16:43:10
004410,PP_004,2024-07-08T17:12:27
004410,PP_014,2024-07-08T17:26:54
001044,PP_002,2024-07-08T18:10:57
001676,PP_008,2024-07-08T19:13:34
000955,PP_019,2024-07-08T19:49:52
000507,PP_011,2024-07-08T20:32:41
003202,PP_017,2024-07-08T20:44:56
004949,PP_006,2024-07-08T22:00:41
003290,PP_010,2024-07-08T22:30:08
001744,PP_001,2024-07-09T08:12:34
003804,PP_007,2024-07-09T08:54:27
001052,PP_011,2024-07-09T10:28:01
001011,PP_015,2024-07-09T10:34:22
003245,PP_011,2024-07-09T12:14:28
001166,PP_011,2024-07-09T12:25:58
001356,PP_002,2024-07-09T12:43:04
001044,PP_020,2024-07-09T14:06:55
003286,PP_012,2024-07-09T14:47:09
000585,PP_012,2024-07-09T15:28:44
004821,PP_002,2024-07-09T15:42:25
001052,PP_015,2024-07-09T18:31:12
000024,PP_016,2024-07-09T19:20:40
002236,PP_001,2024-07-09T21:44:30
000043,PP_007,2024-07-10T08:31:51
000859,PP_007,2024-07-10T09:07:23
002236,PP_007,2024-07-10T15:28:59
000859,PP_020,2024-07-10T15:48:51
004623,PP_013,2024-07-10T15:55:49
000577,PP_002,2024-07-10T17:25:00
003668,PP_015,2024-07-10T18:56:00
002072,PP_020,2024-07-10T19:19:02
004259,PP_015,2024-07-10T21:35:31
001572,PP_001,2024-07-11T08:24:23
003148,PP_012,2024-07-11T09:35:51
000841,PP_017,2024-07-11T10:01:56
001735,PP_012,2024-07-11T10:34:03
001016,PP_002,2024-07-11T10:38:48
001422,PP_003,2024-07-11T11:25:54
001730,PP_007,2024-07-11T13:58:22
002478,PP_011,2024-07-11T15:26:57
000410,PP_001,2024-07-11T15:52:28
004852,PP_003,2024-07-11T17:24:10
003548,PP_004,2024-07-11T17:59:49
000712,PP_011,2024-07-11T19:03:21
004852,PP_009,2024-07-11T19:03:24
003442,PP_006,2024-07-11T20:35:42
000314,PP_011,2024-07-12T08:09:03
000065,PP_020,2024-07-12T08:47:28
001014,PP_012,2024-07-12T09:22:07
004377,PP_007,2024-07-12T09:50:42
004377,PP_020,2024-07-12T12:09:19
002478,PP_004,2024-07-12T12:51:34
001128,PP_015,2024-07-12T13:05:14
002800,PP_005,2024-07-12T13:14:49
002800,PP_013,2024-07-12T13:41:54
000621,PP_016,2024-07-12T14:35:06
004377,PP_018,2024-07-12T15:57:14
001573,PP_007,2024-07-12T19:45:58
002714,PP_011,2024-07-12T20:17:29
004377,PP_014,2024-07-12T20:59:23
001014,PP_003,2024-07-12T22:08:39
004821,PP_003,2024-07-12T22:33:46
002380,PP_008,2024-07-13T08:25:44
004982,PP_019,2024-07-13T09:25:11
002133,PP_020,2024-07-13T13:02:25
004651,PP_016,2024-07-13T14:26:35
000073,PP_013,2024-07-13T14:32:47
000760,PP_014,2024-07-13T14:48:28
001503,PP_003,2024-07-13T14:59:13
002218,PP_015,2024-07-13T15:04:28
000319,PP_020,2024-07-13T21:37:00
000269,PP_013,2024-07-13T22:29:05
001503,PP_012,2024-07-13T22:51:48
000920,PP_004,2024-07-14T09:22:20
004281,PP_004,2024-07-14T09:56:29
004281,PP_011,2024-07-14T11:17:12
003055,PP_013,2024-07-14T13:36:55
004281,PP_015,2024-07-14T13:53:47
003458,PP_019,2024-07-14T14:52:00
002380,PP_013,2024-07-14T15:39:17
002082,PP_015,2024-07-14T16:14:31
003385,PP_003,2024-07-14T16:59:34
000647,PP_012,2024-07-14T17:14:13
000486,PP_018,2024-07-14T20:39:50
000920,PP_006,2024-07-14T20:47:24
002448,PP_008,2024-07-15T08:09:12
002554,PP_004,2024-07-15T08:15:07
003078,PP_002,2024-07-15T10:44:40
000525,PP_016,2024-07-15T12:07:14
003494,PP_018,2024-07-15T12:36:05
004417,PP_013,2024-07-15T14:24:52
001166,PP_017,2024-07-15T16:36:19
001016,PP_003,2024-07-15T18:00:55
003564,PP_005,2024-07-15T20:14:27
003564,PP_001,2024-07-15T21:21:17
000076,PP_007,2024-07-16T10:09:54
004886,PP_015,2024-07-16T10:45:14
001845,PP_016,2024-07-16T11:34:19
003155,PP_001,2024-07-16T12:14:06
003570,PP_017,2024-07-16T12:46:10
001356,PP_007,2024-07-16T13:26:05
001896,PP_015,2024-07-16T15:10:10
000296,PP_003,2024-07-16T15:56:33
004726,PP_002,2024-07-16T16:04:35
001676,PP_019,2024-07-16T16:09:17
003266,PP_020,2024-07-16T16:18:41
001064,PP_020,2024-07-16T16:33:08
002916,PP_005,2024-07-16T17:08:52
003570,PP_005,2024-07-16T19:01:27
002559,PP_001,2024-07-16T22:17:32
000966,PP_014,2024-07-17T08:04:06
000864,PP_006,2024-07-17T09:47:07
004241,PP_003,2024-07-17T09:59:01
004525,PP_011,2024-07-17T11:47:47
002383,PP_010,2024-07-17T12:17:50
001290,PP_012,2024-07-17T13:47:54
002250,PP_016,2024-07-17T17:13:06
004525,PP_002,2024-07-17T18:47:12
003435,PP_020,2024-07-17T19:39:28
000065,PP_006,2024-07-17T21:26:42
003435,PP_018,2024-07-17T21:36:37
001016,PP_007,2024-07-18T08:08:05
000066,PP_015,2024-07-18T08:10:40
004726,PP_012,2024-07-18T10:05:25
000791,PP_002,2024-07-18T10:27:03
000286,PP_015,2024-07-18T17:00:27
003667,PP_013,2024-07-18T17:45:46
000535,PP_015,2024-07-18T19:16:18
000286,PP_004,2024-07-18T21:32:04
000318,PP_019,2024-07-18T22:55:12
001570,PP_018,2024-07-19T09:33:27
002380,PP_002,2024-07-19T09:48:00
001573,PP_003,2024-07-19T10:16:54
004458,PP_008,2024-07-19T10:39:43
004417,PP_007,2024-07-19T11:24:08
004458,PP_006,2024-07-19T13:41:27
000106,PP_008,2024-07-19T14:24:02
003549,PP_012,2024-07-19T15:11:29
004458,PP_017,2024-07-19T15:30:54
000486,PP_017,2024-07-19T18:21:38
003066,PP_013,2024-07-19T20:14:06
000296,PP_007,2024-07-19T22:14:41
002630,PP_010,2024-07-20T08:00:41
002233,PP_013,2024-07-20T08:48:21
000966,PP_006,2024-07-20T11:23:35
001276,PP_016,2024-07-20T12:04:39
002630,PP_007,2024-07-20T12:12:47
004206,PP_013,2024-07-20T15:49:10
001011,PP_012,2024-07-20T16:29:44
004508,PP_009,2024-07-20T16:35:18
000200,PP_010,2024-07-20T16:53:23
003055,PP_015,2024-07-20T20:31:03
001689,PP_013,2024-07-20T22:35:27
002641,PP_013,2024-07-21T08:53:34
000052,PP_002,2024-07-21T09:35:39
003316,PP_009,2024-07-21T14:06:27
003028,PP_011,2024-07-21T14:08:59
003549,PP_020,2024-07-21T15:03:47
001262,PP_020,2024-07-21T19:47:30
000052,PP_004,2024-07-21T22:55:58
002421,PP_013,2024-07-22T08:14:56
003872,PP_012,2024-07-22T08:28:20
001280,PP_013,2024-07-22T09:39:10
003667,PP_012,2024-07-22T10:38:35
004687,PP_016,2024-07-22T12:00:41
002421,PP_012,2024-07-22T13:21:25
004969,PP_015,2024-07-22T14:39:18
004629,PP_003,2024-07-22T15:06:53
001881,PP_003,2024-07-22T15:11:20
001071,PP_011,2024-07-22T16:31:42
001633,PP_008,2024-07-22T17:25:44
000076,PP_013,2024-07-22T18:12:42
004687,PP_015,2024-07-22T19:13:42
002342,PP_015,2024-07-22T21:01:27
002829,PP_009,2024-07-22T21:21:54
001573,PP_009,2024-07-22T22:13:35
003183,PP_003,2024-07-23T08:03:44
000264,PP_010,2024-07-23T08:31:58
003539,PP_009,2024-07-23T08:47:08
003192,PP_013,2024-07-23T10:05:29
003070,PP_018,2024-07-23T12:42:45
001446,PP_008,2024-07-23T13:30:14
001881,PP_012,2024-07-23T15:17:21
004718,PP_016,2024-07-23T15:35:14
000800,PP_002,2024-07-23T16:39:42
001248,PP_009,2024-07-23T16:43:55
001737,PP_020,2024-07-23T16:48:32
001449,PP_015,2024-07-23T16:50:42
003539,PP_018,2024-07-23T18:53:42
001881,PP_002,2024-07-23T20:56:19
002916,PP_014,2024-07-23T22:35:21
000137,PP_017,2024-07-24T08:04:29
002419,PP_003,2024-07-24T08:15:37
002629,PP_016,2024-07-24T10:49:57
000871,PP_013,2024-07-24T12:24:54
000831,PP_011,2024-07-24T12:34:23
000137,PP_008,2024-07-24T15:32:32
003787,PP_016,2024-07-24T15:47:40
003787,PP_013,2024-07-24T15:48:59
000562,PP_008,2024-07-24T17:41:19
004036,PP_014,2024-07-24T17:48:15
004584,PP_009,2024-07-24T18:40:40
001449,PP_005,2024-07-24T21:43:33
001053,PP_019,2024-07-24T22:09:03
004508,PP_006,2024-07-25T09:04:56
004612,PP_012,2024-07-25T09:43:58
002288,PP_020,2024-07-25T12:11:23
004766,PP_013,2024-07-25T12:19:49
002167,PP_010,2024-07-25T13:13:05
002288,PP_007,2024-07-25T15:41:36
001053,PP_013,2024-07-25T16:06:45
003846,PP_013,2024-07-25T16:30:19
004910,PP_012,2024-07-25T18:14:40
003183,PP_009,2024-07-25T18:20:02
002217,PP_005,2024-07-25T22:38:17
002217,PP_011,2024-07-25T22:45:57
003891,PP_017,2024-07-26T09:23:10
000137,PP_018,2024-07-26T12:11:42
002041,PP_009,2024-07-26T13:19:22
002041,PP_014,2024-07-26T13:23:02
000393,PP_007,2024-07-26T13:45:04
000638,PP_015,2024-07-26T14:44:50
002041,PP_005,2024-07-26T15:10:54
002041,PP_002,2024-07-26T17:11:29
000596,PP_006,2024-07-26T17:31:12
004618,PP_014,2024-07-26T19:35:43
003513,PP_004,2024-07-26T20:49:39
001365,PP_007,2024-07-26T21:25:16
003549,PP_008,2024-07-26T21:52:46
001730,PP_008,2024-07-26T21:54:06
000596,PP_007,2024-07-26T22:31:18
004424,PP_001,2024-07-26T22:42:34
004384,PP_005,2024-07-27T08:43:27
000221,PP_011,2024-07-27T09:16:19
004945,PP_009,2024-07-27T10:36:24
004384,PP_018,2024-07-27T11:40:47
000897,PP_015,2024-07-27T12:11:33
004384,PP_020,2024-07-27T12:39:32
000443,PP_008,2024-07-27T15:51:20
003372,PP_015,2024-07-27T16:00:08
004945,PP_018,2024-07-27T18:54:35
002448,PP_016,2024-07-27T19:21:58
001750,PP_011,2024-07-27T20:41:03
002065,PP_015,2024-07-28T08:57:12
002432,PP_010,2024-07-28T09:06:20
001322,PP_006,2024-07-28T09:41:41
000877,PP_006,2024-07-28T09:41:53
000318,PP_002,2024-07-28T10:07:03
000877,PP_013,2024-07-28T10:08:36
000603,PP_018,2024-07-28T11:19:16
001537,PP_018,2024-07-28T12:26:45
000562,PP_007,2024-07-28T12:58:07
004791,PP_012,2024-07-28T13:12:18
002933,PP_001,2024-07-28T14:06:34
000193,PP_008,2024-07-28T15:00:16
002065,PP_017,2024-07-28T15:49:25
001980,PP_012,2024-07-28T16:19:51
002342,PP_020,2024-07-28T16:56:14
003211,PP_005,2024-07-28T17:23:25
003803,PP_010,2024-07-28T19:05:14
003487,PP_018,2024-07-28T19:39:31
003803,PP_006,2024-07-28T19:58:16
003487,PP_003,2024-07-28T20:08:28
002470,PP_011,2024-07-28T20:26:42
003487,PP_009,2024-07-28T20:28:46
000548,PP_005,2024-07-28T21:53:04
001415,PP_018,2024-07-29T09:46:17
001567,PP_013,2024-07-29T10:00:15
000877,PP_008,2024-07-29T10:19:28
002432,PP_003,2024-07-29T10:54:56
001276,PP_013,2024-07-29T13:11:29
002715,PP_012,2024-07-29T14:58:11
002288,PP_017,2024-07-29T15:15:56
000871,PP_011,2024-07-29T16:41:57
002774,PP_007,2024-07-29T17:03:53
000603,PP_020,2024-07-29T17:09:35
001065,PP_002,2024-07-29T17:14:30
003481,PP_010,2024-07-29T17:34:57
001567,PP_016,2024-07-29T18:06:17
004189,PP_005,2024-07-29T18:45:53
002635,PP_010,2024-07-29T20:18:49
004189,PP_019,2024-07-29T20:59:40
003481,PP_003,2024-07-29T21:25:09
000043,PP_013,2024-07-29T21:46:06
001022,PP_012,2024-07-30T09:22:58
003023,PP_019,2024-07-30T09:26:33
004626,PP_003,2024-07-30T10:39:28
003129,PP_002,2024-07-30T11:13:36
004726,PP_016,2024-07-30T11:21:15
001022,PP_016,2024-07-30T12:28:53
001322,PP_004,2024-07-30T13:18:32
000789,PP_016,2024-07-30T13:33:20
003023,PP_002,2024-07-30T16:03:06
004623,PP_001,2024-07-30T16:38:19
004618,PP_017,2024-07-30T17:05:16
004626,PP_020,2024-07-30T17:32:31
004789,PP_001,2024-07-30T17:35:12
001022,PP_010,2024-07-30T17:42:01
003023,PP_018,2024-07-30T19:54:16
004626,PP_013,2024-07-30T20:44:49
001022,PP_011,2024-07-30T21:58:03
003300,PP_016,2024-07-31T08:24:32
001338,PP_005,2024-07-31T09:47:43
002299,PP_006,2024-07-31T09:54:54
000144,PP_004,2024-07-31T11:37:08
004910,PP_003,2024-07-31T11:59:19
002298,PP_009,2024-07-31T15:18:22
002930,PP_005,2024-07-31T18:36:24
003200,PP_017,2024-07-31T18:40:32
000144,PP_010,2024-07-31T18:54:08
000603,PP_017,2024-07-31T20:05:10
003111,PP_007,2024-08-01T10:46:42
003000,PP_005,2024-08-01T15:35:40
000410,PP_014,2024-08-01T15:43:04
003418,PP_007,2024-08-01T16:41:57
002957,PP_012,2024-08-01T20:36:10
000596,PP_001,2024-08-01T21:09:51
002635,PP_012,2024-08-01T22:05:16
001065,PP_008,2024-08-02T09:44:35
002774,PP_001,2024-08-02T10:45:29
001545,PP_004,2024-08-02T11:16:36
002689,PP_013,2024-08-02T12:29:10
003173,PP_013,2024-08-02T12:42:46
003881,PP_012,2024-08-02T13:39:39
001696,PP_007,2024-08-02T15:55:14
003481,PP_019,2024-08-02T16:48:57
003921,PP_012,2024-08-02T16:55:43
000789,PP_013,2024-08-02T17:25:47
003685,PP_003,2024-08-02T17:59:43
001386,PP_013,2024-08-02T18:12:21
001010,PP_016,2024-08-02T18:17:38
004281,PP_006,2024-08-02T18:27:49
003610,PP_016,2024-08-02T19:38:53
002689,PP_016,2024-08-02T20:57:40
004315,PP_016,2024-08-02T21:14:47
003610,PP_013,2024-08-02T21:38:55
002648,PP_012,2024-08-03T08:02:40
004945,PP_003,2024-08-03T08:23:34
002689,PP_015,2024-08-03T11:12:52
000506,PP_015,2024-08-03T11:56:09
001421,PP_016,2024-08-03T12:21:13
004346,PP_016,2024-08-03T13:43:03
000565,PP_010,2024-08-03T14:15:35
001803,PP_011,2024-08-03T16:47:05
000144,PP_005,2024-08-03T18:34:35
003651,PP_010,2024-08-03T18:35:36
002455,PP_013,2024-08-03T18:46:56
004346,PP_011,2024-08-03T18:52:10
000863,PP_004,2024-08-03T18:56:00
004618,PP_011,2024-08-03T19:05:55
003981,PP_001,2024-08-03T19:20:41
000760,PP_012,2024-08-03T21:26:49
003934,PP_006,2024-08-03T21:56:08
002881,PP_001,2024-08-04T08:52:07
002380,PP_012,2024-08-04T11:28:09
003384,PP_008,2024-08-04T11:47:21
003591,PP_002,2024-08-04T12:14:36
002881,PP_005,2024-08-04T12:38:46
004668,PP_015,2024-08-04T12:49:07
001827,PP_012,2024-08-04T13:48:47
002800,PP_010,2024-08-04T15:35:56
000506,PP_006,2024-08-04T15:57:56
004695,PP_017,2024-08-04T17:25:12
003803,PP_020,2024-08-04T18:09:04
000383,PP_003,2024-08-04T19:00:08
004862,PP_001,2024-08-04T21:44:54
004845,PP_014,2024-08-05T08:44:35
003300,PP_015,2024-08-05T08:50:29
001261,PP_017,2024-08-05T08:51:40
000555,PP_012,2024-08-05T09:10:47
002846,PP_009,2024-08-05T10:10:16
003032,PP_012,2024-08-05T10:48:55
002572,PP_016,2024-08-05T13:51:01
000383,PP_006,2024-08-05T14:01:06
001610,PP_004,2024-08-05T14:04:47
003896,PP_003,2024-08-05T14:50:12
000623,PP_011,2024-08-05T14:52:17
004885,PP_013,2024-08-05T17:49:56
002933,PP_016,2024-08-05T18:00:55
000555,PP_016,2024-08-05T20:25:56
004348,PP_009,2024-08-05T20:45:26
003032,PP_016,2024-08-05T21:43:37
003502,PP_011,2024-08-05T22:27:15
000772,PP_020,2024-08-06T09:39:55
001455,PP_009,2024-08-06T10:30:00
004460,PP_011,2024-08-06T13:28:42
004909,PP_016,2024-08-06T14:43:49
004791,PP_001,2024-08-06T18:02:58
001696,PP_004,2024-08-06T18:19:25
003618,PP_013,2024-08-06T20:05:29
003564,PP_011,2024-08-06T22:30:23
000760,PP_007,2024-08-07T09:30:27
004440,PP_002,2024-08-07T09:52:34
003170,PP_013,2024-08-07T12:02:22
001696,PP_003,2024-08-07T12:04:00
003157,PP_017,2024-08-07T12:35:21
000262,PP_004,2024-08-07T13:13:38
004487,PP_006,2024-08-07T19:04:29
001827,PP_015,2024-08-07T19:38:19
001495,PP_015,2024-08-07T20:23:00
004440,PP_011,2024-08-07T21:40:12
001028,PP_012,2024-08-07T22:30:21
001344,PP_011,2024-08-07T22:58:50
002868,PP_006,2024-08-08T08:39:14
002100,PP_008,2024-08-08T08:49:58
003597,PP_015,2024-08-08T08:55:08
000221,PP_012,2024-08-08T08:58:17
003610,PP_014,2024-08-08T10:38:21
000859,PP_014,2024-08-08T11:59:08
002284,PP_005,2024-08-08T13:39:47
002100,PP_009,2024-08-08T14:31:47
000976,PP_013,2024-08-08T14:42:09
001446,PP_018,2024-08-08T16:19:51
000976,PP_014,2024-08-08T18:14:10
004647,PP_006,2024-08-08T19:48:42
002284,PP_004,2024-08-08T20:48:14
002299,PP_007,2024-08-08T22:43:53
003218,PP_015,2024-08-09T08:59:24
004469,PP_013,2024-08-09T11:19:52
002634,PP_020,2024-08-09T12:45:17
003984,PP_005,2024-08-09T12:58:48
004241,PP_018,2024-08-09T14:01:59
003597,PP_020,2024-08-09T14:46:31
000772,PP_003,2024-08-09T15:19:04
001148,PP_011,2024-08-09T16:24:34
003870,PP_011,2024-08-09T17:12:58
003684,PP_013,2024-08-09T17:27:42
000405,PP_013,2024-08-10T08:16:01
001029,PP_017,2024-08-10T08:16:06
002133,PP_002,2024-08-10T10:58:58
004038,PP_015,2024-08-10T11:26:52
004184,PP_004,2024-08-10T12:19:57
002167,PP_007,2024-08-10T13:31:29
004184,PP_003,2024-08-10T14:01:29
002908,PP_016,2024-08-10T14:41:08
000942,PP_015,2024-08-10T16:03:33
002299,PP_005,2024-08-10T18:10:28
000790,PP_016,2024-08-10T19:15:47
004604,PP_010,2024-08-11T09:21:50
004448,PP_017,2024-08-11T13:11:58
004892,PP_014,2024-08-11T13:51:13
003319,PP_018,2024-08-11T14:58:40
001419,PP_006,2024-08-11T15:25:34
002537,PP_013,2024-08-11T16:44:16
001419,PP_001,2024-08-11T18:59:52
000763,PP_001,2024-08-11T19:48:27
000789,PP_011,2024-08-11T21:40:23
000434,PP_011,2024-08-12T08:23:11
000434,PP_012,2024-08-12T08:42:51
003085,PP_003,2024-08-12T09:15:40
000519,PP_009,2024-08-12T09:27:37
002228,PP_001,2024-08-12T09:35:27
002344,PP_020,2024-08-12T10:27:22
003030,PP_007,2024-08-12T11:32:39
003085,PP_001,2024-08-12T12:28:18
004539,PP_017,2024-08-12T13:22:54
000136,PP_008,2024-08-12T13:36:23
001165,PP_013,2024-08-12T15:23:24
001691,PP_012,2024-08-12T17:35:16
002498,PP_020,2024-08-12T19:11:20
004910,PP_019,2024-08-12T19:24:22
004539,PP_020,2024-08-12T20:36:39
004458,PP_007,2024-08-13T12:02:23
000976,PP_006,2024-08-13T13:28:50
003564,PP_012,2024-08-13T13:49:02
002217,PP_015,2024-08-13T15:21:30
002841,PP_002,2024-08-13T15:27:16
001346,PP_007,2024-08-13T19:04:33
001262,PP_001,2024-08-13T22:06:32
002841,PP_014,2024-08-14T08:04:14
002935,PP_013,2024-08-14T08:18:04
004892,PP_011,2024-08-14T08:22:03
001638,PP_002,2024-08-14T08:56:01
000729,PP_008,2024-08-14T08:59:44
000492,PP_013,2024-08-14T10:16:56
004130,PP_007,2024-08-14T11:27:28
000338,PP_004,2024-08-14T11:54:48
000927,PP_017,2024-08-14T13:08:04
003597,PP_004,2024-08-14T13:34:35
002495,PP_008,2024-08-14T13:35:17
004143,PP_008,2024-08-14T14:54:59
000696,PP_005,2024-08-14T17:01:31
002499,PP_002,2024-08-14T20:11:07
002890,PP_004,2024-08-14T22:00:41
000696,PP_019,2024-08-14T22:54:01
001029,PP_004,2024-08-15T08:12:41
002284,PP_020,2024-08-15T11:55:53
003542,PP_002,2024-08-15T13:01:18
001845,PP_012,2024-08-15T15:01:52
002960,PP_015,2024-08-15T19:44:59
003542,PP_007,2024-08-15T19:53:15
002213,PP_001,2024-08-15T21:31:29
003868,PP_016,2024-08-15T22:41:31
002098,PP_005,2024-08-16T08:42:06
002206,PP_014,2024-08-16T12:34:13
004667,PP_003,2024-08-16T13:14:51
001881,PP_005,2024-08-16T13:39:28
002158,PP_018,2024-08-16T13:45:56
002537,PP_016,2024-08-16T14:06:14
004667,PP_006,2024-08-16T14:56:28
001773,PP_013,2024-08-16T15:22:14
002206,PP_015,2024-08-16T15:24:44
000892,PP_007,2024-08-16T15:39:37
002228,PP_006,2024-08-16T15:59:07
001049,PP_009,2024-08-16T16:40:48
000705,PP_015,2024-08-16T18:39:48
001744,PP_020,2024-08-16T18:51:46
001809,PP_007,2024-08-16T20:38:10
002249,PP_009,2024-08-16T21:23:19
004889,PP_016,2024-08-16T21:46:43
000339,PP_015,2024-08-16T22:24:01
001794,PP_010,2024-08-17T08:17:28
004020,PP_002,2024-08-17T08:45:14
003591,PP_007,2024-08-17T09:22:11
000989,PP_006,2024-08-17T10:20:45
002288,PP_006,2024-08-17T10:21:04
001029,PP_020,2024-08-17T11:58:00
004152,PP_003,2024-08-17T12:09:34
000053,PP_007,2024-08-17T12:17:25
004020,PP_008,2024-08-17T12:25:13
000053,PP_006,2024-08-17T13:19:33
001822,PP_016,2024-08-17T14:54:04
003020,PP_011,2024-08-17T15:14:41
000989,PP_003,2024-08-17T18:12:01
003829,PP_020,2024-08-17T18:37:07
003829,PP_017,2024-08-17T20:20:42
000763,PP_002,2024-08-17T21:15:01
001685,PP_013,2024-08-17T22:10:29
004048,PP_002,2024-08-18T08:28:47
002388,PP_001,2024-08-18T10:39:43
004048,PP_008,2024-08-18T11:27:01
001028,PP_020,2024-08-18T12:33:11
001049,PP_018,2024-08-18T13:20:25
000287,PP_009,2024-08-18T14:52:28
004826,PP_005,2024-08-18T15:33:00
001571,PP_017,2024-08-18T18:03:23
004048,PP_003,2024-08-18T19:37:07
003361,PP_003,2024-08-19T08:38:50
003457,PP_002,2024-08-19T09:32:07
002280,PP_010,2024-08-19T11:30:16
000989,PP_011,2024-08-19T11:46:00
003415,PP_010,2024-08-19T14:16:36
002280,PP_008,2024-08-19T14:58:47
004362,PP_004,2024-08-19T16:00:55
000529,PP_017,2024-08-19T19:37:18
000529,PP_007,2024-08-19T20:34:01
003538,PP_001,2024-08-19T21:20:40
003672,PP_009,2024-08-19T21:29:15
002116,PP_016,2024-08-20T10:01:42
002116,PP_008,2024-08-20T10:50:33
003316,PP_005,2024-08-20T11:50:26
003368,PP_006,2024-08-20T12:58:41
000843,PP_001,2024-08-20T14:17:00
000843,PP_019,2024-08-20T14:27:22
004674,PP_011,2024-08-20T15:25:42
000805,PP_018,2024-08-20T15:55:19
004529,PP_001,2024-08-20T18:31:13
002498,PP_004,2024-08-20T21:47:30
001750,PP_020,2024-08-20T22:04:57
003481,PP_020,2024-08-20T22:09:32
000429,PP_002,2024-08-20T22:18:02
004754,PP_006,2024-08-21T09:18:57
003523,PP_016,2024-08-21T10:09:09
004424,PP_002,2024-08-21T10:30:30
003618,PP_001,2024-08-21T11:29:29
004529,PP_004,2024-08-21T12:42:43
001773,PP_011,2024-08-21T16:13:22
004442,PP_013,2024-08-21T16:31:08
002190,PP_014,2024-08-21T17:19:33
004215,PP_015,2024-08-21T17:39:59
004647,PP_012,2024-08-21T17:57:08
004317,PP_007,2024-08-21T18:29:27
004329,PP_016,2024-08-21T18:54:23
000796,PP_015,2024-08-21T20:15:56
003457,PP_014,2024-08-21T20:19:18
002240,PP_011,2024-08-21T20:46:15
004143,PP_005,2024-08-21T20:47:42
000989,PP_014,2024-08-21T22:26:30
001824,PP_009,2024-08-22T09:46:34
002335,PP_010,2024-08-22T11:30:55
002872,PP_001,2024-08-22T11:43:19
002561,PP_020,2024-08-22T12:40:18
004994,PP_002,2024-08-22T13:32:28
004612,PP_020,2024-08-22T13:39:01
002015,PP_016,2024-08-22T14:28:04
004164,PP_011,2024-08-22T16:58:29
004309,PP_014,2024-08-22T16:58:49
002335,PP_012,2024-08-22T17:09:18
004200,PP_013,2024-08-22T17:27:22
002561,PP_014,2024-08-22T17:57:54
000510,PP_010,2024-08-22T20:30:06
001824,PP_007,2024-08-22T21:25:21
002015,PP_015,2024-08-22T22:20:28
002626,PP_006,2024-08-23T08:33:41
001989,PP_002,2024-08-23T10:47:17
003502,PP_013,2024-08-23T11:22:19
000976,PP_001,2024-08-23T11:36:25
003663,PP_013,2024-08-23T12:40:36
004889,PP_003,2024-08-23T13:28:45
000922,PP_010,2024-08-23T15:56:22
004348,PP_008,2024-08-23T17:56:20
001824,PP_019,2024-08-23T18:30:18
000922,PP_020,2024-08-23T19:10:30
001822,PP_012,2024-08-23T21:29:48
004555,PP_001,2024-08-23T21:40:36
000858,PP_019,2024-08-24T09:33:59
000989,PP_004,2024-08-24T09:46:06
000510,PP_018,2024-08-24T12:15:27
001492,PP_003,2024-08-24T12:55:56
003176,PP_016,2024-08-24T14:35:45
001492,PP_008,2024-08-24T15:32:38
003267,PP_019,2024-08-24T16:37:52
000396,PP_015,2024-08-24T17:36:08
000916,PP_006,2024-08-24T17:54:07
000396,PP_012,2024-08-24T18:42:40
003056,PP_011,2024-08-24T19:38:30
000510,PP_009,2024-08-24T20:12:37
000168,PP_020,2024-08-24T21:13:35
002647,PP_006,2024-08-24T22:22:11
002877,PP_020,2024-08-24T22:34:31
003267,PP_011,2024-08-24T22:50:19
003842,PP_008,2024-08-25T08:37:56
003117,PP_013,2024-08-25T08:58:16
004892,PP_012,2024-08-25T10:29:02
002837,PP_004,2024-08-25T10:42:02
000345,PP_012,2024-08-25T10:44:07
002185,PP_019,2024-08-25T11:03:24
004177,PP_006,2024-08-25T12:48:26
002185,PP_002,2024-08-25T13:13:16
004854,PP_015,2024-08-25T14:08:54
004251,PP_012,2024-08-25T14:49:59
003117,PP_018,2024-08-25T15:51:48
002619,PP_012,2024-08-25T16:37:08
004200,PP_011,2024-08-25T17:00:35
002876,PP_019,2024-08-25T18:16:16
003463,PP_004,2024-08-25T19:33:50
001180,PP_020,2024-08-25T20:31:23
000345,PP_016,2024-08-25T22:24:49
001989,PP_015,2024-08-26T08:38:21
003955,PP_003,2024-08-26T12:43:55
004329,PP_011,2024-08-26T14:43:43
001997,PP_001,2024-08-26T15:15:58
002820,PP_015,2024-08-26T16:46:49
004164,PP_016,2024-08-26T16:54:33
002190,PP_019,2024-08-26T19:27:09
001153,PP_007,2024-08-26T21:12:18
004984,PP_005,2024-08-26T21:50:05
001794,PP_002,2024-08-26T22:09:19
002606,PP_011,2024-08-27T10:40:24
004172,PP_020,2024-08-27T11:47:30
002849,PP_013,2024-08-27T13:45:51
001276,PP_008,2024-08-27T15:09:33
004346,PP_015,2024-08-27T17:59:07
003687,PP_015,2024-08-27T17:59:07
001824,PP_008,2024-08-27T18:35:15
000573,PP_011,2024-08-27T19:42:03
003407,PP_002,2024-08-27T19:53:47
001492,PP_014,2024-08-27T20:54:15
000510,PP_007,2024-08-27T22:04:50
003804,PP_006,2024-08-27T22:48:54
003407,PP_020,2024-08-27T22:51:44
003842,PP_020,2024-08-28T09:04:38
000922,PP_005,2024-08-28T11:48:36
002774,PP_019,2024-08-28T14:09:18
001989,PP_003,2024-08-28T18:03:38
004854,PP_016,2024-08-28T18:44:57
002884,PP_015,2024-08-28T19:00:39
000797,PP_008,2024-08-29T12:31:33
004171,PP_006,2024-08-29T17:25:39
001617,PP_020,2024-08-29T17:46:22
002284,PP_018,2024-08-29T18:46:55
003197,PP_007,2024-08-29T20:15:57
002571,PP_020,2024-08-29T20:26:58
001610,PP_017,2024-08-29T20:39:48
000851,PP_010,2024-08-30T08:27:32
001577,PP_016,2024-08-30T10:25:52
003415,PP_009,2024-08-30T11:47:38
002573,PP_008,2024-08-30T16:27:02
002020,PP_015,2024-08-30T16:36:55
002800,PP_019,2024-08-30T18:39:04
001818,PP_012,2024-08-30T18:43:50
003860,PP_002,2024-08-30T19:46:38
004519,PP_012,2024-08-30T21:28:41
003702,PP_013,2024-08-30T21:30:04
000852,PP_013,2024-08-31T11:41:25
001004,PP_002,2024-08-31T11:55:36
001004,PP_001,2024-08-31T14:13:50
003329,PP_011,2024-08-31T18:29:18
000901,PP_020,2024-09-01T08:43:32
000901,PP_018,2024-09-01T09:21:40
004286,PP_018,2024-09-01T09:22:41
000365,PP_016,2024-09-01T09:23:47
001831,PP_011,2024-09-01T09:51:24
001831,PP_015,2024-09-01T13:01:27
004995,PP_018,2024-09-01T14:09:45
000595,PP_017,2024-09-01T14:20:14
003860,PP_006,2024-09-01T15:45:45
000592,PP_004,2024-09-01T16:35:58
001951,PP_014,2024-09-01T17:30:39
004889,PP_018,2024-09-01T17:51:26
000633,PP_016,2024-09-01T18:25:55
001951,PP_015,2024-09-01T18:51:25
000595,PP_002,2024-09-01T20:14:35
004061,PP_006,2024-09-02T08:47:49
003407,PP_011,2024-09-02T09:55:38
004915,PP_010,2024-09-02T14:07:31
001309,PP_004,2024-09-02T15:08:37
004008,PP_019,2024-09-02T16:19:31
002020,PP_012,2024-09-02T18:36:18
000852,PP_001,2024-09-02T20:55:30
000592,PP_012,2024-09-02T21:48:46
002435,PP_015,2024-09-03T08:56:11
004385,PP_011,2024-09-03T11:32:01
000852,PP_014,2024-09-03T12:01:37
000372,PP_010,2024-09-03T12:37:05
003266,PP_005,2024-09-03T13:16:53
001005,PP_015,2024-09-03T13:45:20
000645,PP_015,2024-09-03T13:47:13
000755,PP_014,2024-09-03T14:29:40
000511,PP_008,2024-09-03T14:55:28
001075,PP_001,2024-09-03T15:00:33
002435,PP_019,2024-09-03T18:27:41
001005,PP_004,2024-09-03T18:39:06
000755,PP_013,2024-09-03T19:03:13
000755,PP_003,2024-09-03T21:02:29
000128,PP_005,2024-09-03T21:03:46
002073,PP_006,2024-09-03T21:10:53
002849,PP_005,2024-09-03T21:20:17
002435,PP_013,2024-09-03T22:25:16
004167,PP_009,2024-09-04T12:40:04
003868,PP_017,2024-09-04T12:42:13
000658,PP_014,2024-09-04T14:08:25
003915,PP_011,2024-09-04T15:47:54
002773,PP_019,2024-09-04T16:34:03
001167,PP_002,2024-09-04T21:41:19
000902,PP_018,2024-09-05T08:42:45
002085,PP_004,2024-09-05T09:19:45
002075,PP_011,2024-09-05T09:25:44
001864,PP_008,2024-09-05T13:23:53
001528,PP_008,2024-09-05T16:19:02
002347,PP_017,2024-09-05T17:01:49
001864,PP_002,2024-09-05T19:06:01
002347,PP_004,2024-09-05T19:19:42
002153,PP_015,2024-09-05T19:24:24
001864,PP_003,2024-09-05T20:32:33
002085,PP_017,2024-09-05T22:21:20
000691,PP_002,2024-09-05T22:36:35
000873,PP_013,2024-09-05T22:59:06
004477,PP_004,2024-09-06T08:56:29
000852,PP_011,2024-09-06T09:01:16
000554,PP_015,2024-09-06T09:30:15
004040,PP_013,2024-09-06T09:43:49
002222,PP_009,2024-09-06T09:54:40
004855,PP_014,2024-09-06T09:56:21
002976,PP_009,2024-09-06T11:07:45
003343,PP_016,2024-09-06T11:51:21
001254,PP_016,2024-09-06T15:13:13
003992,PP_008,2024-09-06T15:38:36
001544,PP_005,2024-09-06T15:52:08
004190,PP_020,2024-09-06T15:58:37
002282,PP_014,2024-09-06T16:12:33
003992,PP_001,2024-09-06T16:16:55
002282,PP_010,2024-09-06T16:40:16
002282,PP_005,2024-09-06T17:29:08
001233,PP_007,2024-09-06T18:49:12
001233,PP_017,2024-09-06T19:56:50
000345,PP_015,2024-09-06T20:21:30
001781,PP_006,2024-09-07T09:18:44
004379,PP_010,2024-09-07T11:11:56
004816,PP_015,2024-09-07T12:40:08
001781,PP_002,2024-09-07T15:09:17
003969,PP_002,2024-09-07T15:29:07
002976,PP_017,2024-09-07T15:36:13
000162,PP_001,2024-09-07T16:40:32
004079,PP_020,2024-09-07T19:22:58
004744,PP_016,2024-09-07T19:38:27
004319,PP_010,2024-09-07T20:37:05
002653,PP_002,2024-09-07T21:23:08
000994,PP_007,2024-09-07T21:53:26
003327,PP_014,2024-09-07T21:56:59
000902,PP_009,2024-09-07T22:06:36
001781,PP_015,2024-09-07T22:55:47
004644,PP_006,2024-09-08T09:20:20
001967,PP_004,2024-09-08T10:42:57
003322,PP_015,2024-09-08T11:47:09
001239,PP_003,2024-09-08T13:54:24
000529,PP_001,2024-09-08T14:49:46
002795,PP_010,2024-09-08T15:24:47
001638,PP_020,2024-09-08T15:41:05
003322,PP_005,2024-09-08T17:01:28
004167,PP_011,2024-09-08T19:51:16
001742,PP_001,2024-09-08T20:51:00
003191,PP_011,2024-09-08T21:05:59
002795,PP_017,2024-09-08T22:21:46
002795,PP_004,2024-09-08T22:40:18
004040,PP_015,2024-09-08T22:43:44
003702,PP_012,2024-09-09T08:50:26
003164,PP_006,2024-09-09T09:23:55
002216,PP_002,2024-09-09T10:24:17
000083,PP_005,2024-09-09T13:24:59
002976,PP_002,2024-09-09T13:48:14
000595,PP_004,2024-09-09T14:19:08
000525,PP_014,2024-09-09T14:25:27
000091,PP_012,2024-09-09T15:12:30
003164,PP_005,2024-09-09T17:36:57
001075,PP_011,2024-09-09T17:39:08
004816,PP_016,2024-09-09T18:34:28
000053,PP_005,2024-09-09T20:03:15
002760,PP_004,2024-09-09T20:27:45
001129,PP_013,2024-09-09T22:47:42
003164,PP_017,2024-09-09T22:51:45
001165,PP_015,2024-09-10T08:39:58
001583,PP_015,2024-09-10T09:10:31
002904,PP_012,2024-09-10T09:49:07
002347,PP_010,2024-09-10T14:48:15
001201,PP_010,2024-09-10T16:13:14
003122,PP_015,2024-09-10T16:36:40
002090,PP_005,2024-09-10T17:32:22
002876,PP_005,2024-09-10T19:12:40
004616,PP_008,2024-09-10T20:08:47
001201,PP_018,2024-09-10T20:25:52
002594,PP_012,2024-09-10T22:45:00
003449,PP_013,2024-09-11T08:09:19
001064,PP_003,2024-09-11T10:35:53
003992,PP_005,2024-09-11T12:08:12
000873,PP_009,2024-09-11T12:44:11
002940,PP_013,2024-09-11T15:00:46
003270,PP_019,2024-09-11T17:08:57
002075,PP_016,2024-09-11T17:36:55
003270,PP_009,2024-09-11T19:34:54
002989,PP_012,2024-09-11T22:06:20
000851,PP_018,2024-09-12T08:35:46
002752,PP_004,2024-09-12T09:38:48
000534,PP_007,2024-09-12T13:23:04
002366,PP_003,2024-09-12T14:40:17
002309,PP_011,2024-09-12T16:03:55
000872,PP_011,2024-09-12T18:07:50
002573,PP_010,2024-09-12T22:16:43
000534,PP_012,2024-09-12T22:17:57
001170,PP_004,2024-09-13T09:03:51
001172,PP_018,2024-09-13T10:35:34
002185,PP_009,2024-09-13T11:15:27
000426,PP_011,2024-09-13T12:36:17
000293,PP_003,2024-09-13T13:30:40
003753,PP_003,2024-09-13T13:43:07
001833,PP_013,2024-09-13T14:04:33
004719,PP_003,2024-09-13T14:13:48
001794,PP_004,2024-09-13T14:17:02
004964,PP_008,2024-09-13T14:30:18
004964,PP_019,2024-09-13T19:21:22
002037,PP_011,2024-09-13T20:15:31
001175,PP_012,2024-09-13T21:50:14
003102,PP_016,2024-09-13T22:24:26
003598,PP_015,2024-09-14T08:37:15
000091,PP_015,2024-09-14T09:37:48
003102,PP_020,2024-09-14T09:38:47
004836,PP_017,2024-09-14T09:44:57
003351,PP_013,2024-09-14T09:45:08
003086,PP_008,2024-09-14T13:41:05
004862,PP_009,2024-09-14T14:27:18
003073,PP_016,2024-09-14T14:58:20
004616,PP_020,2024-09-14T16:01:35
003987,PP_009,2024-09-14T19:16:37
003598,PP_018,2024-09-14T20:05:42
001622,PP_010,2024-09-14T20:44:35
001407,PP_007,2024-09-15T08:01:42
003538,PP_008,2024-09-15T08:24:31
002643,PP_007,2024-09-15T08:38:58
002653,PP_014,2024-09-15T09:10:55
003219,PP_009,2024-09-15T10:41:02
002290,PP_004,2024-09-15T17:49:46
003449,PP_011,2024-09-15T20:52:10
002482,PP_012,2024-09-16T08:22:55
002472,PP_016,2024-09-16T08:45:11
003110,PP_011,2024-09-16T11:51:08
001911,PP_015,2024-09-16T12:38:42
002367,PP_015,2024-09-16T14:00:04
003110,PP_008,2024-09-16T15:10:55
003449,PP_015,2024-09-16T15:13:40
000805,PP_003,2024-09-16T16:04:42
002016,PP_012,2024-09-16T16:53:17
002145,PP_009,2024-09-16T19:24:47
002145,PP_015,2024-09-16T19:42:13
003110,PP_002,2024-09-16T20:00:15
001997,PP_016,2024-09-16T20:13:10
001581,PP_014,2024-09-16T20:50:55
001024,PP_016,2024-09-17T09:06:35
003763,PP_020,2024-09-17T10:08:40
001024,PP_007,2024-09-17T11:29:47
004061,PP_005,2024-09-17T12:56:49
003817,PP_011,2024-09-17T12:59:59
004949,PP_004,2024-09-17T13:25:42
002752,PP_001,2024-09-17T14:08:03
004088,PP_014,2024-09-17T20:58:49
002195,PP_016,2024-09-17T22:50:08
003663,PP_011,2024-09-18T10:21:03
003389,PP_011,2024-09-18T13:25:27
002844,PP_019,2024-09-18T14:25:03
003753,PP_005,2024-09-18T14:47:49
001346,PP_008,2024-09-18T14:48:27
004665,PP_013,2024-09-18T16:04:39
000876,PP_013,2024-09-18T18:17:39
004665,PP_009,2024-09-18T22:05:40
001015,PP_012,2024-09-19T10:22:22
001581,PP_004,2024-09-19T12:56:32
004850,PP_010,2024-09-19T14:03:33
004405,PP_019,2024-09-19T14:31:52
001233,PP_016,2024-09-19T16:00:08
000683,PP_010,2024-09-19T16:18:10
000683,PP_016,2024-09-19T20:10:08
003459,PP_008,2024-09-19T22:50:04
003753,PP_015,2024-09-20T08:04:47
004211,PP_020,2024-09-20T09:01:03
001293,PP_014,2024-09-20T11:05:08
003041,PP_002,2024-09-20T16:25:35
003598,PP_003,2024-09-20T19:48:04
000293,PP_014,2024-09-20T22:46:33
003061,PP_016,2024-09-21T08:25:00
001937,PP_020,2024-09-21T09:00:18
001167,PP_005,2024-09-21T09:44:11
003964,PP_010,2024-09-21T09:53:56
002367,PP_017,2024-09-21T11:49:38
002231,PP_002,2024-09-21T12:38:22
000014,PP_016,2024-09-21T12:45:30
002817,PP_006,2024-09-21T14:34:39
003842,PP_016,2024-09-21T14:44:28
002743,PP_013,2024-09-21T16:30:18
004637,PP_018,2024-09-21T17:45:26
001278,PP_013,2024-09-21T17:52:10
003073,PP_014,2024-09-21T18:57:55
003428,PP_016,2024-09-21T19:39:57
002406,PP_014,2024-09-21T21:16:09
002743,PP_016,2024-09-21T22:34:14
002983,PP_003,2024-09-22T09:26:24
004468,PP_020,2024-09-22T09:26:34
002939,PP_003,2024-09-22T09:55:20
003763,PP_009,2024-09-22T10:51:31
000491,PP_002,2024-09-22T11:33:04
002983,PP_005,2024-09-22T13:05:30
002536,PP_016,2024-09-22T13:07:12
004616,PP_007,2024-09-22T13:41:52
002681,PP_013,2024-09-22T16:48:41
000814,PP_004,2024-09-22T18:26:25
002536,PP_013,2024-09-22T18:31:51
004836,PP_019,2024-09-22T19:01:07
002406,PP_003,2024-09-22T19:08:58
002756,PP_002,2024-09-22T19:43:46
000357,PP_009,2024-09-22T19:59:47
000814,PP_014,2024-09-22T21:57:56
000491,PP_001,2024-09-22T22:23:14
001411,PP_016,2024-09-23T09:39:43
001036,PP_007,2024-09-23T10:51:43
002651,PP_018,2024-09-23T11:58:47
003535,PP_020,2024-09-23T13:04:59
001036,PP_012,2024-09-23T15:04:14
002818,PP_003,2024-09-23T16:50:39
002472,PP_018,2024-09-23T17:04:51
002398,PP_012,2024-09-23T17:57:54
000323,PP_015,2024-09-23T18:31:28
002016,PP_016,2024-09-23T19:17:56
003187,PP_012,2024-09-23T20:56:45
001492,PP_001,2024-09-23T21:22:56
002399,PP_004,2024-09-24T08:47:13
002558,PP_014,2024-09-24T10:40:38
000110,PP_009,2024-09-24T10:43:14
003171,PP_015,2024-09-24T13:46:33
002016,PP_013,2024-09-24T17:45:37
003171,PP_008,2024-09-24T19:25:22
004956,PP_002,2024-09-24T22:04:36
002231,PP_017,2024-09-24T22:28:20
002286,PP_011,2024-09-25T14:17:00
002459,PP_018,2024-09-25T14:54:38
000110,PP_011,2024-09-25T16:12:11
001038,PP_018,2024-09-25T17:09:40
004292,PP_006,2024-09-25T18:11:20
004956,PP_018,2024-09-25T18:39:18
003817,PP_012,2024-09-25T19:07:55
000293,PP_020,2024-09-25T19:08:31
001086,PP_011,2024-09-25T21:15:50
002346,PP_009,2024-09-25T21:37:35
002616,PP_013,2024-09-25T22:47:26
000110,PP_004,2024-09-25T22:54:50
001408,PP_013,2024-09-26T08:04:01
001542,PP_018,2024-09-26T09:55:04
000893,PP_004,2024-09-26T10:26:35
001005,PP_012,2024-09-26T13:02:13
003678,PP_020,2024-09-26T13:20:49
001542,PP_010,2024-09-26T14:57:01
001411,PP_015,2024-09-26T15:48:58
000588,PP_016,2024-09-26T17:42:17
003504,PP_010,2024-09-26T18:55:24
003630,PP_017,2024-09-27T08:06:28
004168,PP_011,2024-09-27T09:00:14
000530,PP_003,2024-09-27T09:48:59
003630,PP_016,2024-09-27T12:01:19
004637,PP_002,2024-09-27T12:04:50
002361,PP_012,2024-09-27T12:16:15
004466,PP_009,2024-09-27T14:26:06
004466,PP_002,2024-09-27T15:21:47
000530,PP_004,2024-09-27T16:45:41
004355,PP_020,2024-09-27T17:38:08
004477,PP_007,2024-09-27T18:24:19
000844,PP_005,2024-09-27T19:31:55
004355,PP_012,2024-09-27T19:44:36
003630,PP_006,2024-09-27T21:44:29
000844,PP_014,2024-09-27T22:57:35
003031,PP_005,2024-09-28T10:28:54
003031,PP_007,2024-09-28T10:56:41
003428,PP_015,2024-09-28T11:36:09
000279,PP_018,2024-09-28T12:47:56
000044,PP_012,2024-09-28T14:30:37
000044,PP_009,2024-09-28T15:21:09
000426,PP_013,2024-09-28T16:40:57
001408,PP_009,2024-09-28T17:55:09
003031,PP_014,2024-09-28T19:30:27
000044,PP_013,2024-09-28T19:57:13
002145,PP_011,2024-09-28T20:16:20
002651,PP_002,2024-09-28T22:36:38
002697,PP_009,2024-09-29T08:03:59
000372,PP_007,2024-09-29T09:24:01
000779,PP_002,2024-09-29T10:44:00
004292,PP_001,2024-09-29T11:40:40
000109,PP_004,2024-09-29T11:49:06
001883,PP_020,2024-09-29T12:15:34
002697,PP_011,2024-09-29T13:50:11
004292,PP_018,2024-09-29T13:58:59
001883,PP_003,2024-09-29T14:46:33
002879,PP_002,2024-09-29T17:46:14
000109,PP_012,2024-09-29T21:49:09
001883,PP_013,2024-09-29T22:09:24
002697,PP_005,2024-09-29T22:38:24
004996,PP_001,2024-09-30T08:45:39
002940,PP_012,2024-09-30T09:40:37
001711,PP_020,2024-09-30T10:10:50
003155,PP_007,2024-09-30T10:23:25
000675,PP_015,2024-09-30T10:27:29
000300,PP_007,2024-09-30T11:21:28
000675,PP_013,2024-09-30T12:38:18
003443,PP_019,2024-09-30T14:44:41
002863,PP_012,2024-09-30T15:50:51
000300,PP_006,2024-09-30T17:22:44
003756,PP_018,2024-09-30T17:40:58
001971,PP_014,2024-09-30T17:42:15
004996,PP_014,2024-09-30T22:02:42
002812,PP_019,2024-09-30T22:16:27
003806,PP_006,2024-10-01T09:39:24
002773,PP_017,2024-10-01T12:12:43
001482,PP_004,2024-10-01T12:16:02
001445,PP_009,2024-10-01T12:25:29
001445,PP_015,2024-10-01T14:53:01
000530,PP_020,2024-10-01T16:11:31
004635,PP_012,2024-10-01T17:13:38
003786,PP_013,2024-10-01T18:16:50
001482,PP_006,2024-10-01T18:22:07
003291,PP_014,2024-10-01T19:45:05
002347,PP_018,2024-10-01T20:02:59
001445,PP_018,2024-10-01T20:47:33
003321,PP_015,2024-10-02T10:28:39
002007,PP_014,2024-10-02T12:58:06
002341,PP_005,2024-10-02T13:31:42
001887,PP_004,2024-10-02T15:52:18
002341,PP_007,2024-10-02T17:52:57
002375,PP_016,2024-10-02T18:31:37
002361,PP_010,2024-10-02T21:10:55
003389,PP_010,2024-10-03T08:14:26
004497,PP_007,2024-10-03T08:48:08
001516,PP_004,2024-10-03T09:59:54
004864,PP_006,2024-10-03T10:03:37
001875,PP_004,2024-10-03T10:58:54
001516,PP_001,2024-10-03T11:35:53
003482,PP_018,2024-10-03T13:30:58
004497,PP_001,2024-10-03T17:27:45
004616,PP_001,2024-10-03T17:47:13
001711,PP_017,2024-10-03T17:47:53
004497,PP_006,2024-10-03T18:15:54
004113,PP_014,2024-10-03T19:04:59
002812,PP_002,2024-10-03T19:15:25
003564,PP_015,2024-10-03T20:29:44
004997,PP_009,2024-10-03T20:30:26
001732,PP_003,2024-10-03T20:40:04
004864,PP_009,2024-10-03T22:26:48
002119,PP_016,2024-10-04T09:07:50
001905,PP_012,2024-10-04T09:39:21
004996,PP_011,2024-10-04T10:09:21
001905,PP_020,2024-10-04T11:12:27
000699,PP_003,2024-10-04T12:31:41
002724,PP_010,2024-10-04T13:44:57
002812,PP_010,2024-10-04T17:22:28
001905,PP_015,2024-10-04T17:36:35
002681,PP_012,2024-10-04T18:13:40
002719,PP_010,2024-10-04T20:53:17
003031,PP_010,2024-10-04T20:59:48
003321,PP_006,2024-10-04T21:26:11
004420,PP_017,2024-10-04T22:37:51
003997,PP_016,2024-10-04T22:42:08
003375,PP_007,2024-10-05T08:42:57
001732,PP_007,2024-10-05T09:44:12
003732,PP_002,2024-10-05T10:04:48
000182,PP_006,2024-10-05T10:15:36
000675,PP_012,2024-10-05T10:51:58
002254,PP_014,2024-10-05T11:59:19
003859,PP_008,2024-10-05T12:14:19
004511,PP_008,2024-10-05T12:42:55
004016,PP_011,2024-10-05T14:09:06
004635,PP_013,2024-10-05T14:24:39
003806,PP_001,2024-10-05T14:51:54
003031,PP_009,2024-10-05T18:57:25
004926,PP_015,2024-10-05T19:07:23
004511,PP_014,2024-10-05T21:01:18
001516,PP_002,2024-10-05T21:28:45
000110,PP_002,2024-10-05T21:34:37
000182,PP_002,2024-10-05T22:46:02
003037,PP_002,2024-10-05T22:48:46
002981,PP_011,2024-10-06T09:04:10
001129,PP_015,2024-10-06T09:32:18
002846,PP_018,2024-10-06T12:28:47
000388,PP_004,2024-10-06T16:02:28
002346,PP_011,2024-10-06T16:49:23
003787,PP_012,2024-10-06T17:16:32
000388,PP_002,2024-10-06T18:28:32
003745,PP_005,2024-10-06T19:53:05
003201,PP_017,2024-10-06T19:57:51
000776,PP_004,2024-10-06T21:08:51
000119,PP_010,2024-10-06T21:21:29
004611,PP_001,2024-10-06T21:27:29
000388,PP_001,2024-10-06T22:41:22
004143,PP_002,2024-10-07T08:24:21
001811,PP_017,2024-10-07T09:21:58
001133,PP_015,2024-10-07T09:39:16
003470,PP_006,2024-10-07T10:54:08
002274,PP_014,2024-10-07T11:00:52
000893,PP_011,2024-10-07T11:29:00
000971,PP_002,2024-10-07T11:47:52
000992,PP_020,2024-10-07T14:01:41
004550,PP_019,2024-10-07T14:05:18
001811,PP_015,2024-10-07T15:19:19
001376,PP_018,2024-10-07T15:47:11
000971,PP_012,2024-10-07T17:11:03
001135,PP_002,2024-10-07T18:33:07
000583,PP_006,2024-10-07T19:34:57
001021,PP_010,2024-10-07T21:34:30
001021,PP_012,2024-10-07T22:39:32
003561,PP_011,2024-10-08T08:07:48
002424,PP_012,2024-10-08T09:22:07
000819,PP_003,2024-10-08T10:26:04
001532,PP_009,2024-10-08T12:11:26
003735,PP_013,2024-10-08T12:57:08
003535,PP_019,2024-10-08T13:41:08
000819,PP_020,2024-10-08T15:32:32
001185,PP_019,2024-10-08T20:20:38
002120,PP_014,2024-10-08T22:03:20
002120,PP_007,2024-10-08T22:42:11
002037,PP_006,2024-10-09T09:12:12
003169,PP_008,2024-10-09T09:51:36
004610,PP_005,2024-10-09T10:30:09
000674,PP_014,2024-10-09T10:41:33
000674,PP_012,2024-10-09T11:04:41
003169,PP_006,2024-10-09T12:21:52
000388,PP_015,2024-10-09T13:57:29
002614,PP_003,2024-10-09T14:54:29
002812,PP_007,2024-10-09T15:13:59
000676,PP_007,2024-10-09T15:36:03
003255,PP_009,2024-10-09T16:24:25
003542,PP_008,2024-10-09T16:36:47
003169,PP_005,2024-10-09T17:37:42
003255,PP_010,2024-10-09T17:55:56
003753,PP_012,2024-10-09T18:00:42
004223,PP_013,2024-10-09T19:22:31
001376,PP_008,2024-10-09T21:04:18
003921,PP_013,2024-10-10T08:23:50
002787,PP_004,2024-10-10T09:52:15
003472,PP_005,2024-10-10T12:18:21
000906,PP_006,2024-10-10T13:33:02
002787,PP_007,2024-10-10T15:09:59
000357,PP_015,2024-10-10T18:04:30
002787,PP_002,2024-10-10T18:14:37
004923,PP_015,2024-10-10T18:18:38
004600,PP_016,2024-10-10T19:08:21
003956,PP_014,2024-10-10T19:32:49
002424,PP_018,2024-10-10T22:57:40
001181,PP_006,2024-10-11T09:20:04
003588,PP_012,2024-10-11T10:07:29
000956,PP_016,2024-10-11T10:18:55
000244,PP_019,2024-10-11T10:28:27
000244,PP_009,2024-10-11T11:05:31
002119,PP_012,2024-10-11T13:12:21
002541,PP_010,2024-10-11T13:57:23
002059,PP_007,2024-10-11T14:46:10
003588,PP_011,2024-10-11T16:11:07
004743,PP_012,2024-10-11T16:50:59
000185,PP_006,2024-10-11T17:19:25
002059,PP_004,2024-10-11T19:54:03
000244,PP_002,2024-10-11T20:21:04
002103,PP_011,2024-10-11T22:40:38
004468,PP_010,2024-10-12T12:25:26
000891,PP_012,2024-10-12T13:15:13
003006,PP_002,2024-10-12T14:18:53
000292,PP_010,2024-10-12T15:42:08
004424,PP_004,2024-10-12T18:52:39
001342,PP_012,2024-10-12T20:05:45
000891,PP_007,2024-10-12T20:11:10
003578,PP_017,2024-10-12T20:45:09
004864,PP_011,2024-10-12T20:59:40
002800,PP_015,2024-10-12T21:04:13
003006,PP_004,2024-10-12T22:08:52
000819,PP_004,2024-10-12T22:41:25
002952,PP_004,2024-10-13T09:09:26
000024,PP_004,2024-10-13T10:38:36
000969,PP_007,2024-10-13T11:14:28
003180,PP_008,2024-10-13T11:33:38
003082,PP_001,2024-10-13T12:33:17
003180,PP_017,2024-10-13T14:04:57
002952,PP_015,2024-10-13T14:05:01
003180,PP_001,2024-10-13T14:42:01
000465,PP_016,2024-10-13T15:36:37
003110,PP_015,2024-10-13T15:40:05
002541,PP_003,2024-10-13T20:27:53
002952,PP_007,2024-10-13T20:41:04
004897,PP_010,2024-10-14T09:51:48
000165,PP_002,2024-10-14T09:53:19
003412,PP_015,2024-10-14T15:42:04
000906,PP_013,2024-10-14T15:51:44
000581,PP_016,2024-10-14T16:34:18
004743,PP_003,2024-10-14T17:04:12
002241,PP_001,2024-10-14T18:16:17
000581,PP_013,2024-10-14T21:18:25
004078,PP_008,2024-10-15T10:24:12
002490,PP_013,2024-10-15T11:37:44
002502,PP_016,2024-10-15T15:31:29
001932,PP_002,2024-10-15T16:28:10
003180,PP_009,2024-10-15T19:45:13
002078,PP_012,2024-10-15T21:54:59
003155,PP_006,2024-10-16T08:20:20
001875,PP_018,2024-10-16T08:52:52
001376,PP_012,2024-10-16T09:08:19
000185,PP_019,2024-10-16T10:46:14
000014,PP_013,2024-10-16T11:07:46
001342,PP_011,2024-10-16T11:11:20
001857,PP_007,2024-10-16T12:31:11
004920,PP_003,2024-10-16T12:56:25
002390,PP_012,2024-10-16T16:51:16
003255,PP_012,2024-10-16T19:04:56
001240,PP_013,2024-10-17T10:52:22
004611,PP_008,2024-10-17T12:53:19
002017,PP_010,2024-10-17T12:56:43
000891,PP_018,2024-10-17T13:45:15
001952,PP_006,2024-10-17T16:22:22
003914,PP_016,2024-10-17T16:55:58
004600,PP_003,2024-10-17T18:19:28
004073,PP_012,2024-10-17T19:51:54
002891,PP_016,2024-10-17T22:49:20
001230,PP_004,2024-10-18T08:22:16
004780,PP_001,2024-10-18T08:36:37
004467,PP_012,2024-10-18T10:34:28
004780,PP_004,2024-10-18T11:21:06
003526,PP_016,2024-10-18T12:36:36
003389,PP_015,2024-10-18T12:56:29
000380,PP_001,2024-10-18T12:58:02
002395,PP_004,2024-10-18T13:50:38
004078,PP_003,2024-10-18T14:06:29
003980,PP_007,2024-10-18T15:34:29
001932,PP_018,2024-10-18T15:59:23
003225,PP_019,2024-10-18T16:17:43
000380,PP_010,2024-10-18T17:12:45
000380,PP_007,2024-10-18T17:14:35
004780,PP_010,2024-10-18T17:15:56
000424,PP_003,2024-10-18T17:45:07
000424,PP_020,2024-10-18T17:55:44
000424,PP_015,2024-10-18T18:25:23
001875,PP_020,2024-10-18T21:49:23
000244,PP_005,2024-10-18T22:42:40
002395,PP_003,2024-10-18T22:53:27
001007,PP_003,2024-10-19T08:05:58
001007,PP_018,2024-10-19T08:25:36
001213,PP_018,2024-10-19T08:47:41
000438,PP_020,2024-10-19T11:19:34
000352,PP_003,2024-10-19T13:01:32
001007,PP_019,2024-10-19T13:40:23
002346,PP_005,2024-10-19T15:09:12
004515,PP_004,2024-10-19T15:29:23
000843,PP_009,2024-10-19T15:49:45
000017,PP_006,2024-10-19T16:08:24
004515,PP_008,2024-10-19T17:11:28
003459,PP_014,2024-10-19T17:47:00
000465,PP_011,2024-10-19T18:34:36
003078,PP_001,2024-10-19T19:33:48
001213,PP_007,2024-10-19T20:43:57
000380,PP_017,2024-10-19T21:21:03
003006,PP_006,2024-10-20T08:24:22
001278,PP_010,2024-10-20T09:14:20
003069,PP_009,2024-10-20T09:31:32
004804,PP_004,2024-10-20T09:49:49
002680,PP_019,2024-10-20T10:47:47
000276,PP_008,2024-10-20T10:59:05
001267,PP_011,2024-10-20T11:21:56
002406,PP_004,2024-10-20T11:45:58
001395,PP_015,2024-10-20T14:24:01
002190,PP_016,2024-10-20T15:25:37
003037,PP_008,2024-10-20T17:31:44
004867,PP_013,2024-10-20T21:05:44
003116,PP_004,2024-10-20T22:02:24
002147,PP_002,2024-10-21T08:51:09
001791,PP_007,2024-10-21T09:32:41
002724,PP_016,2024-10-21T09:59:09
000428,PP_020,2024-10-21T13:08:07
003418,PP_010,2024-10-21T16:34:27
003578,PP_007,2024-10-21T17:30:41
001740,PP_005,2024-10-21T18:35:34
001740,PP_008,2024-10-21T19:16:03
000380,PP_014,2024-10-21T20:57:17
000035,PP_016,2024-10-22T09:21:20
000675,PP_004,2024-10-22T09:24:21
004867,PP_020,2024-10-22T11:04:44
004655,PP_006,2024-10-22T11:17:08
004422,PP_005,2024-10-22T11:22:55
002287,PP_003,2024-10-22T11:44:09
004425,PP_020,2024-10-22T12:10:34
002355,PP_016,2024-10-22T12:49:50
002287,PP_007,2024-10-22T12:49:59
004655,PP_018,2024-10-22T13:15:05
002355,PP_017,2024-10-22T15:22:50
002287,PP_002,2024-10-22T17:49:45
000564,PP_013,2024-10-22T18:53:34
001732,PP_009,2024-10-22T20:48:18
000564,PP_015,2024-10-22T21:23:11
004996,PP_019,2024-10-23T09:22:52
001237,PP_007,2024-10-23T15:29:08
003830,PP_013,2024-10-23T20:06:47
001237,PP_010,2024-10-23T21:51:47
003292,PP_006,2024-10-23T21:59:29
003171,PP_009,2024-10-23T22:31:13
003675,PP_008,2024-10-24T09:35:10
003225,PP_010,2024-10-24T11:08:13
002395,PP_014,2024-10-24T13:12:51
002971,PP_001,2024-10-24T13:15:28
001654,PP_010,2024-10-24T13:20:51
003174,PP_006,2024-10-24T14:11:55
003806,PP_003,2024-10-24T15:11:23
000352,PP_017,2024-10-24T15:25:23
001352,PP_012,2024-10-24T15:32:43
002013,PP_019,2024-10-24T15:50:42
004877,PP_011,2024-10-24T16:05:28
001654,PP_007,2024-10-24T16:41:42
002398,PP_015,2024-10-24T17:38:48
001352,PP_007,2024-10-24T20:45:48
004325,PP_001,2024-10-24T21:32:49
001654,PP_002,2024-10-24T21:57:57
000942,PP_016,2024-10-25T09:09:21
004007,PP_011,2024-10-25T09:42:46
004943,PP_007,2024-10-25T12:20:35
004943,PP_014,2024-10-25T12:20:36
001931,PP_013,2024-10-25T13:45:00
001306,PP_015,2024-10-25T14:27:35
001661,PP_004,2024-10-25T15:01:02
001213,PP_010,2024-10-25T15:36:15
004174,PP_010,2024-10-25T16:56:20
002426,PP_015,2024-10-25T19:39:07
004743,PP_005,2024-10-25T20:25:01
001306,PP_005,2024-10-25T21:37:50
003276,PP_011,2024-10-26T09:18:03
001435,PP_013,2024-10-26T09:23:04
002272,PP_003,2024-10-26T09:45:09
001191,PP_006,2024-10-26T13:04:00
000687,PP_014,2024-10-26T13:20:16
000315,PP_011,2024-10-26T14:00:22
000428,PP_014,2024-10-26T14:05:33
004280,PP_015,2024-10-26T14:19:28
003518,PP_006,2024-10-26T15:00:53
001317,PP_014,2024-10-26T16:21:29
003518,PP_009,2024-10-26T16:34:03
001740,PP_009,2024-10-26T17:18:47
000074,PP_014,2024-10-26T18:26:42
002579,PP_016,2024-10-26T20:14:48
003276,PP_013,2024-10-26T20:45:37
001899,PP_008,2024-10-26T21:21:58
000428,PP_002,2024-10-26T21:41:27
001191,PP_007,2024-10-26T21:48:54
004428,PP_016,2024-10-27T09:24:24
004909,PP_012,2024-10-27T09:33:07
002662,PP_019,2024-10-27T09:52:29
004082,PP_002,2024-10-27T10:23:44
003817,PP_009,2024-10-27T11:16:10
003844,PP_004,2024-10-27T13:01:55
003276,PP_012,2024-10-27T13:06:35
002287,PP_013,2024-10-27T13:21:09
002989,PP_002,2024-10-27T13:27:05
004655,PP_020,2024-10-27T15:23:06
001871,PP_005,2024-10-27T17:40:18
003125,PP_001,2024-10-27T18:31:47
003844,PP_003,2024-10-27T21:53:21
004428,PP_012,2024-10-28T08:02:45
002364,PP_015,2024-10-28T11:20:20
002227,PP_020,2024-10-28T12:40:54
004655,PP_009,2024-10-28T14:03:06
003261,PP_019,2024-10-28T15:00:38
002549,PP_005,2024-10-28T15:00:57
002364,PP_019,2024-10-28T16:21:29
004943,PP_009,2024-10-28T17:09:46
000394,PP_001,2024-10-28T18:31:21
002427,PP_013,2024-10-28T20:19:31
002351,PP_005,2024-10-29T08:26:06
004560,PP_011,2024-10-29T09:14:47
004402,PP_015,2024-10-29T09:36:53
003487,PP_017,2024-10-29T11:32:04
004272,PP_020,2024-10-29T11:32:56
004894,PP_009,2024-10-29T13:30:18
004514,PP_011,2024-10-29T15:23:17
002351,PP_004,2024-10-29T15:23:47
003264,PP_011,2024-10-29T19:45:03
001321,PP_017,2024-10-29T20:07:03
003264,PP_003,2024-10-29T20:24:09
004174,PP_019,2024-10-29T21:17:13
001321,PP_003,2024-10-29T21:39:59
000546,PP_012,2024-10-30T08:24:07
002947,PP_020,2024-10-30T08:54:40
001958,PP_001,2024-10-30T10:02:09
000862,PP_010,2024-10-30T10:48:20
001658,PP_010,2024-10-30T15:26:30
003660,PP_007,2024-10-30T15:31:43
004520,PP_016,2024-10-30T15:48:23
000707,PP_015,2024-10-30T15:53:09
002008,PP_016,2024-10-30T21:57:56
001958,PP_012,2024-10-30T22:29:00
000297,PP_003,2024-10-30T22:29:58
002105,PP_003,2024-10-31T09:20:13
001100,PP_015,2024-10-31T09:49:57
001661,PP_020,2024-10-31T10:31:17
004073,PP_011,2024-10-31T10:43:29
004017,PP_009,2024-10-31T11:49:00
002150,PP_006,2024-10-31T14:08:05
002351,PP_007,2024-10-31T14:13:02
004214,PP_019,2024-10-31T15:38:03
004783,PP_019,2024-10-31T15:47:08
004017,PP_005,2024-10-31T17:46:08
000346,PP_009,2024-10-31T17:59:18
001553,PP_013,2024-10-31T19:05:02
004141,PP_003,2024-10-31T19:21:17
003648,PP_013,2024-10-31T19:40:47
004017,PP_018,2024-10-31T19:46:28
000074,PP_002,2024-10-31T19:59:35
000297,PP_001,2024-10-31T20:32:14
003660,PP_018,2024-10-31T21:20:53
002351,PP_019,2024-10-31T22:10:06
002350,PP_014,2024-10-31T22:51:38
002152,PP_003,2024-11-01T08:28:14
000330,PP_013,2024-11-01T09:04:03
001661,PP_010,2024-11-01T10:43:18
002442,PP_007,2024-11-01T12:48:59
003123,PP_019,2024-11-01T13:18:19
004723,PP_015,2024-11-01T13:38:42
004918,PP_016,2024-11-01T14:21:51
001191,PP_004,2024-11-01T14:29:44
002120,PP_004,2024-11-01T16:04:37
002152,PP_011,2024-11-01T21:01:12
004611,PP_019,2024-11-02T09:30:59
003768,PP_012,2024-11-02T11:12:57
004745,PP_013,2024-11-02T12:10:27
000185,PP_002,2024-11-02T16:58:11
000329,PP_010,2024-11-02T16:59:08
003081,PP_002,2024-11-02T17:44:23
002259,PP_016,2024-11-02T19:07:21
001302,PP_016,2024-11-02T19:44:32
000597,PP_014,2024-11-02T19:45:30
003402,PP_016,2024-11-02T21:09:23
004745,PP_017,2024-11-02T21:36:54
001196,PP_017,2024-11-02T22:53:08
003813,PP_018,2024-11-03T08:25:19
004141,PP_017,2024-11-03T08:34:08
001517,PP_012,2024-11-03T09:59:45
003813,PP_010,2024-11-03T10:42:01
003780,PP_002,2024-11-03T11:37:04
002426,PP_011,2024-11-03T12:02:11
003120,PP_005,2024-11-03T17:14:24
002427,PP_014,2024-11-03T19:35:24
000597,PP_019,2024-11-03T20:06:29
003813,PP_016,2024-11-03T21:38:59
001196,PP_012,2024-11-03T21:53:52
004851,PP_008,2024-11-03T22:25:00
003120,PP_008,2024-11-03T22:45:22
004745,PP_015,2024-11-04T09:45:57
002390,PP_007,2024-11-04T11:32:56
000337,PP_017,2024-11-04T11:39:22
003264,PP_002,2024-11-04T14:18:51
004514,PP_015,2024-11-04T15:42:49
004425,PP_015,2024-11-04T16:58:40
003974,PP_014,2024-11-04T17:59:57
003111,PP_002,2024-11-04T18:11:17
004560,PP_016,2024-11-04T19:50:56
003974,PP_007,2024-11-04T21:03:28
004545,PP_013,2024-11-05T08:43:56
000471,PP_006,2024-11-05T10:06:55
000992,PP_005,2024-11-05T10:11:32
001416,PP_011,2024-11-05T10:31:37
000439,PP_006,2024-11-05T12:21:39
000051,PP_017,2024-11-05T14:42:29
000471,PP_010,2024-11-05T16:18:59
001416,PP_004,2024-11-05T16:27:47
000524,PP_014,2024-11-05T17:13:04
004272,PP_011,2024-11-05T18:42:47
003743,PP_011,2024-11-05T21:00:38
004007,PP_001,2024-11-05T21:17:00
004125,PP_018,2024-11-05T22:40:18
001348,PP_011,2024-11-06T09:59:19
003211,PP_001,2024-11-06T10:40:16
001507,PP_004,2024-11-06T11:25:53
000051,PP_004,2024-11-06T11:53:29
004658,PP_009,2024-11-06T14:35:47
001587,PP_002,2024-11-06T15:15:50
004444,PP_015,2024-11-06T15:48:24
003075,PP_016,2024-11-06T16:26:40
001043,PP_011,2024-11-06T16:49:25
000462,PP_006,2024-11-06T18:25:54
001416,PP_015,2024-11-06T19:49:03
003081,PP_010,2024-11-06T20:47:41
004837,PP_003,2024-11-06T21:02:00
004815,PP_004,2024-11-06T21:11:37
002059,PP_015,2024-11-06T21:27:23
003120,PP_003,2024-11-06T22:04:05
001343,PP_011,2024-11-06T22:06:16
001596,PP_006,2024-11-07T08:09:23
004627,PP_005,2024-11-07T08:26:31
001406,PP_002,2024-11-07T09:04:32
001160,PP_002,2024-11-07T09:28:00
004705,PP_016,2024-11-07T10:35:31
000890,PP_008,2024-11-07T12:24:29
001671,PP_019,2024-11-07T12:40:37
000890,PP_007,2024-11-07T13:49:59
004917,PP_003,2024-11-07T13:54:37
002080,PP_004,2024-11-07T14:37:20
003675,PP_004,2024-11-07T15:21:16
000337,PP_006,2024-11-07T16:45:29
001416,PP_013,2024-11-07T18:26:45
004705,PP_007,2024-11-07T19:32:13
004627,PP_013,2024-11-07T19:58:42
000890,PP_003,2024-11-07T20:29:52
003186,PP_004,2024-11-07T20:33:50
000243,PP_001,2024-11-08T09:14:14
000243,PP_015,2024-11-08T11:38:19
001721,PP_005,2024-11-08T11:44:34
002458,PP_016,2024-11-08T14:15:54
003909,PP_003,2024-11-08T16:01:17
000883,PP_006,2024-11-08T17:28:44
002458,PP_003,2024-11-08T21:59:21
001721,PP_007,2024-11-08T22:13:13
000145,PP_005,2024-11-08T22:31:27
004344,PP_013,2024-11-09T08:15:55
000236,PP_001,2024-11-09T08:21:22
002382,PP_013,2024-11-09T15:10:18
002382,PP_015,2024-11-09T16:37:12
000332,PP_005,2024-11-09T18:19:08
002256,PP_007,2024-11-09T21:45:35
000006,PP_004,2024-11-10T08:35:06
001295,PP_016,2024-11-10T08:56:11
004640,PP_008,2024-11-10T09:05:54
004733,PP_013,2024-11-10T10:18:06
003125,PP_005,2024-11-10T11:14:37
004125,PP_008,2024-11-10T13:27:39
001393,PP_011,2024-11-10T14:14:05
004640,PP_009,2024-11-10T15:27:57
003430,PP_010,2024-11-10T18:55:49
000160,PP_008,2024-11-11T08:41:20
000656,PP_017,2024-11-11T09:02:33
001295,PP_011,2024-11-11T10:50:26
000160,PP_015,2024-11-11T12:12:57
004837,PP_002,2024-11-11T12:26:58
004950,PP_013,2024-11-11T13:29:26
002362,PP_011,2024-11-11T15:15:40
000656,PP_014,2024-11-11T15:52:15
000656,PP_010,2024-11-11T16:20:57
003445,PP_006,2024-11-11T17:16:00
003673,PP_004,2024-11-11T19:35:49
004373,PP_002,2024-11-11T20:04:40
000348,PP_013,2024-11-11T21:16:18
001343,PP_013,2024-11-11T22:49:25
004601,PP_017,2024-11-12T08:15:37
000321,PP_012,2024-11-12T08:35:21
004601,PP_016,2024-11-12T10:07:12
001352,PP_015,2024-11-12T12:47:01
002628,PP_007,2024-11-12T14:24:57
003071,PP_001,2024-11-12T16:27:58
001416,PP_003,2024-11-12T17:34:20
004208,PP_013,2024-11-12T17:48:35
000006,PP_019,2024-11-12T19:22:28
000321,PP_013,2024-11-12T20:03:48
004344,PP_016,2024-11-13T09:33:49
001160,PP_009,2024-11-13T10:35:09
004125,PP_001,2024-11-13T10:42:33
000735,PP_017,2024-11-13T11:13:51
003292,PP_018,2024-11-13T11:37:31
003445,PP_010,2024-11-13T15:01:19
001160,PP_018,2024-11-13T16:43:25
000437,PP_006,2024-11-13T16:56:50
000967,PP_012,2024-11-13T17:00:22
000735,PP_016,2024-11-13T17:09:05
002440,PP_006,2024-11-13T18:12:02
003068,PP_020,2024-11-13T18:54:57
001505,PP_014,2024-11-13T21:07:15
000735,PP_015,2024-11-13T22:13:31
003144,PP_011,2024-11-14T10:26:08
004271,PP_010,2024-11-14T12:31:14
000787,PP_013,2024-11-14T13:19:56
002227,PP_012,2024-11-14T14:48:16
002078,PP_011,2024-11-14T22:05:53
004080,PP_004,2024-11-15T10:35:35
001371,PP_008,2024-11-15T13:53:13
004507,PP_020,2024-11-15T13:54:05
003631,PP_010,2024-11-15T14:21:57
000735,PP_009,2024-11-15T16:36:47
001213,PP_003,2024-11-15T19:22:20
004581,PP_019,2024-11-15T19:29:07
000315,PP_007,2024-11-15T20:42:47
003139,PP_004,2024-11-15T20:57:12
000504,PP_005,2024-11-15T21:22:34
000504,PP_004,2024-11-15T21:30:20
004125,PP_006,2024-11-16T12:26:56
002971,PP_002,2024-11-16T12:55:23
000987,PP_005,2024-11-16T19:48:10
000735,PP_011,2024-11-16T20:15:44
004545,PP_016,2024-11-16T21:57:34
004459,PP_012,2024-11-16T22:56:37
002026,PP_019,2024-11-17T08:14:03
003144,PP_002,2024-11-17T09:27:07
001505,PP_006,2024-11-17T09:46:54
002176,PP_019,2024-11-17T10:10:55
000917,PP_002,2024-11-17T11:07:41
002852,PP_011,2024-11-17T12:10:09
001371,PP_017,2024-11-17T13:34:55
002026,PP_011,2024-11-17T15:59:16
001596,PP_001,2024-11-17T16:44:10
000917,PP_005,2024-11-17T19:23:21
000819,PP_012,2024-11-18T10:46:00
004817,PP_017,2024-11-18T11:20:10
002440,PP_008,2024-11-18T12:28:34
001926,PP_008,2024-11-18T12:43:09
001186,PP_005,2024-11-18T12:55:44
004558,PP_010,2024-11-18T14:05:10
002837,PP_009,2024-11-18T14:09:29
003144,PP_020,2024-11-18T16:11:59
003071,PP_010,2024-11-18T16:26:37
004217,PP_013,2024-11-18T20:46:50
002852,PP_013,2024-11-19T09:37:16
003726,PP_003,2024-11-19T10:37:57
000552,PP_013,2024-11-19T10:47:12
000523,PP_011,2024-11-19T13:54:02
000986,PP_018,2024-11-19T13:54:06
002054,PP_013,2024-11-19T14:09:02
003081,PP_019,2024-11-19T17:02:53
004728,PP_015,2024-11-19T17:25:29
001885,PP_013,2024-11-20T08:39:57
001514,PP_020,2024-11-20T10:43:06
004310,PP_016,2024-11-20T12:15:37
000967,PP_016,2024-11-20T12:36:26
003894,PP_016,2024-11-20T13:56:14
001976,PP_007,2024-11-20T15:01:15
000236,PP_019,2024-11-20T20:47:36
001956,PP_012,2024-11-20T20:54:20
001885,PP_011,2024-11-20T21:27:38
002915,PP_020,2024-11-20T21:59:54
000806,PP_015,2024-11-21T10:07:54
000806,PP_016,2024-11-21T12:05:15
004581,PP_003,2024-11-21T14:10:15
000203,PP_013,2024-11-21T14:12:27
001176,PP_016,2024-11-21T18:38:06
004728,PP_013,2024-11-21T18:58:17
000297,PP_019,2024-11-21T20:19:21
004392,PP_015,2024-11-21T20:34:09
002830,PP_012,2024-11-21T20:35:36
000203,PP_007,2024-11-21T20:37:48
004140,PP_013,2024-11-21T21:46:03
000973,PP_004,2024-11-21T22:08:40
004601,PP_013,2024-11-22T08:30:27
004908,PP_013,2024-11-22T09:57:48
001076,PP_012,2024-11-22T11:18:26
001707,PP_015,2024-11-22T14:10:32
001725,PP_011,2024-11-22T14:49:09
001725,PP_012,2024-11-22T17:30:15
004997,PP_012,2024-11-22T18:27:54
001076,PP_006,2024-11-22T18:41:18
000845,PP_012,2024-11-22T19:08:23
001413,PP_009,2024-11-22T20:51:55
002913,PP_012,2024-11-23T08:22:35
001867,PP_014,2024-11-23T11:50:53
001926,PP_012,2024-11-23T12:54:00
003550,PP_001,2024-11-23T15:46:21
004392,PP_010,2024-11-23T18:10:21
004140,PP_014,2024-11-23T19:27:02
000117,PP_010,2024-11-23T20:44:22
002915,PP_007,2024-11-23T21:50:29
003812,PP_015,2024-11-24T08:46:49
000748,PP_016,2024-11-24T09:52:24
000117,PP_006,2024-11-24T10:13:15
003209,PP_009,2024-11-24T12:27:00
003660,PP_014,2024-11-24T14:02:06
000748,PP_020,2024-11-24T14:48:31
001658,PP_020,2024-11-24T15:31:49
001076,PP_001,2024-11-24T16:19:21
004930,PP_016,2024-11-24T18:38:46
001867,PP_016,2024-11-24T19:30:03
002852,PP_012,2024-11-24T20:09:23
000890,PP_006,2024-11-24T20:51:55
000083,PP_002,2024-11-25T10:21:49
000808,PP_013,2024-11-25T12:41:35
003974,PP_016,2024-11-25T12:49:28
001629,PP_016,2024-11-25T15:25:48
001720,PP_018,2024-11-26T08:57:33
002595,PP_014,2024-11-26T08:58:14
001720,PP_019,2024-11-26T09:50:44
003596,PP_019,2024-11-26T09:58:06
003570,PP_016,2024-11-26T10:46:14
004750,PP_014,2024-11-26T12:30:50
001720,PP_008,2024-11-26T13:30:05
003596,PP_004,2024-11-26T14:15:45
000227,PP_001,2024-11-26T17:13:49
004718,PP_012,2024-11-26T18:00:09
002595,PP_004,2024-11-26T18:57:31
003241,PP_011,2024-11-26T20:04:19
001654,PP_019,2024-11-26T20:34:39
002928,PP_007,2024-11-26T21:10:46
002744,PP_016,2024-11-26T21:56:21
004423,PP_008,2024-11-27T09:43:34
003038,PP_017,2024-11-27T13:16:11
003635,PP_016,2024-11-27T15:24:54
004423,PP_018,2024-11-27T16:46:27
003038,PP_019,2024-11-27T19:52:08
002259,PP_005,2024-11-27T20:25:59
000135,PP_005,2024-11-27T21:21:49
003038,PP_018,2024-11-27T22:06:33
002390,PP_005,2024-11-28T09:18:58
001810,PP_006,2024-11-28T10:38:50
003519,PP_016,2024-11-28T14:27:33
000117,PP_018,2024-11-28T17:55:29
000651,PP_016,2024-11-28T19:09:33
003120,PP_004,2024-11-28T22:15:43
004257,PP_020,2024-11-29T08:15:46
004699,PP_002,2024-11-29T14:55:33
001538,PP_006,2024-11-29T16:57:06
002556,PP_003,2024-11-29T17:45:48
004257,PP_008,2024-11-29T17:46:27
002696,PP_013,2024-11-29T18:19:08
002302,PP_017,2024-11-29T18:54:04
001076,PP_020,2024-11-29T20:00:48
001810,PP_004,2024-11-29T22:20:54
003075,PP_004,2024-11-30T08:45:52
001233,PP_009,2024-11-30T10:45:36
000527,PP_012,2024-11-30T10:50:29
000720,PP_014,2024-11-30T11:22:47
000720,PP_011,2024-11-30T13:59:17
001412,PP_007,2024-11-30T21:00:02
001743,PP_019,2024-12-01T11:24:39
001492,PP_009,2024-12-01T13:27:24
004576,PP_008,2024-12-01T20:02:24
003596,PP_001,2024-12-01T20:35:13
001979,PP_014,2024-12-02T09:13:58
000066,PP_017,2024-12-02T09:59:44
004722,PP_013,2024-12-02T11:12:26
000451,PP_014,2024-12-02T11:19:11
001979,PP_011,2024-12-02T14:19:34
000353,PP_012,2024-12-02T14:30:15
000775,PP_012,2024-12-02T15:43:05
002551,PP_018,2024-12-02T18:05:14
000504,PP_019,2024-12-02T18:41:15
003209,PP_010,2024-12-02T21:13:54
001720,PP_014,2024-12-02T21:27:20
002520,PP_008,2024-12-03T08:03:10
000321,PP_011,2024-12-03T09:21:15
004958,PP_005,2024-12-03T11:30:18
002286,PP_015,2024-12-03T14:08:46
003839,PP_002,2024-12-03T14:12:57
003839,PP_018,2024-12-03T15:58:10
003028,PP_007,2024-12-03T17:49:37
002617,PP_019,2024-12-03T18:31:19
000421,PP_015,2024-12-03T19:42:42
000483,PP_020,2024-12-03T20:09:06
003112,PP_009,2024-12-03T22:17:12
000903,PP_020,2024-12-04T08:57:37
002458,PP_009,2024-12-04T11:02:56
003487,PP_008,2024-12-04T12:04:15
002608,PP_011,2024-12-04T12:33:55
004571,PP_005,2024-12-04T15:41:22
002696,PP_016,2024-12-04T15:46:35
000437,PP_001,2024-12-04T18:00:25
001538,PP_005,2024-12-04T19:26:46
004571,PP_007,2024-12-04T21:10:29
003615,PP_008,2024-12-05T08:31:19
003936,PP_020,2024-12-05T09:37:25
003590,PP_020,2024-12-05T10:35:10
002880,PP_019,2024-12-05T14:10:45
001644,PP_011,2024-12-05T14:29:10
002288,PP_011,2024-12-05T15:36:39
002880,PP_003,2024-12-05T15:53:02
003383,PP_016,2024-12-05T16:06:15
003590,PP_012,2024-12-05T17:02:05
002098,PP_010,2024-12-05T18:10:49
004373,PP_015,2024-12-05T18:56:35
003947,PP_006,2024-12-05T21:13:00
003590,PP_015,2024-12-05T22:33:39
000196,PP_016,2024-12-06T08:35:01
000473,PP_007,2024-12-06T15:17:31
002556,PP_013,2024-12-06T15:47:23
004208,PP_012,2024-12-06T17:34:19
002776,PP_001,2024-12-06T17:57:30
002447,PP_013,2024-12-06T18:14:14
003018,PP_011,2024-12-06T19:30:30
000986,PP_015,2024-12-06T19:52:36
004507,PP_001,2024-12-06T22:30:38
000473,PP_009,2024-12-06T22:55:24
004133,PP_011,2024-12-07T11:10:28
004795,PP_014,2024-12-07T11:24:48
001878,PP_006,2024-12-07T13:12:31
002523,PP_016,2024-12-07T15:27:47
003130,PP_010,2024-12-07T15:47:23
000666,PP_012,2024-12-07T19:25:24
000808,PP_020,2024-12-07T19:51:05
000385,PP_015,2024-12-07T20:20:45
002618,PP_008,2024-12-07T21:51:53
001878,PP_020,2024-12-07T22:21:43
004795,PP_003,2024-12-07T22:51:54
002314,PP_016,2024-12-08T09:47:48
002608,PP_017,2024-12-08T13:10:07
000905,PP_011,2024-12-08T13:58:55
001834,PP_016,2024-12-08T17:23:50
004576,PP_012,2024-12-08T18:42:18
004091,PP_016,2024-12-09T08:04:33
002103,PP_006,2024-12-09T09:44:22
002608,PP_015,2024-12-09T13:39:49
003130,PP_002,2024-12-09T15:29:47
004392,PP_014,2024-12-09T15:59:52
000786,PP_007,2024-12-09T18:25:46
003383,PP_015,2024-12-09T22:09:28
001192,PP_015,2024-12-10T09:07:45
000684,PP_016,2024-12-10T11:39:09
000684,PP_012,2024-12-10T12:14:27
002523,PP_003,2024-12-10T13:36:38
004653,PP_015,2024-12-10T14:34:43
003010,PP_008,2024-12-10T15:29:12
003780,PP_013,2024-12-10T18:26:38
000684,PP_010,2024-12-10T20:18:17
001952,PP_007,2024-12-10T20:29:05
004507,PP_015,2024-12-10T20:48:49
001095,PP_017,2024-12-10T21:06:21
000416,PP_016,2024-12-10T21:41:27
003519,PP_015,2024-12-10T22:11:51
004653,PP_006,2024-12-10T22:16:30
000894,PP_013,2024-12-11T09:09:33
003533,PP_010,2024-12-11T16:46:51
003221,PP_002,2024-12-11T18:05:36
004454,PP_020,2024-12-11T18:28:02
002737,PP_009,2024-12-11T20:43:54
000483,PP_016,2024-12-12T08:03:56
001192,PP_003,2024-12-12T10:55:58
002875,PP_001,2024-12-12T15:45:15
002875,PP_002,2024-12-12T16:15:18
003217,PP_012,2024-12-12T16:18:14
001514,PP_001,2024-12-12T17:20:10
002267,PP_005,2024-12-12T17:20:12
002267,PP_008,2024-12-12T18:21:23
004567,PP_014,2024-12-12T21:33:45
002101,PP_001,2024-12-12T21:40:18
003601,PP_016,2024-12-12T22:44:12
001332,PP_011,2024-12-13T09:06:19
003533,PP_007,2024-12-13T09:55:09
002966,PP_017,2024-12-13T12:39:25
004424,PP_005,2024-12-13T13:31:09
002966,PP_002,2024-12-13T13:48:17
000786,PP_020,2024-12-13T14:34:25
001834,PP_011,2024-12-13T16:20:12
003631,PP_009,2024-12-13T20:40:06
004445,PP_005,2024-12-13T20:52:00
002737,PP_018,2024-12-13T22:03:37
002610,PP_011,2024-12-14T11:21:50
002997,PP_011,2024-12-14T11:56:05
002997,PP_015,2024-12-14T14:25:46
001142,PP_016,2024-12-14T14:53:18
003516,PP_008,2024-12-14T15:44:01
004133,PP_016,2024-12-14T18:25:16
003516,PP_004,2024-12-14T18:35:51
004076,PP_003,2024-12-14T18:55:41
003370,PP_009,2024-12-14T22:08:56
001412,PP_011,2024-12-15T08:29:31
001332,PP_013,2024-12-15T10:29:36
004567,PP_007,2024-12-15T11:51:28
000052,PP_019,2024-12-15T12:31:51
000477,PP_009,2024-12-15T15:30:27
000530,PP_002,2024-12-15T16:10:29
000477,PP_007,2024-12-15T19:21:08
003887,PP_020,2024-12-15T20:41:25
003887,PP_003,2024-12-15T22:24:13
000986,PP_016,2024-12-16T10:10:38
004423,PP_011,2024-12-16T11:35:48
003221,PP_017,2024-12-16T12:49:12
002650,PP_011,2024-12-16T16:03:08
002650,PP_016,2024-12-16T19:12:24
003901,PP_019,2024-12-16T22:03:50
001142,PP_013,2024-12-17T13:08:48
004509,PP_013,2024-12-17T14:19:57
004360,PP_001,2024-12-17T16:49:00
003981,PP_006,2024-12-17T18:18:36
001186,PP_018,2024-12-17T18:42:58
004509,PP_016,2024-12-17T20:34:43
002819,PP_011,2024-12-18T08:22:32
004360,PP_009,2024-12-18T11:46:50
001389,PP_004,2024-12-18T12:41:01
002819,PP_008,2024-12-18T13:20:59
001389,PP_013,2024-12-18T13:24:35
002819,PP_003,2024-12-18T19:10:23
004571,PP_015,2024-12-18T19:27:31
000109,PP_020,2024-12-18T20:50:02
001854,PP_017,2024-12-18T21:14:45
000042,PP_018,2024-12-19T10:32:29
002997,PP_016,2024-12-19T11:11:02
000434,PP_003,2024-12-19T11:34:27
004105,PP_013,2024-12-19T12:48:20
004662,PP_017,2024-12-19T21:15:02
000667,PP_002,2024-12-19T21:31:29
000452,PP_003,2024-12-19T22:14:00
000970,PP_016,2024-12-20T11:41:28
000172,PP_014,2024-12-20T17:58:59
003256,PP_016,2024-12-21T10:51:04
003217,PP_011,2024-12-21T18:56:17
000519,PP_001,2024-12-22T09:43:49
002630,PP_014,2024-12-22T10:38:10
000894,PP_003,2024-12-22T11:50:52
000969,PP_013,2024-12-22T15:05:48
003344,PP_004,2024-12-22T16:09:17
003232,PP_005,2024-12-22T20:18:48
004545,PP_009,2024-12-23T08:35:19
003585,PP_013,2024-12-23T10:19:47
001941,PP_012,2024-12-23T11:14:29
000834,PP_004,2024-12-23T13:01:41
003059,PP_015,2024-12-23T14:23:08
003901,PP_014,2024-12-23T14:37:17
002942,PP_010,2024-12-23T17:30:52
003585,PP_017,2024-12-23T17:55:24
004571,PP_002,2024-12-23T19:30:50
003892,PP_015,2024-12-23T21:34:31
000819,PP_010,2024-12-24T09:02:06
003370,PP_010,2024-12-24T09:47:07
001389,PP_011,2024-12-24T11:24:04
003720,PP_019,2024-12-24T12:30:43
004533,PP_015,2024-12-24T16:18:41
001279,PP_012,2024-12-24T19:30:58
004846,PP_019,2024-12-25T11:53:21
004631,PP_010,2024-12-25T12:07:25
002153,PP_012,2024-12-25T13:43:54
004960,PP_012,2024-12-25T14:13:40
000971,PP_017,2024-12-25T15:15:45
004846,PP_013,2024-12-25T16:41:25
004960,PP_011,2024-12-25T20:37:54
004631,PP_001,2024-12-25T21:13:56
001757,PP_015,2024-12-25T22:14:20
002341,PP_004,2024-12-26T10:50:27
002596,PP_016,2024-12-26T15:29:21
004076,PP_010,2024-12-26T17:52:23
001547,PP_012,2024-12-26T21:23:01
003623,PP_016,2024-12-26T21:48:45
003358,PP_002,2024-12-27T09:00:05
000950,PP_013,2024-12-27T09:37:13
003358,PP_001,2024-12-27T11:35:04
002102,PP_006,2024-12-27T11:50:28
004061,PP_015,2024-12-27T13:56:18
004557,PP_015,2024-12-27T14:10:10
004626,PP_015,2024-12-27T15:49:17
001759,PP_019,2024-12-27T20:29:06
002441,PP_013,2024-12-27T21:29:32
004557,PP_004,2024-12-27T22:00:08
000869,PP_004,2024-12-28T08:51:56
001208,PP_005,2024-12-28T09:00:01
003585,PP_011,2024-12-28T10:07:37
000129,PP_016,2024-12-28T13:47:50
000920,PP_014,2024-12-28T14:29:10
001649,PP_004,2024-12-28T16:25:48
001649,PP_010,2024-12-28T20:10:42
001169,PP_015,2024-12-28T20:11:02
000129,PP_013,2024-12-28T22:32:49
002292,PP_002,2024-12-29T15:26:15
001208,PP_018,2024-12-29T15:40:21
000729,PP_014,2024-12-29T17:34:50
004809,PP_008,2024-12-29T20:43:23
000867,PP_001,2024-12-30T08:03:27
003551,PP_013,2024-12-30T09:43:55
001649,PP_001,2024-12-30T12:46:10
003232,PP_015,2024-12-30T20:22:18
003130,PP_007,2024-12-30T22:33:10
002534,PP_006,2024-12-31T12:22:54
001401,PP_010,2024-12-31T15:47:36
003626,PP_011,2024-12-31T17:06:24
003860,PP_019,2024-12-31T17:54:41
001142,PP_020,2024-12-31T18:11:22
002602,PP_016,2025-01-01T15:04:08
004076,PP_006,2025-01-01T17:23:30
000786,PP_015,2025-01-01T19:46:09
002596,PP_009,2025-01-01T22:03:49
001757,PP_005,2025-01-01T22:40:45
003358,PP_010,2025-01-02T09:58:30
001922,PP_011,2025-01-02T10:49:32
003821,PP_005,2025-01-02T12:13:52
003821,PP_004,2025-01-02T14:27:20
003821,PP_007,2025-01-02T15:14:37
001649,PP_007,2025-01-02T16:07:45
002534,PP_015,2025-01-02T16:41:53
003901,PP_010,2025-01-02T21:26:05
003054,PP_015,2025-01-03T08:18:04
003641,PP_006,2025-01-03T14:02:37
001208,PP_017,2025-01-03T15:02:41
002441,PP_015,2025-01-03T18:55:08
001401,PP_012,2025-01-03T20:53:48
003535,PP_018,2025-01-03T22:24:13
003435,PP_001,2025-01-04T08:27:39
003168,PP_011,2025-01-04T09:26:47
003015,PP_012,2025-01-04T12:22:39
002932,PP_003,2025-01-04T13:11:03
002656,PP_019,2025-01-04T13:48:51
000639,PP_019,2025-01-04T14:29:48
001945,PP_007,2025-01-04T15:16:52
001945,PP_005,2025-01-04T17:33:26
002656,PP_014,2025-01-04T19:01:18
003168,PP_015,2025-01-04T22:17:58
000867,PP_005,2025-01-04T22:32:32
002656,PP_010,2025-01-04T22:53:48
003551,PP_011,2025-01-05T08:24:16
003791,PP_015,2025-01-05T08:35:20
001456,PP_020,2025-01-05T09:48:13
003439,PP_010,2025-01-05T10:19:26
001802,PP_006,2025-01-05T12:31:06
001401,PP_002,2025-01-05T13:37:11
002175,PP_017,2025-01-05T17:01:24
000867,PP_008,2025-01-05T18:42:36
001802,PP_020,2025-01-05T21:15:55
002175,PP_007,2025-01-05T22:23:59
003425,PP_019,2025-01-05T22:52:35
002409,PP_019,2025-01-06T09:33:43
000265,PP_017,2025-01-06T11:48:08
002101,PP_005,2025-01-07T09:55:25
000806,PP_012,2025-01-07T10:29:53
003720,PP_001,2025-01-07T12:44:52
004587,PP_016,2025-01-07T12:49:09
003899,PP_016,2025-01-07T13:39:28
000062,PP_001,2025-01-07T13:59:47
003244,PP_014,2025-01-07T15:23:00
000939,PP_013,2025-01-07T15:52:18
004506,PP_020,2025-01-07T17:33:01
003791,PP_005,2025-01-07T18:48:49
004354,PP_012,2025-01-07T19:32:20
001627,PP_016,2025-01-07T19:37:20
001922,PP_015,2025-01-07T20:30:18
002409,PP_007,2025-01-07T20:33:56
004587,PP_013,2025-01-07T22:01:51
003895,PP_015,2025-01-07T22:59:21
003313,PP_016,2025-01-08T12:19:15
004675,PP_010,2025-01-08T12:41:07
002500,PP_003,2025-01-08T14:16:14
002515,PP_004,2025-01-08T15:57:08
001046,PP_009,2025-01-08T16:00:52
003821,PP_008,2025-01-08T17:50:40
003313,PP_005,2025-01-08T20:32:33
001373,PP_010,2025-01-08T20:44:15
003313,PP_013,2025-01-08T21:12:42
001046,PP_016,2025-01-08T21:24:39
003469,PP_002,2025-01-09T08:33:47
000242,PP_020,2025-01-09T09:37:20
001893,PP_014,2025-01-09T09:51:03
003841,PP_007,2025-01-09T12:04:47
003469,PP_004,2025-01-09T17:54:26
001610,PP_016,2025-01-09T19:49:28
002966,PP_009,2025-01-09T21:07:04
000062,PP_004,2025-01-09T22:04:54
003469,PP_001,2025-01-09T22:08:00
003841,PP_003,2025-01-09T22:13:29
001102,PP_015,2025-01-10T08:05:40
001591,PP_003,2025-01-10T12:22:49
002560,PP_016,2025-01-10T12:53:31
001692,PP_016,2025-01-10T13:23:47
000477,PP_011,2025-01-10T13:25:46
002379,PP_012,2025-01-10T17:37:08
003365,PP_016,2025-01-10T17:40:53
001102,PP_001,2025-01-10T22:46:37
004083,PP_001,2025-01-11T11:44:57
002155,PP_004,2025-01-11T18:59:13
000062,PP_018,2025-01-11T22:43:00
001289,PP_003,2025-01-12T11:43:31
000830,PP_002,2025-01-12T12:16:18
000830,PP_005,2025-01-12T13:42:56
004535,PP_015,2025-01-12T15:25:00
001799,PP_015,2025-01-12T16:17:15
001373,PP_014,2025-01-12T16:50:28
003299,PP_003,2025-01-13T10:38:16
003516,PP_009,2025-01-13T15:33:21
004306,PP_011,2025-01-13T15:49:46
003174,PP_016,2025-01-13T18:07:12
002745,PP_018,2025-01-13T18:41:26
002745,PP_008,2025-01-13T19:05:07
001737,PP_012,2025-01-13T21:30:51
004306,PP_018,2025-01-13T21:50:56
004251,PP_011,2025-01-14T10:18:21
003929,PP_010,2025-01-14T10:26:34
004000,PP_008,2025-01-14T11:02:56
003001,PP_018,2025-01-14T11:31:34
002379,PP_013,2025-01-14T11:52:28
004093,PP_016,2025-01-14T12:38:06
001068,PP_010,2025-01-14T12:53:24
004093,PP_012,2025-01-14T13:57:26
000085,PP_018,2025-01-14T16:04:32
002368,PP_003,2025-01-14T16:32:57
001068,PP_013,2025-01-14T18:13:33
000085,PP_005,2025-01-14T19:53:34
002368,PP_014,2025-01-14T22:53:54
003163,PP_019,2025-01-15T09:07:53
003392,PP_008,2025-01-15T09:08:08
003640,PP_013,2025-01-15T09:30:58
004477,PP_020,2025-01-15T10:55:22
000835,PP_016,2025-01-15T11:07:00
004733,PP_003,2025-01-15T12:24:39
003894,PP_004,2025-01-15T12:38:47
003640,PP_014,2025-01-15T15:21:08
003392,PP_003,2025-01-15T17:36:38
000064,PP_004,2025-01-15T17:41:44
002500,PP_020,2025-01-15T20:47:34
000316,PP_017,2025-01-16T08:28:12
003751,PP_012,2025-01-16T10:35:35
001072,PP_020,2025-01-16T11:15:01
000874,PP_004,2025-01-16T11:29:47
002847,PP_005,2025-01-16T11:55:48
000584,PP_018,2025-01-16T12:09:49
000379,PP_005,2025-01-16T13:21:33
003565,PP_012,2025-01-16T14:40:18
000773,PP_015,2025-01-16T15:29:00
000608,PP_012,2025-01-16T17:50:35
004254,PP_005,2025-01-16T18:37:09
000584,PP_012,2025-01-16T21:04:00
003996,PP_010,2025-01-16T21:30:11
001072,PP_014,2025-01-16T22:23:04
001799,PP_006,2025-01-17T08:43:17
003520,PP_012,2025-01-17T13:26:19
003520,PP_007,2025-01-17T14:17:14
002940,PP_016,2025-01-17T15:55:38
003520,PP_002,2025-01-17T16:29:49
001893,PP_003,2025-01-17T17:44:44
000874,PP_016,2025-01-17T21:56:24
001043,PP_015,2025-01-18T08:38:34
002766,PP_018,2025-01-18T12:57:35
002441,PP_006,2025-01-18T13:46:45
003840,PP_005,2025-01-18T18:24:10
002766,PP_002,2025-01-18T19:16:05
004338,PP_014,2025-01-18T22:51:06
003996,PP_004,2025-01-19T10:17:55
003741,PP_010,2025-01-19T10:53:17
001372,PP_004,2025-01-19T11:48:38
000695,PP_015,2025-01-19T14:29:00
000290,PP_012,2025-01-19T15:50:33
001406,PP_011,2025-01-19T17:06:48
002762,PP_020,2025-01-19T18:13:50
000325,PP_016,2025-01-19T18:43:29
003895,PP_019,2025-01-20T08:56:51
002593,PP_011,2025-01-20T15:57:49
004675,PP_003,2025-01-20T18:33:14
001833,PP_004,2025-01-20T19:49:02
000325,PP_013,2025-01-20T20:25:16
002431,PP_005,2025-01-21T08:33:30
003521,PP_014,2025-01-21T13:42:20
001774,PP_015,2025-01-21T14:23:25
004132,PP_007,2025-01-21T16:29:47
000874,PP_003,2025-01-21T17:08:10
002431,PP_018,2025-01-21T19:36:40
001189,PP_015,2025-01-21T20:06:30
003521,PP_019,2025-01-21T22:36:26
001889,PP_007,2025-01-22T11:06:36
002625,PP_015,2025-01-22T12:02:48
002625,PP_011,2025-01-22T13:29:56
002155,PP_003,2025-01-22T14:33:40
004218,PP_013,2025-01-22T22:25:27
001958,PP_014,2025-01-22T22:47:33
001513,PP_003,2025-01-23T08:27:42
000085,PP_014,2025-01-23T08:56:45
001908,PP_004,2025-01-23T10:23:35
004941,PP_008,2025-01-23T11:17:42
000379,PP_013,2025-01-23T12:13:48
003398,PP_008,2025-01-23T15:11:24
000294,PP_008,2025-01-23T19:04:49
003434,PP_001,2025-01-23T21:27:26
000278,PP_018,2025-01-24T10:17:51
003802,PP_019,2025-01-24T11:07:33
000294,PP_018,2025-01-24T12:19:05
003672,PP_004,2025-01-24T13:57:56
000705,PP_011,2025-01-24T16:48:45
002736,PP_019,2025-01-24T18:58:45
000126,PP_020,2025-01-24T19:43:35
002640,PP_015,2025-01-24T21:12:03
003778,PP_009,2025-01-25T11:28:15
002538,PP_018,2025-01-25T11:38:17
002036,PP_020,2025-01-25T12:44:59
004355,PP_011,2025-01-25T13:43:08
002104,PP_011,2025-01-25T16:46:53
002036,PP_018,2025-01-25T16:47:26
002538,PP_008,2025-01-25T18:22:01
003640,PP_012,2025-01-25T18:47:37
002531,PP_015,2025-01-25T19:50:07
003521,PP_003,2025-01-26T09:48:56
003906,PP_016,2025-01-26T10:44:53
001138,PP_015,2025-01-26T11:06:24
003906,PP_011,2025-01-26T14:03:39
001616,PP_011,2025-01-26T15:17:54
001138,PP_011,2025-01-26T16:39:16
001138,PP_017,2025-01-26T17:06:36
001436,PP_004,2025-01-26T17:41:30
003627,PP_013,2025-01-26T18:52:38
004941,PP_007,2025-01-26T21:21:26
004142,PP_011,2025-01-26T22:16:30
004922,PP_012,2025-01-27T10:36:01
004218,PP_003,2025-01-27T12:37:45
004981,PP_016,2025-01-27T12:45:26
000499,PP_019,2025-01-27T17:27:08
002745,PP_006,2025-01-27T19:13:53
001843,PP_017,2025-01-27T19:28:34
000499,PP_012,2025-01-27T20:11:42
003802,PP_008,2025-01-28T09:58:54
001214,PP_009,2025-01-28T10:57:26
002038,PP_016,2025-01-28T16:45:05
002038,PP_011,2025-01-28T17:33:00
004119,PP_014,2025-01-29T09:07:45
004755,PP_016,2025-01-29T15:48:22
004637,PP_017,2025-01-29T16:44:24
001581,PP_013,2025-01-29T19:20:51
002680,PP_020,2025-01-29T21:26:56
002515,PP_014,2025-01-30T11:41:00
002625,PP_016,2025-01-30T12:41:42
002736,PP_015,2025-01-30T15:33:13
001279,PP_016,2025-01-30T22:39:49
003295,PP_003,2025-01-31T21:27:55
003521,PP_009,2025-02-01T13:13:54
003001,PP_015,2025-02-01T15:58:36
003295,PP_015,2025-02-01T16:21:01
004706,PP_009,2025-02-01T16:25:03
004643,PP_014,2025-02-01T21:33:39
002069,PP_015,2025-02-01T21:45:12
004706,PP_016,2025-02-01T22:27:13
002967,PP_004,2025-02-02T08:04:50
001138,PP_012,2025-02-02T08:40:14
003933,PP_005,2025-02-02T10:17:17
004542,PP_020,2025-02-02T11:26:35
004595,PP_006,2025-02-02T13:30:20
002036,PP_005,2025-02-02T13:49:43
002528,PP_013,2025-02-02T17:18:14
001436,PP_007,2025-02-02T21:55:39
003398,PP_007,2025-02-03T08:19:16
001893,PP_017,2025-02-03T08:38:11
003274,PP_004,2025-02-03T13:53:14
003897,PP_015,2025-02-03T16:35:12
002402,PP_016,2025-02-03T17:13:59
003897,PP_014,2025-02-03T18:30:50
004922,PP_015,2025-02-03T20:12:37
000942,PP_013,2025-02-03T20:35:48
002531,PP_006,2025-02-04T08:34:03
002841,PP_010,2025-02-04T11:07:26
001745,PP_012,2025-02-04T16:33:02
002069,PP_012,2025-02-05T09:43:41
000175,PP_012,2025-02-05T10:15:48
003468,PP_001,2025-02-05T14:04:11
004009,PP_003,2025-02-05T14:13:30
000175,PP_004,2025-02-05T15:02:45
003897,PP_019,2025-02-05T20:08:34
000627,PP_020,2025-02-05T20:15:43
000783,PP_008,2025-02-05T21:54:19
000651,PP_010,2025-02-06T09:07:25
000273,PP_007,2025-02-06T10:30:30
000676,PP_018,2025-02-06T11:53:11
000794,PP_001,2025-02-06T12:37:36
001348,PP_016,2025-02-06T13:25:28
003841,PP_019,2025-02-06T14:05:16
001627,PP_014,2025-02-06T14:47:23
000794,PP_011,2025-02-06T14:58:06
000010,PP_004,2025-02-06T16:01:20
000273,PP_011,2025-02-06T16:03:04
002903,PP_010,2025-02-06T16:20:16
000273,PP_012,2025-02-06T16:41:54
000794,PP_006,2025-02-06T20:10:00
004706,PP_005,2025-02-06T21:02:36
004009,PP_009,2025-02-06T21:54:10
000273,PP_001,2025-02-06T22:53:14
003574,PP_015,2025-02-07T09:00:10
000660,PP_012,2025-02-07T15:39:03
004256,PP_009,2025-02-07T17:28:24
004689,PP_003,2025-02-07T17:37:11
004256,PP_011,2025-02-07T22:04:50
003453,PP_012,2025-02-08T10:48:20
004662,PP_012,2025-02-08T16:56:44
002593,PP_003,2025-02-09T08:09:27
002602,PP_018,2025-02-09T10:26:03
001745,PP_011,2025-02-09T10:29:12
002069,PP_016,2025-02-09T15:11:34
001692,PP_013,2025-02-09T15:18:31
004724,PP_011,2025-02-09T16:07:27
004724,PP_004,2025-02-09T16:47:24
004569,PP_013,2025-02-09T22:37:59
003774,PP_018,2025-02-10T11:01:47
004991,PP_015,2025-02-10T14:11:42
001186,PP_014,2025-02-10T16:37:03
002093,PP_011,2025-02-10T16:55:53
004009,PP_020,2025-02-10T20:06:58
003574,PP_002,2025-02-10T22:12:02
001232,PP_012,2025-02-11T12:35:48
000316,PP_008,2025-02-11T14:14:39
004640,PP_001,2025-02-11T18:17:59
003453,PP_011,2025-02-11T19:20:06
002847,PP_009,2025-02-11T19:46:37
003096,PP_009,2025-02-11T22:12:54
004063,PP_011,2025-02-11T22:58:52
001670,PP_014,2025-02-12T10:51:18
004397,PP_005,2025-02-12T12:51:37
000175,PP_016,2025-02-12T13:02:14
002752,PP_008,2025-02-12T14:08:39
001105,PP_019,2025-02-12T16:30:18
000348,PP_012,2025-02-12T16:53:25
001670,PP_002,2025-02-12T19:22:15
002593,PP_015,2025-02-12T19:32:33
001670,PP_007,2025-02-12T22:29:33
003392,PP_020,2025-02-13T10:45:50
002593,PP_005,2025-02-14T11:32:19
003142,PP_005,2025-02-14T13:44:35
001668,PP_006,2025-02-14T14:26:07
003142,PP_012,2025-02-14T15:40:37
001668,PP_008,2025-02-14T18:04:21
001668,PP_017,2025-02-14T22:12:14
001325,PP_007,2025-02-15T12:07:57
003096,PP_001,2025-02-15T12:50:34
003453,PP_016,2025-02-15T13:24:41
001946,PP_019,2025-02-15T15:55:59
003626,PP_016,2025-02-15T16:35:26
002753,PP_018,2025-02-15T17:10:27
001513,PP_009,2025-02-15T18:03:56
002457,PP_014,2025-02-15T21:15:18
001946,PP_001,2025-02-16T12:49:10
003745,PP_008,2025-02-16T13:24:55
000994,PP_013,2025-02-16T14:35:20
002093,PP_016,2025-02-16T22:59:50
000991,PP_014,2025-02-17T10:04:15
001372,PP_017,2025-02-17T10:24:54
001670,PP_004,2025-02-17T15:11:23
003625,PP_011,2025-02-17T15:14:24
001232,PP_018,2025-02-17T18:07:55
002928,PP_018,2025-02-17T19:19:07
001178,PP_015,2025-02-17T19:23:45
002457,PP_001,2025-02-17T20:18:43
001940,PP_020,2025-02-17T20:24:20
001967,PP_003,2025-02-18T08:49:14
003005,PP_011,2025-02-18T13:07:05
004373,PP_004,2025-02-18T13:55:24
002219,PP_012,2025-02-18T15:22:32
002241,PP_009,2025-02-18T16:40:25
003005,PP_016,2025-02-18T18:21:22
004850,PP_002,2025-02-19T09:05:18
002314,PP_003,2025-02-19T09:23:56
001178,PP_011,2025-02-19T11:38:59
000294,PP_006,2025-02-19T17:27:48
004569,PP_011,2025-02-19T18:51:41
001920,PP_015,2025-02-19T21:27:03
000289,PP_005,2025-02-19T22:19:29
001792,PP_015,2025-02-20T11:46:19
001946,PP_014,2025-02-20T14:02:16
002339,PP_016,2025-02-20T14:38:33
002655,PP_016,2025-02-20T15:13:38
004724,PP_015,2025-02-21T08:54:55
001799,PP_005,2025-02-21T10:17:26
000874,PP_006,2025-02-21T11:47:00
002655,PP_015,2025-02-21T14:22:31
002329,PP_012,2025-02-21T20:34:46
000476,PP_014,2025-02-22T08:07:41
001798,PP_013,2025-02-22T08:11:11
000476,PP_015,2025-02-22T10:47:03
001319,PP_002,2025-02-22T13:55:31
000662,PP_018,2025-02-22T14:49:45
003858,PP_012,2025-02-22T17:24:27
003703,PP_004,2025-02-22T17:35:13
001436,PP_014,2025-02-22T21:40:09
001178,PP_006,2025-02-22T22:07:48
003346,PP_008,2025-02-23T08:59:44
002329,PP_015,2025-02-23T12:24:23
000692,PP_003,2025-02-23T19:52:20
001798,PP_011,2025-02-23T22:07:00
000180,PP_016,2025-02-24T12:02:54
001940,PP_009,2025-02-24T18:39:02
000479,PP_012,2025-02-24T19:43:23
003790,PP_011,2025-02-24T21:43:16
000660,PP_007,2025-02-24T22:21:20
000479,PP_008,2025-02-24T22:26:15
000479,PP_013,2025-02-24T22:41:16
001105,PP_014,2025-02-25T09:12:59
002567,PP_011,2025-02-25T11:44:10
000820,PP_002,2025-02-25T13:48:17
002880,PP_007,2025-02-25T17:08:40
003510,PP_012,2025-02-25T20:18:14
001114,PP_007,2025-02-25T22:49:35
001114,PP_005,2025-02-25T22:56:23
000692,PP_016,2025-02-26T10:33:36
002080,PP_009,2025-02-26T10:52:40
003308,PP_012,2025-02-26T21:34:02
002575,PP_013,2025-02-27T09:38:10
004319,PP_003,2025-02-27T11:02:50
000662,PP_015,2025-02-27T11:18:20
002575,PP_017,2025-02-27T12:02:49
002357,PP_004,2025-02-27T13:39:52
002575,PP_015,2025-02-27T13:54:41
003083,PP_003,2025-02-28T14:33:07
002147,PP_008,2025-02-28T19:10:47
003307,PP_008,2025-03-01T10:48:18
004248,PP_014,2025-03-01T11:40:52
002983,PP_007,2025-03-01T14:39:13
001036,PP_017,2025-03-01T17:17:23
003960,PP_010,2025-03-01T17:18:33
003489,PP_004,2025-03-02T10:25:40
002392,PP_012,2025-03-02T12:30:40
003327,PP_008,2025-03-02T12:48:03
003230,PP_002,2025-03-02T13:22:13
001640,PP_009,2025-03-02T16:55:18
002621,PP_013,2025-03-02T19:58:14
000288,PP_005,2025-03-02T20:04:29
004025,PP_012,2025-03-02T21:19:14
003230,PP_014,2025-03-02T22:49:09
004598,PP_008,2025-03-03T12:44:47
001755,PP_020,2025-03-04T13:01:11
001755,PP_005,2025-03-04T15:33:33
002303,PP_020,2025-03-04T16:07:58
002086,PP_001,2025-03-04T16:29:20
001114,PP_020,2025-03-04T16:48:00
002303,PP_007,2025-03-04T18:49:22
000316,PP_001,2025-03-05T08:41:15
003489,PP_009,2025-03-05T20:20:04
004271,PP_004,2025-03-05T20:40:48
003974,PP_004,2025-03-05T20:50:19
004403,PP_020,2025-03-06T13:26:45
002643,PP_006,2025-03-06T16:22:53
003226,PP_012,2025-03-06T19:48:26
001717,PP_016,2025-03-06T22:35:57
002490,PP_010,2025-03-07T08:03:09
001755,PP_008,2025-03-07T12:00:50
003670,PP_003,2025-03-07T20:49:44
002655,PP_006,2025-03-08T08:31:10
004250,PP_011,2025-03-08T17:14:49
003960,PP_015,2025-03-08T19:50:52
003885,PP_015,2025-03-08T20:59:17
001289,PP_009,2025-03-09T16:47:09
000826,PP_009,2025-03-09T17:33:23
004728,PP_018,2025-03-09T21:55:45
000826,PP_004,2025-03-10T09:26:27
004778,PP_003,2025-03-10T11:19:05
004809,PP_017,2025-03-10T11:26:33
002810,PP_016,2025-03-10T15:32:21
001988,PP_011,2025-03-10T21:52:28
000608,PP_011,2025-03-11T12:26:29
000290,PP_013,2025-03-11T12:52:07
003645,PP_005,2025-03-11T13:45:02
003912,PP_016,2025-03-11T16:18:05
004697,PP_007,2025-03-11T19:14:31
000268,PP_015,2025-03-12T10:40:26
000385,PP_016,2025-03-12T11:11:59
002340,PP_019,2025-03-12T12:06:16
000268,PP_013,2025-03-12T12:27:57
000268,PP_007,2025-03-12T16:19:49
004421,PP_015,2025-03-12T20:53:02
002839,PP_013,2025-03-13T09:13:40
000011,PP_014,2025-03-13T10:51:31
001368,PP_006,2025-03-13T14:56:42
000082,PP_011,2025-03-13T17:24:15
001801,PP_018,2025-03-13T18:06:19
000082,PP_015,2025-03-13T19:07:24
000575,PP_011,2025-03-13T21:53:25
004653,PP_001,2025-03-13T21:58:46
000575,PP_004,2025-03-14T08:50:02
003772,PP_005,2025-03-14T09:27:34
001238,PP_013,2025-03-14T10:31:32
000764,PP_011,2025-03-14T14:55:26
003226,PP_006,2025-03-14T17:33:04
002107,PP_009,2025-03-14T21:30:37
003783,PP_016,2025-03-15T09:12:30
004569,PP_012,2025-03-15T15:55:03
003005,PP_007,2025-03-15T19:51:31
003772,PP_007,2025-03-15T22:02:09
003205,PP_001,2025-03-15T22:05:41
003783,PP_010,2025-03-15T22:21:14
000267,PP_009,2025-03-16T08:05:18
001368,PP_001,2025-03-16T08:15:46
001368,PP_009,2025-03-16T09:30:44
000953,PP_006,2025-03-16T11:36:45
000953,PP_008,2025-03-16T12:13:48
004356,PP_013,2025-03-16T14:13:43
001240,PP_016,2025-03-16T14:46:58
004697,PP_005,2025-03-16T15:19:49
003791,PP_012,2025-03-16T18:54:54
003388,PP_015,2025-03-17T09:14:55
002332,PP_016,2025-03-17T10:01:38
000912,PP_010,2025-03-17T14:59:43
002332,PP_008,2025-03-17T15:10:07
003422,PP_010,2025-03-17T19:14:43
003068,PP_011,2025-03-17T21:05:46
004778,PP_018,2025-03-18T08:05:33
000669,PP_016,2025-03-18T10:09:16
000912,PP_020,2025-03-18T13:56:15
002109,PP_005,2025-03-18T14:34:15
002596,PP_015,2025-03-18T17:51:04
000953,PP_007,2025-03-18T20:24:55
004072,PP_001,2025-03-19T13:27:52
000965,PP_016,2025-03-19T15:22:43
001749,PP_005,2025-03-19T16:43:12
002873,PP_013,2025-03-19T17:19:00
001749,PP_001,2025-03-19T17:24:35
001712,PP_019,2025-03-20T12:05:25
003587,PP_018,2025-03-20T15:41:06
000912,PP_014,2025-03-20T22:08:27
004229,PP_016,2025-03-21T08:49:39
000732,PP_004,2025-03-21T11:03:18
000953,PP_015,2025-03-21T12:46:02
002810,PP_013,2025-03-21T19:04:48
000267,PP_018,2025-03-21T20:52:49
000812,PP_012,2025-03-22T08:07:41
004837,PP_005,2025-03-22T15:08:47
001764,PP_006,2025-03-22T15:13:56
000812,PP_007,2025-03-22T15:48:32
001749,PP_020,2025-03-22T17:18:55
003205,PP_015,2025-03-22T22:46:47
002377,PP_011,2025-03-23T08:21:46
003152,PP_002,2025-03-23T09:05:28
001393,PP_015,2025-03-23T11:17:39
002316,PP_016,2025-03-23T12:10:44
003510,PP_015,2025-03-23T15:19:19
004057,PP_017,2025-03-23T20:45:40
002146,PP_017,2025-03-24T08:45:29
001749,PP_007,2025-03-24T11:19:53
001636,PP_009,2025-03-24T20:24:43
003673,PP_006,2025-03-24T22:11:03
000450,PP_016,2025-03-25T15:16:18
000445,PP_013,2025-03-25T17:05:36
003645,PP_003,2025-03-25T18:36:29
001636,PP_016,2025-03-25T22:31:18
001712,PP_017,2025-03-26T18:18:25
004913,PP_006,2025-03-26T18:48:39
000934,PP_004,2025-03-26T19:16:26
003783,PP_013,2025-03-27T13:23:59
004229,PP_007,2025-03-28T09:03:57
003904,PP_012,2025-03-28T09:55:17
000934,PP_001,2025-03-28T18:49:32
001393,PP_012,2025-03-29T09:30:23
002753,PP_010,2025-03-29T16:11:36
001240,PP_009,2025-03-29T17:39:27
000826,PP_008,2025-03-30T15:52:11
003587,PP_015,2025-03-30T20:42:46
000003,PP_012,2025-03-30T21:44:44
003042,PP_016,2025-03-31T10:21:16
001552,PP_013,2025-04-01T08:12:00
003156,PP_015,2025-04-02T20:59:43
002721,PP_017,2025-04-03T22:10:16
002753,PP_017,2025-04-04T11:14:32
001671,PP_007,2025-04-04T22:29:42
003141,PP_014,2025-04-05T08:18:08
001235,PP_015,2025-04-05T10:35:24
001270,PP_015,2025-04-05T13:14:53
004778,PP_009,2025-04-05T17:24:30
001321,PP_002,2025-04-05T19:02:10
002830,PP_003,2025-04-05T19:37:58
003141,PP_009,2025-04-05T20:15:05
003141,PP_017,2025-04-06T08:41:58
002866,PP_012,2025-04-06T10:28:37
002162,PP_012,2025-04-06T11:29:46
002162,PP_006,2025-04-06T19:55:19
002595,PP_019,2025-04-07T08:32:56
002444,PP_003,2025-04-07T16:03:58
001950,PP_014,2025-04-07T22:12:32
001121,PP_010,2025-04-07T22:46:29
001121,PP_002,2025-04-08T08:04:20
004873,PP_010,2025-04-08T09:00:37
003820,PP_005,2025-04-08T09:45:54
004556,PP_002,2025-04-08T10:39:16
001974,PP_011,2025-04-09T11:50:20
001620,PP_002,2025-04-09T19:08:00
002597,PP_012,2025-04-09T20:31:00
002306,PP_018,2025-04-10T14:24:00
003645,PP_007,2025-04-10T16:00:41
004523,PP_011,2025-04-10T22:17:54
004030,PP_003,2025-04-11T08:15:01
000130,PP_005,2025-04-11T13:16:39
003042,PP_011,2025-04-11T14:45:30
004705,PP_019,2025-04-11T14:52:22
002325,PP_014,2025-04-11T16:00:20
001412,PP_016,2025-04-11T20:16:40
004030,PP_018,2025-04-11T21:18:32
001502,PP_006,2025-04-12T09:34:55
001502,PP_004,2025-04-12T10:54:33
002104,PP_001,2025-04-12T12:02:44
001235,PP_013,2025-04-12T12:07:31
001473,PP_013,2025-04-12T20:03:50
004873,PP_017,2025-04-13T21:21:26
000045,PP_015,2025-04-14T09:03:59
000045,PP_016,2025-04-14T11:39:43
002325,PP_003,2025-04-14T14:14:59
000812,PP_016,2025-04-14T20:38:28
003716,PP_005,2025-04-15T09:21:45
003141,PP_001,2025-04-15T09:22:57
003716,PP_020,2025-04-15T10:47:03
002998,PP_006,2025-04-15T11:10:49
002998,PP_017,2025-04-15T11:48:38
001640,PP_017,2025-04-15T20:11:02
003716,PP_019,2025-04-15T21:39:16
001694,PP_003,2025-04-16T12:26:59
001502,PP_020,2025-04-16T19:08:10
002762,PP_007,2025-04-17T16:36:31
004867,PP_003,2025-04-17T21:54:57
000484,PP_011,2025-04-18T09:13:28
000982,PP_003,2025-04-18T18:22:46
004173,PP_013,2025-04-18T19:08:41
004913,PP_014,2025-04-18T19:47:17
002348,PP_015,2025-04-18T22:54:08
002998,PP_019,2025-04-19T10:27:18
004523,PP_005,2025-04-19T13:10:16
001270,PP_013,2025-04-19T18:49:32
001273,PP_004,2025-04-20T20:47:46
001636,PP_011,2025-04-21T09:22:29
004173,PP_006,2025-04-21T09:34:16
002687,PP_013,2025-04-21T14:09:02
003236,PP_013,2025-04-21T17:30:28
004936,PP_001,2025-04-22T08:31:08
000209,PP_011,2025-04-22T13:20:07
001270,PP_003,2025-04-22T16:58:17
000471,PP_020,2025-04-22T21:28:21
003156,PP_012,2025-04-22T22:26:15
001272,PP_011,2025-04-23T15:28:59
001402,PP_012,2025-04-23T15:58:09
001272,PP_010,2025-04-23T16:05:18
002099,PP_018,2025-04-24T09:08:46
003130,PP_013,2025-04-24T15:21:43
004070,PP_007,2025-04-25T09:35:32
004363,PP_012,2025-04-25T10:09:47
004363,PP_013,2025-04-25T10:35:04
000846,PP_012,2025-04-25T11:30:33
004030,PP_015,2025-04-25T17:35:59
000986,PP_003,2025-04-25T20:22:00
004968,PP_020,2025-04-26T20:52:30
001223,PP_018,2025-04-27T15:15:12
004102,PP_019,2025-04-27T22:38:57
001453,PP_011,2025-04-28T08:49:39
001453,PP_013,2025-04-28T09:36:05
001534,PP_009,2025-04-28T11:33:35
001534,PP_012,2025-04-28T20:47:56
003737,PP_014,2025-04-28T22:00:45
000082,PP_019,2025-04-29T10:55:10
003422,PP_017,2025-04-29T11:43:24
002994,PP_020,2025-04-29T12:03:16
000003,PP_013,2025-04-29T17:38:47
004102,PP_017,2025-04-29T18:35:23
001466,PP_006,2025-04-29T21:16:23
000156,PP_017,2025-04-30T16:30:02
001552,PP_019,2025-05-01T08:21:39
000484,PP_020,2025-05-01T10:30:58
003519,PP_013,2025-05-01T12:36:22
001079,PP_006,2025-05-01T17:09:26
001466,PP_018,2025-05-01T21:17:55
000890,PP_019,2025-05-02T11:41:01
001534,PP_015,2025-05-03T09:13:43
000331,PP_001,2025-05-03T11:00:08
002179,PP_018,2025-05-03T12:51:46
003392,PP_015,2025-05-03T20:00:40
004330,PP_005,2025-05-03T22:07:50
004968,PP_014,2025-05-03T22:33:14
003889,PP_011,2025-05-04T08:04:35
003889,PP_020,2025-05-04T13:13:11
003425,PP_003,2025-05-04T16:10:28
002444,PP_006,2025-05-04T17:19:47
003152,PP_001,2025-05-04T18:12:59
004169,PP_012,2025-05-04T22:56:48
000421,PP_012,2025-05-05T11:30:53
001079,PP_011,2025-05-05T16:27:38
004932,PP_014,2025-05-05T20:05:10
001273,PP_015,2025-05-06T15:16:53
000156,PP_001,2025-05-06T22:36:14
003558,PP_011,2025-05-07T18:52:36
000795,PP_011,2025-05-07T20:45:39
001350,PP_008,2025-05-07T21:33:05
004932,PP_003,2025-05-08T15:54:33
002628,PP_011,2025-05-09T19:13:56
002175,PP_006,2025-05-09T19:15:42
001350,PP_016,2025-05-09T19:38:48
002683,PP_007,2025-05-09T22:00:22
000795,PP_013,2025-05-10T08:28:25
001115,PP_013,2025-05-10T10:40:17
003395,PP_010,2025-05-10T17:27:11
001802,PP_005,2025-05-10T21:56:46
003395,PP_012,2025-05-10T22:13:16
003893,PP_003,2025-05-12T13:51:56
004397,PP_016,2025-05-13T09:46:51
003643,PP_017,2025-05-13T15:30:20
004262,PP_001,2025-05-13T16:55:33
003395,PP_017,2025-05-14T15:09:33
004091,PP_011,2025-05-15T09:55:47
004070,PP_019,2025-05-16T08:43:05
000367,PP_014,2025-05-16T11:08:57
004070,PP_014,2025-05-16T18:56:06
002866,PP_002,2025-05-16T21:26:55
004929,PP_009,2025-05-17T14:02:07
004929,PP_012,2025-05-17T15:11:32
004929,PP_018,2025-05-17T19:57:37
004072,PP_019,2025-05-17T21:38:35
002107,PP_005,2025-05-17T22:05:14
003167,PP_015,2025-05-18T08:01:41
004042,PP_007,2025-05-19T08:50:51
001464,PP_012,2025-05-20T09:06:16
003115,PP_010,2025-05-20T14:48:37
003643,PP_018,2025-05-20T17:22:53
004968,PP_008,2025-05-20T21:10:48
003025,PP_010,2025-05-21T15:06:18
003665,PP_005,2025-05-21T16:48:48
003665,PP_017,2025-05-21T20:55:46
002702,PP_019,2025-05-22T12:03:48
000126,PP_003,2025-05-22T17:57:51
004689,PP_002,2025-05-23T10:35:33
001353,PP_004,2025-05-23T20:55:15
003665,PP_010,2025-05-24T15:56:31
001949,PP_010,2025-05-24T19:22:11
001949,PP_002,2025-05-24T20:30:26
003025,PP_005,2025-05-25T12:08:59
002696,PP_007,2025-05-25T12:47:03
000732,PP_016,2025-05-25T18:02:06
004724,PP_002,2025-05-26T13:03:00
002683,PP_019,2025-05-26T14:12:32
004218,PP_011,2025-05-26T16:06:11
000367,PP_019,2025-05-27T14:11:14
002126,PP_007,2025-05-27T22:14:39
001138,PP_014,2025-05-28T14:25:17
003395,PP_005,2025-05-28T15:24:56
002476,PP_016,2025-05-28T17:50:50
001619,PP_008,2025-05-31T08:20:19
000131,PP_010,2025-06-01T10:27:08
003579,PP_005,2025-06-01T13:06:33
000732,PP_015,2025-06-01T19:06:05
004866,PP_014,2025-06-01T22:40:01
003167,PP_020,2025-06-01T22:42:26
001510,PP_020,2025-06-02T10:52:54
001920,PP_019,2025-06-02T20:42:04
003391,PP_006,2025-06-03T16:47:12
003059,PP_012,2025-06-04T08:55:03
004372,PP_005,2025-06-04T11:36:21
004300,PP_014,2025-06-05T08:52:48
000545,PP_003,2025-06-05T14:46:26
001509,PP_003,2025-06-06T18:01:01
004794,PP_015,2025-06-07T13:17:33
004794,PP_002,2025-06-07T13:24:06
004794,PP_013,2025-06-07T20:58:25
001146,PP_001,2025-06-08T10:42:41
001509,PP_010,2025-06-09T08:21:49
000288,PP_020,2025-06-09T12:51:34
001695,PP_013,2025-06-10T12:22:03
003391,PP_003,2025-06-10T22:39:27
001509,PP_019,2025-06-11T09:29:48
001146,PP_015,2025-06-12T12:51:46
000325,PP_017,2025-06-13T16:21:16
003469,PP_005,2025-06-14T10:41:55
004871,PP_018,2025-06-15T09:55:54
003665,PP_008,2025-06-15T14:32:48
003627,PP_012,2025-06-16T16:40:04
002903,PP_004,2025-06-17T12:53:41
003439,PP_018,2025-06-19T16:59:56
004300,PP_020,2025-06-20T11:06:35
004145,PP_012,2025-06-22T12:47:26
003824,PP_007,2025-06-24T11:17:34
001949,PP_001,2025-06-25T09:37:57
003019,PP_020,2025-06-25T15:30:05
001861,PP_008,2025-06-25T20:59:24
000794,PP_017,2025-06-26T13:55:18
001031,PP_015,2025-06-26T15:21:50
000273,PP_019,2025-06-27T08:21:38
003298,PP_015,2025-06-27T12:06:41
004724,PP_008,2025-06-27T15:30:32
003731,PP_012,2025-06-27T19:05:11
000121,PP_014,2025-06-28T10:47:44
004262,PP_020,2025-06-28T10:57:39
004922,PP_011,2025-06-28T13:34:06
003391,PP_020,2025-06-28T20:23:49
003643,PP_008,2025-06-29T14:48:20
002162,PP_019,2025-06-29T15:30:02
003349,PP_015,2025-06-29T17:14:12
001712,PP_001,2025-06-29T21:18:42
003772,PP_018,2025-06-30T17:51:14
000820,PP_004,2025-06-30T19:27:42
001437,PP_013,2025-07-01T13:44:10
000820,PP_005,2025-07-01T22:12:13
001764,PP_003,2025-07-02T12:03:56
