customer_id,email,phone_number,signup_date,subscription_plan,subscription_status,status_change_date
CUST_000001,bella75johannessen@get.no,95328710/,2023-06-01,basic,churned,2025-04-05
CUST_000002,leah50rodriguez@outlook.com,98480184/,2023-09-05,standard,active,2025-03-08
CUST_000003,ariaoverland@gmail.com,48148932/92880957,2025-03-30,standard,active,2025-06-14
CUST_000004,zoey11miller@outlook.com,42782489,2024-05-10,basic,churned,2024-12-21
CUST_000005,arnedahl@live.no,+47 913 31 509,2024-02-19,premium,active,2025-06-30
CUST_000006,ragna.wilson@gmail.com,91834738,2024-11-10,standard,churned,2024-11-30
CUST_000007,penelope85nilsen@outlook.com,96 70 10 65,2023-08-05,basic,active,2025-06-05
CUST_000008,bella_iversen@yahoo.com,004793178108,2023-06-29,basic,paused,2025-03-15
CUST_000009,zoey63johnsen@live.no,+4790260647,2024-07-27,premium,paused,2025-03-23
CUST_000010,einar_thomas@get.no,+4793098050,2025-02-06,standard,churned,2025-02-18
CUST_000011,lucas.williams@outlook.com,43619399/,2025-02-21,basic,active,2025-03-08
CUST_000012,layla_thomas@get.no,004792475107,2024-01-03,standard,active,2025-06-23
CUST_000013,jackwilliams@icloud.com,45427849,2022-10-25,premium,churned,2025-04-22
CUST_000014,hannahthomas@outlook.com,48244935,2024-09-17,premium,active,2024-10-30
CUST_000015,sophiapedersen@telia.no,45242786,2024-02-14,basic,active,2025-05-14
CUST_000016,ava_halvorsen@telenor.no,404-50-533,2023-11-30,standard,paused,2025-04-21
CUST_000017,zoe_martinez@get.no,46025634,2024-10-19,premium,active,2024-12-24
CUST_000018,aurorahaugen@hotmail.com,004743036541,2022-12-13,basic,active,2024-07-13
CUST_000019,bellahenriksen@gmail.com,90196556,2024-01-14,standard,active,2024-08-08
CUST_000020,penelope91johannessen@gmail.com,45615951,2023-10-18,basic,churned,2025-05-10
CUST_000021,dylan_jakobsen@get.no,+4796299468,2023-07-02,basic,active,2025-05-21
CUST_000022,ingrid42rodriguez@telia.no,+47 938 72 148,2023-12-02,premium,active,2025-06-18
CUST_000023,anne_hagen@telia.no,69367,2024-05-24,basic,churned,2025-02-07
CUST_000024,leah90haugen@yahoo.com,41727889,2024-07-09,premium,active,2024-08-15
CUST_000025,christopher61johnsen@get.no,004744873471,2023-10-23,basic,active,2025-03-23
CUST_000026,mateo_pedersen@yahoo.com,431-66-587,2024-05-15,basic,active,2024-08-06
CUST_000027,sven98johansen@mail.com,+47 454 66 889,2023-04-14,standard,active,2025-03-08
CUST_000028,savannah44johansen@live.no,4647298069,2024-02-12,basic,active,2024-11-29
CUST_000029,jaxon34pettersen@gmail.com,47 55 64 64,2023-07-01,standard,active,2025-06-26
CUST_000030,riley.anderson@outlook.com,19374,2023-09-07,basic,churned,2025-02-03
CUST_000031,aria.dahl@outlook.com,004796319314,2023-06-13,premium,active,2025-06-26
CUST_000032,bella.gundersen@telia.no,90671657/46284987,2024-04-15,premium,churned,2025-05-31
CUST_000033,logan_andreassen@fastmail.com,7354,2024-06-26,premium,paused,2025-03-11
CUST_000034,ryan_garcia@gmail.com,46783777,2023-08-13,basic,active,2025-05-23
CUST_000035,livhagen@icloud.com,+47 968 55 744,2024-08-17,basic,paused,2025-06-07
CUST_000036,lillian_kristiansen@get.no,+4747498941,2023-07-03,basic,active,2025-04-10
CUST_000037,hannah_hansen@get.no,004740842710,2024-02-05,standard,churned,2024-12-29
CUST_000038,sophia.johannessen@mail.com,97190229,2023-01-21,basic,active,2025-06-23
CUST_000039,gunnar_moen@telenor.no,9133,2024-08-08,basic,active,2025-06-06
CUST_000040,claire1andersen@yahoo.com,+47 940 34 471,2023-11-14,basic,churned,2024-12-22
CUST_000041,leah_kristiansen@broadpark.no,004741024994,2024-05-01,standard,paused,2025-05-24
CUST_000042,sven65jakobsen@icloud.com,+47 490 65 940,2024-12-19,premium,churned,2025-03-23
CUST_000043,gunnar.taylor@mail.com,17565,2024-07-07,basic,active,2025-03-11
CUST_000044,liv85johnson@icloud.com,8760,2024-09-28,standard,churned,2024-10-06
CUST_000045,laylaandreassen@broadpark.no,+47 910 93 248,2025-04-14,standard,active,2025-06-10
CUST_000046,jaxon20kristiansen@telia.no,4698467737,2024-02-20,standard,active,2025-06-13
CUST_000047,ryanwhite@me.com,87558,2023-09-10,standard,active,2025-01-11
CUST_000048,penelope74moore@hotmail.com,+4790576627,2022-12-18,basic,churned,2024-10-15
CUST_000049,charlotte68iversen@outlook.com,46217459,2023-11-10,premium,active,2025-01-13
CUST_000050,freya41jones@live.no,49134316/41724005,2023-08-10,basic,active,2025-03-08
CUST_000051,evelyn_hagen@broadpark.no,41969379,2024-11-01,standard,churned,2025-05-30
CUST_000052,bjornhansen@fastmail.com,+48367136959,2024-07-21,premium,active,2025-06-18
CUST_000053,solveig.jakobsen@icloud.com,94395339/,2024-08-17,premium,paused,2025-03-25
CUST_000054,solveig.taylormail.com,004790952145,2023-09-24,basic,active,2025-05-14
CUST_000055,ellie_brown@broadpark.no,004794517123,2023-06-02,premium,paused,2025-05-12
CUST_000056,einar.halvorsen@outlook.com,004747549651,2023-11-24,standard,active,2025-01-05
CUST_000057,helene9haugen@telia.no,4696120047,2024-11-25,basic,churned,2025-05-04
CUST_000058,isaac90thomas@get.no,46179640/,2023-11-11,basic,active,2024-11-03
CUST_000059,ellienilsen@telia.no,94317139,2022-12-02,basic,active,2025-06-09
CUST_000060,sigrid_berg@outlook.com,43529042/,2022-10-11,standard,active,2025-06-10
CUST_000061,solveigjohansen@yahoo.com,81177,2023-08-27,standard,churned,2025-04-28
CUST_000062,rileymartinez@gmail.com,+47 407 66 177,2025-01-07,basic,active,2025-06-13
CUST_000063,harperandreassen@telenor.no,978-96-118,2023-10-17,basic,active,2024-11-05
CUST_000064,zoe59henriksen@mail.com,456-54-527,2025-01-15,basic,active,2025-02-14
CUST_000065,hilde.halvorsen@me.com,91656049/,2024-07-12,basic,churned,2025-01-13
CUST_000066,solveigsmith@hotmail.com,91493689/49402445,2024-06-20,basic,active,2024-12-16
CUST_000067,evelyn.lee@telia.no,4646675254,2023-10-17,premium,churned,2025-03-07
CUST_000068,michael.johnsen@me.com,+3481561497,2024-03-07,basic,active,2025-05-23
CUST_000069,astridlarsen@gmail.com,+4744451076,2024-10-07,standard,churned,2024-10-31
CUST_000070,bjorn.lund@outlook.com,471-59-696,2023-10-27,standard,active,2025-06-25
CUST_000071,olivia80jorgensen@yahoo.com,4691613696,2024-03-09,standard,active,2025-04-04
CUST_000072,addison.white@yahoo.com,45523124/42921277,2023-09-18,premium,churned,2024-10-19
CUST_000073,kari.jorgensen@yahoo.com,+47 944 90 581,2024-07-13,standard,active,2025-06-26
CUST_000074,eleanor12andersen@telia.no,+47 479 35 978,2024-10-26,basic,active,2025-06-19
CUST_000075,luke_jackson@outlook.com,47788925,2024-06-08,basic,active,2024-10-08
CUST_000076,freyarodriguez@gmail.com,91864492,2024-06-30,standard,churned,2025-05-18
CUST_000077,caleb85anderson@get.no,44865281,2023-12-16,standard,churned,2025-05-16
CUST_000078,caleb44pettersen@hotmail.com,+4742214188,2023-06-30,standard,active,2025-01-10
CUST_000079,berit77martinez@yahoo.com,42927065,2023-11-22,basic,active,2025-01-26
CUST_000080,harald_iversen@hotmail.com,004793597746,2024-03-23,standard,active,2025-05-10
CUST_000081,jacob83johannessen@gmail.com,48 14 12 47,2023-04-04,basic,active,2025-06-28
CUST_000082,christopher4lund@fastmail.com,98536153,2025-03-13,basic,paused,2025-04-09
CUST_000083,addisonkarlsen@yahoo.com,+47 477 90 104,2024-09-09,basic,churned,2024-09-29
CUST_000084,ameliawhite@icloud.com,43697117,2024-01-20,basic,churned,2024-11-30
CUST_000085,arne.karlsen@icloud.com,93962185/,2025-01-14,standard,churned,2025-02-07
CUST_000086,olivia.sorensen@mail.com,+49205852772,2023-07-25,basic,paused,2025-03-24
CUST_000087,violet.olsen@icloud.com,03450,2023-05-26,standard,active,2025-06-19
CUST_000088,isaac52gundersen@fastmail.com,927-75-841,2023-10-12,basic,active,2025-05-14
CUST_000089,nathanjorgensen@outlook.com,+485964016,2024-06-14,premium,paused,2025-06-11
CUST_000090,noah78karlsen@mail.com,41355690,2024-01-15,premium,active,2025-03-16
CUST_000091,hazel_thompson@outlook.com,96543102/98681447,2024-09-09,premium,active,2024-11-12
CUST_000092,ethan10jensen@mail.com,91551884,2023-04-23,basic,paused,2025-04-02
CUST_000093,sven_wilson@yahoo.com,42370589,2024-06-10,standard,active,2025-06-30
CUST_000094,caleb93jakobsen@get.no,96912517/98528922,2024-05-05,basic,active,2025-05-29
CUST_000095,daniel_johnsen@protonmail.com,91 43 84 24,2024-01-08,basic,churned,2025-01-14
CUST_000096,danielthomas@telenor.no,40109439/,2024-05-14,premium,active,2024-07-26
CUST_000097,mateo39jacobsen@telia.no,+4794710276,2024-04-04,basic,active,2025-05-28
CUST_000098,arne45jorgensen@get.no,98815371,2024-08-07,basic,active,2025-07-01
CUST_000099,nathan79sorensen@mail.com,+4745953278,2024-04-14,basic,churned,2025-05-12
CUST_000100,audreyoverland@hotmail.com,44797480,2023-06-17,standard,active,2025-01-29
CUST_000101,ellie.thompson@live.no,498-35-841,2024-06-01,standard,paused,2025-04-22
CUST_000102,ryan.martinez@telia.no,46558523,2024-01-16,standard,churned,2025-06-27
CUST_000103,jacob61jackson@protonmail.com,45952694,2024-01-23,standard,churned,2024-10-31
CUST_000104,aurora.johansen@protonmail.com,909-74-993,2023-10-17,standard,churned,2025-04-12
CUST_000105,greta_martinez@me.com,+163689702,2024-03-13,standard,active,2024-08-21
CUST_000106,stellajorgensen@yahoo.com,94973348/93443757,2024-06-22,premium,active,2025-04-17
CUST_000107,kristian49taylor@broadpark.no,44 04 15 74,2023-09-24,basic,active,2025-01-03
CUST_000108,einar.moore@icloud.com,43083301/,2024-05-16,premium,churned,2025-06-14
CUST_000109,emma21garcia@fastmail.com,+37180262067,2024-09-29,premium,active,2025-07-01
CUST_000110,hannahmiller@telenor.no,004798872874,2024-09-24,basic,active,2025-05-19
CUST_000111,marit.johannessen@get.no,4694932966,2024-03-15,basic,active,2025-06-29
CUST_000112,jacob.smith@protonmail.com,004793745499,2025-04-20,premium,active,2025-06-14
CUST_000113,bjorn_kristiansen@online.no,914-59-332,2024-04-07,standard,paused,2025-04-15
CUST_000114,isaac71moen@get.no,9108,2023-04-07,basic,churned,2025-01-08
CUST_000115,dylan_brown@online.no,4691870728,2024-05-15,standard,active,2024-07-14
CUST_000116,calebmartin@gmail.com,49106518,2022-09-10,basic,churned,2025-05-10
CUST_000117,henry99white@yahoo.com,97 66 18 25,2024-11-23,standard,active,2025-06-03
CUST_000118,emma39thompson@gmail.com,+3410690331,2024-12-09,basic,active,2025-06-28
CUST_000119,hilde_olsen@live.no,40284395/93428364,2024-08-02,standard,churned,2025-01-03
CUST_000120,kari72taylor@live.no,96856624,2024-06-06,premium,churned,2024-12-08
CUST_000121,hannah.jackson@yahoo.com,96882634/45175183,2025-02-04,standard,paused,2025-04-15
CUST_000122,magnus_olsen@mail.com,7393,2024-05-26,basic,churned,2025-05-26
CUST_000123,stellaoverland@broadpark.no,004795877175,2023-03-21,standard,active,2024-12-22
CUST_000124,sigrid.haugen@get.no,004794235369,2023-07-02,standard,churned,2024-10-12
CUST_000125,nora63thompson@mail.com,+47 452 28 728,2022-09-29,basic,churned,2025-06-22
CUST_000126,bjorn1larsen@me.com,41203875,2025-01-23,premium,paused,2025-03-04
CUST_000127,helene.smith@telia.no,90084840,2024-03-23,premium,paused,2025-05-07
CUST_000128,chloe_nilsen@fastmail.com,+4749845461,2024-06-08,standard,active,2025-05-04
CUST_000129,riley.dahl@telia.no,96687002,2024-12-28,standard,churned,2025-02-13
CUST_000130,lincoln28olsen@hotmail.com,004741489025,2025-04-08,basic,churned,2025-05-12
CUST_000131,mason_dahl@yahoo.com,98562185/,2025-02-01,standard,active,2025-06-26
CUST_000132,magnus77white@telenor.no,62961,2023-09-02,basic,active,2025-06-30
CUST_000133,lily_karlsen@live.no,4695511047,2024-06-16,basic,active,2025-06-12
CUST_000134,henry72gundersen@online.no,41581995,2023-05-28,basic,active,2024-09-25
CUST_000135,isabella_martin@fastmail.com,46224447/,2024-10-30,basic,active,2025-03-10
CUST_000136,hannahsmith@me.com,004747993712,2024-07-16,standard,active,2024-10-10
CUST_000137,hazel_henriksen@live.no,004799375265,2024-07-24,premium,churned,2024-11-29
CUST_000138,dylansorensen@icloud.com,49828073,2024-05-01,basic,paused,2025-06-23
CUST_000139,zoetaylor@online.no,+4792661797,2024-01-31,standard,churned,2024-08-31
CUST_000140,mateo.olsen@me.com,45290965,2022-12-16,standard,active,2025-06-30
CUST_000141,samuel_haugen@broadpark.no,+47 967 98 250,2024-04-04,basic,active,2025-06-30
CUST_000142,perkarlsen@protonmail.com,+47 487 57 177,2024-07-08,basic,active,2025-07-01
CUST_000143,luke_anderson@outlook.com,4648282586,2023-01-01,basic,active,2025-06-06
CUST_000144,jonas.thomas@live.no,4647966033,2024-07-31,premium,active,2025-06-19
CUST_000145,bella_pettersen@protonmail.com,+47 447 85 969,2024-05-28,basic,active,2025-01-14
CUST_000146,violetmartinez@yahoo.com,42513412/,2024-06-08,basic,churned,2025-04-16
CUST_000147,jacob_miller@live.no,+47 482 74 225,2023-06-23,premium,active,2025-05-01
CUST_000148,savannah50jensen@hotmail.com,967-72-190,2023-08-10,basic,active,2025-06-27
CUST_000149,riley22jones@icloud.com,98819148/,2023-07-13,standard,churned,2025-03-12
CUST_000150,gunnar_martin@online.no,434-07-451,2024-05-01,basic,paused,2025-03-20
CUST_000151,zoeyberg@me.com,4692923309,2024-06-21,basic,churned,2024-10-19
CUST_000152,ragnajacobsen@icloud.com,42604223/45367294,2023-12-29,standard,active,2025-06-21
CUST_000153,beritpedersen@live.no,4697759017,2023-12-24,premium,active,2025-06-19
CUST_000154,bella_jakobsen@hotmail.com,+47 954 58 929,2023-06-11,standard,paused,2025-03-26
CUST_000155,sophia81olsen@outlook.com,42770632,2023-05-05,basic,active,2025-04-21
CUST_000156,erikhalvorsen@icloud.com,+88071293870,2025-04-30,standard,active,2025-05-11
CUST_000157,maverick.andersen@hotmail.com,4641554262,2023-12-19,premium,active,2025-06-23
CUST_000158,sigrid_hansen@telenor.no,+47 932 69 731,2023-04-16,basic,paused,2025-06-16
CUST_000159,olav45martin@live.no,43 41 38 99,2023-10-17,basic,paused,2025-04-04
CUST_000160,noah_thomas@fastmail.com,46403761/47918055,2024-11-11,standard,active,2025-02-22
CUST_000161,tor.pettersen@me.com,40430068,2024-07-26,premium,churned,2024-08-29
CUST_000162,sven_jakobsen@outlook.com,004744183285,2024-05-29,premium,paused,2025-03-17
CUST_000163,eriktaylor@telia.no,4693031617,2024-01-09,basic,active,2025-06-10
CUST_000164,liam.jackson@yahoo.com,95884252,2023-09-22,basic,paused,2025-03-10
CUST_000165,ethanwhite@fastmail.com,85079,2024-10-14,basic,active,2025-06-22
CUST_000166,freya.martin@outlook.com,43075622,2023-02-22,basic,churned,2024-08-31
CUST_000167,rileyjorgensen@hotmail.com,004749518023,2023-08-02,basic,active,2025-06-24
CUST_000168,eleanorwhite@mail.com,90534949,2024-08-22,standard,churned,2024-12-23
CUST_000169,per_jones@me.com,90385050,2023-09-14,standard,paused,2025-03-30
CUST_000170,caleb_nilsen@hotmail.com,902-41-038,2024-05-16,standard,active,2025-06-22
CUST_000171,charlotte82williams@yahoo.com,46234456,2023-11-03,premium,active,2025-03-06
CUST_000172,lily_haugen@outlook.com,8537,2024-07-14,basic,active,2025-06-29
CUST_000173,tor.dahl@mail.com,+4792135680,2023-11-22,basic,active,2025-06-25
CUST_000174,christopher_garcia@get.no,91210032,2024-09-21,standard,active,2025-06-22
CUST_000175,olav.johannessen@fastmail.com,47215107,2025-02-05,standard,active,2025-02-12
CUST_000176,stellataylor@live.no,+4744472099,2024-01-06,premium,active,2024-09-19
CUST_000177,clairesmith@gmail.com,463-83-806,2023-08-24,standard,churned,2024-07-28
CUST_000178,aubrey42miller@broadpark.no,004740593040,2023-07-28,standard,churned,2025-04-18
CUST_000179,aiden_johnsen@outlook.com,004743965223,2024-01-23,premium,paused,2025-05-17
CUST_000180,olavjohansen@get.no,49378427/,2025-02-24,basic,active,2025-06-16
CUST_000181,lincoln_smith@gmail.com,1851,2024-06-08,premium,active,2025-06-26
CUST_000182,hannah21jorgensen@yahoo.com,6442,2024-10-05,basic,paused,2025-04-19
CUST_000183,natalie_white@telenor.no,99391725/,2023-09-26,basic,active,2025-04-11
CUST_000184,jonaspedersen@mail.com,+47 443 31 541,2023-10-18,basic,active,2024-09-17
CUST_000185,danielmoen@online.no,91793271/44054115,2024-10-11,standard,active,2025-06-23
CUST_000186,logan79henriksen@telenor.no,4646296201,2024-07-01,basic,active,2025-02-07
CUST_000187,eleanor.dahl@hotmail.com,920-50-614,2023-07-12,premium,churned,2025-02-12
CUST_000188,noahberg@yahoo.com,91467741,2023-12-19,standard,active,2025-01-09
CUST_000189,stella.halvorsen@yahoo.com,004797434902,2023-09-20,premium,active,2025-06-21
CUST_000190,aubrey_jones@live.no,46868793/94160898,2023-08-06,premium,churned,2025-05-05
CUST_000191,chloe_johnsen@hotmail.com,91632945,2023-03-27,basic,active,2024-08-13
CUST_000192,natalie36garcia@protonmail.com,91622999,2023-09-15,basic,active,2025-06-19
CUST_000193,eleanor45jones@fastmail.com,004797997024,2024-05-22,premium,churned,2024-09-09
CUST_000194,ava_jakobsen@fastmail.com,94505444,2023-06-22,premium,paused,2025-06-19
CUST_000195,aiden96jensen@icloud.com,78508,2023-08-14,basic,active,2024-11-29
CUST_000196,lincoln_miller@gmail.com,+4743070534,2024-06-11,standard,churned,2025-06-16
CUST_000197,tor48johansen@hotmail.com,92798552/,2023-06-28,basic,paused,2025-03-17
CUST_000198,liv4pedersen@icloud.com,49333346,2024-03-16,premium,paused,2025-04-05
CUST_000199,liam_smith@fastmail.com,43494466/,2023-06-12,standard,active,2025-05-19
CUST_000200,hannah80taylor@broadpark.no,40858994/,2024-07-20,basic,churned,2025-05-27
CUST_000201,jonasjorgensen@mail.com,+4407446660,2024-01-30,standard,active,2025-01-30
CUST_000202,arne69haugen@telia.no,+4848251353,2023-09-27,basic,active,2025-03-16
CUST_000203,samuel.davis@icloud.com,+47 499 91 738,2024-11-21,premium,active,2025-03-11
CUST_000204,sophiakarlsen@yahoo.com,925-21-752,2024-07-11,basic,active,2024-10-24
CUST_000205,layla_thompson@@me.com,00835,2023-01-19,standard,paused,2025-03-17
CUST_000206,lincoln.eriksen@gmail.com,+371210447898,2024-06-28,premium,active,2025-01-07
CUST_000207,savannah_lund@me.com,1506,2023-05-13,basic,paused,2025-04-24
CUST_000208,lars.larsen@telenor.no,+342304618499,2023-11-03,standard,active,2025-06-27
CUST_000209,amelia_nilsen@online.no,37530,2025-04-16,basic,active,2025-04-25
CUST_000210,theodore.andersen@get.no,004747447012,2023-05-16,basic,active,2025-03-09
CUST_000211,hilde.kristiansen@outlook.com,42557941,2024-06-08,standard,active,2025-06-25
CUST_000212,anthony50overland@icloud.com,97296,2023-08-26,premium,active,2025-05-18
CUST_000213,savannah53kristiansen@fastmail.com,44508993,2022-11-13,premium,active,2025-06-25
CUST_000214,solveigmartin@hotmail.com,+482175354083,2024-02-21,standard,active,2025-06-12
CUST_000215,violet74iversen@me.com,97517016,2024-05-17,standard,churned,2025-06-20
CUST_000216,magnus_martinez@telia.no,+3715711305548,2024-03-11,premium,active,2025-06-29
CUST_000217,adrian92jensen@mail.com,99331637,2023-07-12,basic,paused,2025-05-19
CUST_000218,alexander.thompson@@live.no,+47 470 80 869,2024-04-04,standard,paused,2025-03-06
CUST_000219,chloe_moore@telenor.no,99958669,2023-03-19,premium,active,2025-03-13
CUST_000220,luke_jacobsen@online.no,985-83-339,2023-10-23,premium,active,2025-05-03
CUST_000221,erikpettersen@broadpark.no,4645879968,2024-07-27,standard,active,2025-07-01
CUST_000222,stella.karlsen@gmail.com,+4792442043,2023-09-19,basic,active,2024-12-07
CUST_000223,helene_taylor@get.no,4693840666,2023-01-05,premium,active,2025-07-01
CUST_000224,harald80johannessen@hotmail.com,+4799893347,2024-10-06,premium,active,2025-06-06
CUST_000225,hilde.williams@outlook.com,984-22-940,2024-07-02,premium,active,2025-06-29
CUST_000226,dylanrodriguez@gmail.com,+47 915 83 281,2023-08-20,basic,active,2024-12-10
CUST_000227,aubreyhaugen@fastmail.com,94 39 87 80,2024-11-26,standard,active,2025-05-07
CUST_000228,helenemartinez@hotmail.com,464-84-085,2024-03-16,standard,active,2024-12-22
CUST_000229,nathan.anderson@hotmail.com,48801336,2023-06-30,basic,churned,2024-08-23
CUST_000230,marit_andersen@get.no,95011024,2024-02-16,standard,active,2025-03-11
CUST_000231,gabriel52iversen@telia.no,46 18 09 19,2025-02-12,basic,active,2025-06-27
CUST_000232,tordahl@telenor.no,6842,2024-07-20,premium,churned,2025-06-30
CUST_000233,claire.garcia@yahoo.com,98814353,2024-05-17,premium,churned,2025-06-08
CUST_000234,riley_martinez@mail.com,49087814,2023-11-26,basic,active,2025-05-11
CUST_000235,savannah_henriksen@protonmail.com,99135775,2024-01-07,basic,paused,2025-04-18
CUST_000236,michaelmiller@telenor.no,405-33-645,2024-11-09,premium,active,2024-11-30
CUST_000237,andrew.white@icloud.com,44283411,2023-04-22,standard,churned,2025-04-18
CUST_000238,ingrid_jakobsen@me.com,98872563,2023-04-23,premium,paused,2025-03-14
CUST_000239,nathan.jensen@online.no,980-39-282,2024-04-27,basic,churned,2025-01-18
CUST_000240,hilde.martin@online.no,+4793145303,2024-03-13,standard,active,2024-09-08
CUST_000241,elijah.olsen@telia.no,4694989266,2024-06-13,premium,active,2025-03-15
CUST_000242,rileybrown@live.no,+47 990 82 723,2025-01-03,premium,active,2025-06-08
CUST_000243,henry.johnsen@protonmail.com,+37160302992,2024-11-08,standard,active,2025-06-14
CUST_000244,daniel24johannessen@fastmail.com,44137977/,2024-10-11,standard,churned,2025-04-18
CUST_000245,beritpet tersen@telenor.no,43662103/,2024-03-10,standard,paused,2025-05-09
CUST_000246,michael23rodriguez@outlook.com,48811729/,2024-02-28,basic,paused,2025-04-06
CUST_000247,erikgundersen@broadpark.no,93765991,2024-05-09,basic,churned,2025-02-19
CUST_000248,eleanor70rodriguez@fastmail.com,004740098180,2024-06-07,basic,paused,2025-03-21
CUST_000249,lillian_moen@protonmail.com,948-69-594,2022-09-22,standard,paused,2025-06-05
CUST_000250,zoe72garcia@me.com,98874495,2023-08-31,standard,paused,2025-06-14
CUST_000251,solveig30kristiansen@get.no,2601,2023-07-13,standard,churned,2025-03-01
CUST_000252,samuel.haugen@protonmail.com,4696984902,2023-12-20,standard,active,2025-05-06
CUST_000253,brooklyn_jacobsen@hotmail.com,40530214/,2023-08-26,standard,paused,2025-05-12
CUST_000254,anthony.davis@hotmail.com,4641848955,2022-12-21,basic,active,2025-05-19
CUST_000255,anthony_miller@gmail.com,481-84-518,2023-01-05,standard,churned,2025-05-06
CUST_000256,stella_miller@online.no,6335,2024-05-17,standard,churned,2024-11-19
CUST_000257,owenjacobsen@outlook.com,47553942,2023-01-24,premium,active,2024-11-12
CUST_000258,zoey_lee@hotmail.com,+4743952111,2023-11-23,premium,churned,2025-03-12
CUST_000259,maverick41halvorsen@telenor.no,97284639/,2024-11-14,standard,active,2024-11-22
CUST_000260,audrey_lund@live.no,+47 487 50 036,2024-01-31,standard,active,2025-04-09
CUST_000261,claire35johannessen@,92 76 36 55,2023-06-09,basic,active,2025-05-12
CUST_000262,harper.miller@telia.no,4693866322,2024-04-10,basic,active,2024-08-28
CUST_000263,jacobwilson@@broadpark.no,004798906120,2024-09-09,basic,churned,2025-02-12
CUST_000264,christopherlee@protonmail.com,95 06 15 93,2024-02-03,premium,churned,2024-11-08
CUST_000265,andrew66jorgensen@telia.no,69961,2025-01-01,standard,active,2025-03-23
CUST_000266,erik35jacobsen@get.no,004795987622,2023-06-09,basic,paused,2025-06-01
CUST_000267,solveig.johannessen@get.no,+4746111780,2025-03-16,standard,churned,2025-03-26
CUST_000268,samuel11martinez@yahoo.com,004743472282,2025-03-12,premium,active,2025-04-03
CUST_000269,jaxon35jones@fastmail.com,49979688,2024-07-13,standard,churned,2025-02-16
CUST_000270,hazeldahl@protonmail.com,90082547,2024-03-02,premium,churned,2024-08-01
CUST_000271,hannahhansen@me.com,40853686/,2024-05-27,basic,paused,2025-03-29
CUST_000272,marit_sorensen@mail.com,004746389448,2023-07-28,standard,active,2025-06-29
CUST_000273,jacob82jacobsen@outlook.com,94973502/,2025-02-06,standard,active,2025-06-11
CUST_000274,eleanor92andreassen@yahoo.com,4643120735,2024-05-12,standard,active,2024-07-08
CUST_000275,ava_henriksen@outlook.com,96187234,2023-07-19,basic,active,2025-05-24
CUST_000276,berit.iversen@hotmail.com,+4791837645,2024-10-20,premium,active,2025-06-27
CUST_000277,maverickwilson@icloud.com,41365024,2024-01-29,standard,active,2025-07-01
CUST_000278,ingrid_moore@online.no,43 27 19 50,2025-01-24,premium,active,2025-06-29
CUST_000279,savannahhaugen@protonmail.com,78487,2024-09-27,basic,churned,2025-05-03
CUST_000280,ryan_rodriguez@fastmail.com,47448570,2023-08-29,standard,active,2025-06-16
CUST_000281,lars_halvorsen@me.com,48 63 87 82,2024-01-09,standard,active,2025-04-18
CUST_000282,charlotte.brown@telia.no,40317310,2024-02-07,standard,churned,2024-11-22
CUST_000283,sophia.halvorsen@hotmail.com,47170586,2023-07-14,premium,active,2025-02-24
CUST_000284,elijah.martin@outlook.com,+4741386338,2023-12-08,standard,churned,2024-09-02
CUST_000285,haraldnilsen@me.com,+4489755855,2024-05-17,premium,active,2025-02-14
CUST_000286,zoey28miller@broadpark.no,8240,2024-07-18,basic,active,2025-04-30
CUST_000287,berit_moore@mail.com,47522459,2024-08-18,basic,active,2025-06-22
CUST_000288,anthony.miller@fastmail.com,4697279194,2025-02-25,standard,active,2025-06-19
CUST_000289,lucas45white@protonmail.com,439-06-048,2025-02-19,standard,churned,2025-04-28
CUST_000290,sven7haugen@yahoo.com,+47 436 46 225,2024-12-28,standard,paused,2025-06-25
CUST_000291,claire11jakobsen@icloud.com,92278376/48983314,2023-08-29,standard,paused,2025-03-05
CUST_000292,kristian86pedersen@outlook.com,953-55-904,2024-10-12,standard,churned,2024-11-07
CUST_000293,evelyn_iversen@gmail.com,+345147705,2024-09-13,standard,active,2025-05-14
CUST_000294,brooklyn71thompson@icloud.com,40698042/,2025-01-23,basic,paused,2025-04-13
CUST_000295,lily.larsen@online.no,94510463,2022-11-07,standard,paused,2025-06-19
CUST_000296,lillian.johnson@mail.com,48780038,2024-07-16,standard,active,2025-06-16
CUST_000297,aubreytaylor@protonmail.com,+4790460843,2024-10-25,standard,churned,2025-05-14
CUST_000298,brooklyn_taylor@telenor.no,492-64-957,2024-02-26,basic,churned,2025-04-23
CUST_000299,toreriksen@mail.com,4646292518,2024-03-04,premium,active,2025-05-28
CUST_000300,evelynmartin@gmail.com,947-42-312,2024-09-30,premium,churned,2024-12-05
CUST_000301,astrid.haugen@hotmail.com,47 28 97 52,2023-06-11,standard,churned,2025-06-07
CUST_000302,riley.olsen@live.no,004793331279,2024-03-31,standard,active,2025-05-21
CUST_000303,anthony78white@gmail.com,4696999880,2024-03-12,standard,active,2025-06-28
CUST_000304,brooklyn.jones@live.no,98034764/97264908,2023-04-06,standard,churned,2024-07-20
CUST_000305,amelia_pettersen@me.com,957-02-793,2023-05-05,basic,active,2025-02-03
CUST_000306,erik.jackson@me.com,47518689,2023-01-19,standard,churned,2025-06-10
CUST_000307,addison_miller@mail.com,42064474,2023-12-30,basic,active,2025-06-17
CUST_000308,lars2thompson@icloud.com,+47 980 97 339,2023-12-06,standard,active,2024-12-13
CUST_000309,astridrodriguez@gmail.com,40220502/,2023-06-09,premium,churned,2024-11-01
CUST_000310,addison14pedersen@gmail.com,44999827,2023-09-23,standard,active,2025-06-19
CUST_000311,hannah.jorgensen@protonmail.com,86833,2024-01-10,basic,churned,2024-07-06
CUST_000312,logansmith@get.no,948-99-529,2024-02-13,standard,paused,2025-04-12
CUST_000313,adrian_johnson@me.com,4693010713,2023-08-06,standard,active,2025-06-26
CUST_000314,aubrey_garcia@me.com,44414488,2024-07-05,basic,active,2025-03-20
CUST_000315,natalie.martin@telenor.no,45577027,2024-10-22,standard,churned,2024-11-11
CUST_000316,haraldlarsen@mail.com,98803955/,2025-01-16,basic,active,2025-06-26
CUST_000317,stella22wilson@broadpark.no,44504617,2023-05-12,standard,active,2025-04-05
CUST_000318,lincolndahl@yahoo.com,3578,2024-07-13,standard,active,2025-06-18
CUST_000319,brooklyn.taylor@yahoo.com,+47 981 04 091,2024-06-30,basic,active,2025-04-30
CUST_000320,kristian_thompson@icloud.com,43 44 85 71,2024-08-04,basic,active,2025-07-01
CUST_000321,lars_garcia@broadpark.no,98542493/41495870,2024-11-12,standard,paused,2025-06-25
CUST_000322,alexander12sorensen@gmail.com,499-79-545,2023-07-19,premium,paused,2025-04-07
CUST_000323,bella97pedersen@fastmail.com,41717477/,2024-08-29,basic,active,2025-01-06
CUST_000324,elliejakobsen@yahoo.com,72459,2024-02-05,standard,active,2024-07-04
CUST_000325,alexander.jorgensen@broadpark.no,8276,2025-01-16,basic,paused,2025-04-17
CUST_000326,joshua_gundersen@telenor.no,49719975,2024-02-18,standard,active,2025-03-12
CUST_000327,mia88rodriguez@outlook.com,90 13 29 02,2023-12-04,standard,churned,2025-04-14
CUST_000328,kristianiversen@hotmail.com,004796519098,2024-05-21,basic,active,2025-06-26
CUST_000329,clairelarsen@gmail.com,90369656,2024-05-20,standard,churned,2025-06-09
CUST_000330,aurora72jensen@hotmail.com,92 42 20 10,2024-11-01,standard,churned,2025-01-23
CUST_000331,isabella54jensen@telia.no,53269,2025-05-03,standard,paused,2025-06-01
CUST_000332,arnewilliams@icloud.com,49751971,2024-11-02,premium,churned,2024-11-10
CUST_000333,jaxon.brown@outlook.com,+4791894905,2024-03-02,basic,churned,2024-08-05
CUST_000334,kristianmartin@protonmail.com,7929,2025-02-04,basic,paused,2025-04-13
CUST_000335,noah_jacobsen@online.no,44429444/41929275,2023-07-29,basic,paused,2025-06-01
CUST_000336,savannah.pettersen@me.com,42 92 76 63,2023-12-05,premium,churned,2025-04-19
CUST_000337,perlund@gmail.com,6674,2024-10-31,standard,active,2025-01-04
CUST_000338,christopher.sorensen@telia.no,96945441,2024-08-14,standard,active,2024-09-13
CUST_000339,zoey_martin@telia.no,92580010/91817534,2024-08-16,basic,active,2025-07-01
CUST_000340,astrid.thomas@fastmail.com,4641926921,2023-11-07,basic,active,2024-07-17
CUST_000341,mason36wilson@online.no,4694214066,2024-07-01,basic,active,2025-04-10
CUST_000342,hazel26andersen@online.no,91286391,2023-03-24,premium,active,2025-07-01
CUST_000343,masonandersen@telenor.no,5690,2024-03-15,premium,churned,2024-09-08
CUST_000344,per_white@me.com,97198554,2024-05-23,premium,churned,2025-04-24
CUST_000345,lukepedersen@mail.com,+49717320309,2024-08-25,standard,active,2025-02-28
CUST_000346,bellaiversen@gmail.com,90613878,2024-10-28,standard,active,2025-07-01
CUST_000347,hilde.karlsen@online.no,+47 432 02 041,2024-04-21,basic,churned,2025-06-18
CUST_000348,amelia_johnson@telenor.no,46565198,2024-11-06,basic,paused,2025-06-26
CUST_000349,olav.pettersen@protonmail.com,004746258273,2023-03-03,basic,active,2025-06-19
CUST_000350,kari.martinez@live.no,+47 400 21 946,2023-11-09,premium,churned,2024-12-18
CUST_000351,evelyn67wilson@icloud.com,429-09-279,2023-01-18,premium,active,2025-03-10
CUST_000352,emma.garcia@hotmail.com,49588373/90312772,2024-10-19,basic,active,2025-03-27
CUST_000353,layla43gundersen@icloud.com,40822078,2024-11-25,basic,paused,2025-05-06
CUST_000354,olav_davis@protonmail.com,4693153136,2023-05-21,standard,active,2025-06-24
CUST_000355,ingrid_johnson@gmail.com,+4792652735,2022-11-20,basic,active,2025-06-15
CUST_000356,liv_millergmail.com,+47 962 53 492,2023-08-16,premium,churned,2024-12-06
CUST_000357,logan67moen@mail.com,+4797406335,2024-05-04,basic,churned,2025-03-31
CUST_000358,thomas.olsen@gmail.com,971-77-318,2023-09-19,premium,paused,2025-05-10
CUST_000359,jack_jensen@protonmail.com,+8807262570165,2024-03-05,basic,active,2025-02-02
CUST_000360,helene.jones@telenor.no,90850165/,2024-04-15,basic,active,2025-04-10
CUST_000361,marit_garcia@get.no,93817933,2024-07-07,basic,churned,2024-11-12
CUST_000362,sophia45andersen@protonmail.com,+47 478 84 795,2023-08-06,premium,active,2025-05-19
CUST_000363,loganpedersen@live.no,42412723,2024-03-12,premium,active,2025-03-10
CUST_000364,tor17jones@fastmail.com,97 04 31 03,2023-07-01,standard,churned,2025-04-18
CUST_000365,luke42anderson@telia.no,97492424/,2024-09-01,standard,active,2025-06-29
CUST_000366,andrew_jacobsen@online.no,4692222310,2022-09-12,standard,active,2024-10-28
CUST_000367,isaac.pettersen@hotmail.com,+340672752,2025-05-16,premium,churned,2025-06-12
CUST_000368,ragna_jacobsen@online.no,06937,2024-06-17,standard,active,2025-05-11
CUST_000369,lincolnhaugen@me.com,+4741871863,2024-03-31,premium,churned,2025-03-05
CUST_000370,bjorn19halvorsen@live.no,95 04 55 47,2023-05-15,basic,active,2024-09-18
CUST_000371,hazel94jacobsen@yahoo.com,4692991234,2024-04-09,standard,active,2025-06-22
CUST_000372,anne1sorensen@outlook.com,+464870494787,2024-09-03,basic,active,2025-03-25
CUST_000373,jonaswilson@online.no,473-01-471,2024-01-19,standard,churned,2024-08-22
CUST_000374,samuel.wilson@telia.no,44 29 02 57,2023-05-10,basic,active,2025-06-14
CUST_000375,lilyhalvorsen@live.no,94818321,2024-01-19,basic,churned,2025-05-22
CUST_000376,tordahlicloud.com,92028457/95213283,2023-07-04,standard,churned,2024-07-07
CUST_000377,bella.jackson@broadpark.no,911-20-754,2023-11-11,basic,active,2025-04-10
CUST_000378,ragna.dahl@gmail.com,+4742342321,2024-05-09,premium,active,2025-07-01
CUST_000379,maverick_thompson@live.no,48907140,2025-01-16,premium,active,2025-06-19
CUST_000380,ethan_rodriguez@hotmail.com,90124955,2024-10-18,standard,paused,2025-03-30
CUST_000381,helene.hagen@broadpark.no,48334280,2022-11-25,basic,active,2024-10-01
CUST_000382,sven.davis@yahoo.com,96638361,2023-09-12,standard,active,2024-12-05
CUST_000383,brooklynjensen@online.no,4698015716,2024-07-28,premium,paused,2025-05-23
CUST_000384,tor71iversen@hotmail.com,004793175207,2023-11-26,standard,active,2025-06-30
CUST_000385,evelyn.jakobsen@live.no,4641535396,2024-11-19,standard,paused,2025-04-29
CUST_000386,ryanthompson@get.no,7114,2024-03-31,basic,churned,2025-03-18
CUST_000387,charlotte9lee@gmail.com,+3711877347,2024-03-31,basic,churned,2025-04-23
CUST_000388,mateo5johansen@me.com,97567700,2024-10-06,premium,paused,2025-05-24
CUST_000389,ragna_johnsen@online.no,004797197889,2024-04-12,standard,active,2025-06-25
CUST_000390,samueljohnson@telenor.no,90561,2024-05-07,standard,active,2025-04-25
CUST_000391,solveighagen@hotmail.com,41415208/,2024-07-04,standard,churned,2024-07-13
CUST_000392,thomas90andreassen@gmail.com,45696591/,2023-07-29,basic,paused,2025-04-06
CUST_000393,laylahenriksen@online.no,95637183,2024-07-26,basic,active,2024-11-06
CUST_000394,lars.lee@outlook.com,94198763/,2024-06-22,basic,churned,2024-07-18
CUST_000395,hannahgundersen@telia.no,+4796498782,2023-05-07,premium,paused,2025-04-26
CUST_000396,henry28miller@online.no,004799083572,2024-08-24,premium,paused,2025-03-26
CUST_000397,hannah.gundersen@live.no,+112303477,2024-02-15,standard,active,2025-06-28
CUST_000398,ariaandreassen@yahoo.com,94165,2023-11-26,basic,active,2025-06-02
CUST_000399,amelia.miller@get.no,97139155/93632123,2022-12-05,standard,active,2025-01-12
CUST_000400,olavlarsen@online.no,4645867342,2024-06-14,premium,active,2025-04-30
CUST_000401,marit.rodriguez@gmail.com,4644864518,2023-05-25,standard,active,2025-06-25
CUST_000402,nora_dahl@outlook.com,004742756041,2023-07-13,standard,churned,2024-10-14
CUST_000403,arne_gundersen@fastmail.com,4698156985,2024-04-22,basic,paused,2025-06-25
CUST_000404,marit81anderson@yahoo.com,2382,2023-06-17,premium,active,2025-03-06
CUST_000405,maverick_lee@yahoo.com,+100893173,2024-08-10,basic,active,2024-08-30
CUST_000406,astridjohannessen@yahoo.com,40867713,2023-10-23,basic,active,2025-01-27
CUST_000407,adrian_sorensen@yahoo.com,44362620/,2024-07-24,basic,active,2024-10-31
CUST_000408,isaac83davis@telia.no,47256366,2023-10-04,basic,active,2025-06-23
CUST_000409,lucas31larsen@protonmail.com,40 48 96 46,2023-11-26,basic,churned,2025-06-09
CUST_000410,samueljohnsen@broadpark.no,+47 415 86 241,2024-07-11,basic,churned,2024-11-10
CUST_000411,haraldhalvorsen@fastmail.com,004798562572,2024-02-18,premium,churned,2025-03-06
CUST_000412,penelope_karlsen@gmail.com,94276170,2024-04-30,premium,churned,2024-07-24
CUST_000413,amelia.martin@mail.com,43 42 28 49,2023-04-24,standard,active,2025-06-23
CUST_000414,berit.miller@yahoo.com,+4791504165,2024-01-25,basic,active,2025-06-16
CUST_000415,isabella91overland@mail.com,+47 990 50 975,2023-01-24,premium,churned,2025-06-25
CUST_000416,marit.jacobsen@protonmail.com,91642361/43266421,2024-07-19,standard,paused,2025-03-20
CUST_000417,calebtaylor@telenor.no,+341659266108,2024-06-26,standard,paused,2025-06-03
CUST_000418,marit20taylor@get.no,44761742/44386490,2024-02-21,basic,churned,2025-05-08
CUST_000419,zoenilsen@online.no,99 18 01 72,2023-08-20,standard,active,2025-06-25
CUST_000420,ragna76dahl@protonmail.com,16800,2024-05-27,basic,active,2024-09-07
CUST_000421,liv85jakobsen@mail.com,004796412203,2024-11-29,basic,paused,2025-06-07
CUST_000422,noah_berg@online.no,+480122777079,2024-08-22,basic,churned,2024-09-14
CUST_000423,sophia14henriksen@gmail.com,999-84-076,2024-04-02,premium,paused,2025-04-14
CUST_000424,freya.johnson@hotmail.com,46958146/91795760,2024-10-18,premium,active,2024-11-08
CUST_000425,aidenwilliams@hotmail.com,92466572/,2024-01-03,basic,paused,2025-03-28
CUST_000426,logan_thomas@online.no,+4749716743,2024-09-13,basic,active,2025-01-10
CUST_000427,samuel_lund@telia.no,41561931/47455084,2023-04-16,premium,churned,2025-02-08
CUST_000428,ragna57larsen@fastmail.com,2135,2024-10-21,basic,paused,2025-05-06
CUST_000429,gunnar.williams@online.no,95213760,2024-08-20,standard,active,2025-02-27
CUST_000430,daniel48pedersen@icloud.com,42 86 32 66,2023-03-16,standard,churned,2024-09-29
CUST_000431,noah.iversen@yahoo.com,4641556260,2024-05-28,basic,churned,2025-01-15
CUST_000432,kristianlarsen@telia.no,984-55-048,2024-01-11,basic,paused,2025-05-11
CUST_000433,christopher70anderson@hotmail.com,4696341085,2024-05-30,premium,paused,2025-03-11
CUST_000434,harper_brown@broadpark.no,98520089,2024-08-12,premium,active,2024-08-26
CUST_000435,ameliamartin@gmail.com,+48399893544,2023-11-30,premium,churned,2024-09-21
CUST_000436,brooklynlee@hotmail.com,45712661/40627371,2024-06-10,standard,active,2024-10-27
CUST_000437,ingrid55johnson@telia.no,4696228277,2024-11-13,premium,churned,2025-02-01
CUST_000438,liv.berg@online.no,4648519611,2024-06-10,basic,active,2025-06-10
CUST_000439,isaacdahl@protonmail.com,+47 422 96 044,2024-09-09,premium,churned,2025-04-22
CUST_000440,aubrey6andersen@mail.com,+47 997 56 792,2023-09-11,standard,churned,2024-08-15
CUST_000441,bjorniversen@yahoo.com,96365807,2023-10-04,premium,active,2025-05-03
CUST_000442,noahmiller@telia.no,48139890/47801820,2024-08-02,basic,active,2024-12-12
CUST_000443,bella.rodriguez@protonmail.com,+47 456 26 085,2024-06-03,basic,active,2025-06-23
CUST_000444,danieljacobsen@yahoo.com,0046,2024-12-11,basic,active,2025-03-30
CUST_000445,stella_kristiansen@gmail.com,78617,2025-03-11,premium,active,2025-06-27
CUST_000446,claire_davis@telia.no,5823,2024-03-01,standard,churned,2025-04-02
CUST_000447,jaxon_martinez@icloud.com,47494653,2024-01-29,standard,active,2025-06-29
CUST_000448,hildejones@telenor.no,91284639,2024-03-22,standard,paused,2025-05-19
CUST_000449,jonas91johannessen@me.com,004745537950,2023-03-22,basic,churned,2024-08-02
CUST_000450,emma23hansen@telia.no,96811807/45695620,2024-11-17,standard,active,2024-12-31
CUST_000451,rileylee@gmail.com,+444793036,2024-11-30,basic,churned,2025-01-05
CUST_000452,claire_eriksen@telia.no,41249384,2024-09-25,premium,active,2025-02-04
CUST_000453,einar.overland@gmail.com,96 41 87 75,2024-03-14,basic,paused,2025-06-03
CUST_000454,sophia54andreassen@fastmail.com,46 35 19 03,2022-11-12,standard,active,2025-06-05
CUST_000455,daniel.henriksen@icloud.com,96095431,2024-04-10,standard,active,2025-02-25
CUST_000456,zoey77andersen@me.com,12070,2024-07-18,premium,active,2025-06-30
CUST_000457,freyalarsen@broadpark.no,919-63-990,2024-04-22,standard,active,2025-06-26
CUST_000458,erik4taylor@me.com,99311091/49284567,2023-10-14,standard,active,2025-06-09
CUST_000459,elijah40larsen@,+371450892038,2023-07-17,standard,active,2024-10-06
CUST_000460,sebastian.eriksen@telia.no,47 79 59 95,2024-01-07,standard,active,2025-06-11
CUST_000461,violet.olsen@online.no,+162050150,2024-02-18,basic,active,2024-11-14
CUST_000462,karidavis@fastmail.com,43342342,2024-06-27,standard,active,2025-06-05
CUST_000463,olivia.pettersen@mail.com,46153473,2024-06-10,standard,churned,2025-04-25
CUST_000464,lars.gundersen@fastmail.com,42338655,2024-01-18,premium,active,2025-06-19
CUST_000465,helenedavis@hotmail.com,31791,2024-10-13,standard,paused,2025-03-11
CUST_000466,marit48thompson@broadpark.no,92558777/99690333,2024-04-23,basic,active,2025-05-29
CUST_000467,leahsorensen@telenor.no,004742147853,2024-01-29,standard,churned,2024-08-27
CUST_000468,christopheroverland@live.no,15148,2024-03-17,premium,active,2025-01-04
CUST_000469,aidennilsen@outlook.com,45354443,2023-10-30,basic,paused,2025-04-01
CUST_000470,hilde.jones@fastmail.com,6333,2024-04-10,standard,churned,2024-08-06
CUST_000471,gretaoverland@protonmail.com,+4796377805,2024-11-05,basic,active,2025-06-24
CUST_000472,solveig29lund@protonmail.com,984-59-090,2023-03-09,basic,active,2024-09-27
CUST_000473,layla69jakobsen@outlook.com,+4791597412,2024-12-06,standard,active,2025-06-18
CUST_000474,liv_rodriguez@online.no,+4746433481,2024-04-22,standard,churned,2025-05-21
CUST_000475,zoe_jakobsen@yahoo.com,97163234/97299493,2024-03-23,premium,active,2025-04-07
CUST_000476,emma9karlsen@online.no,48597779/,2025-02-22,basic,active,2025-03-23
CUST_000477,arne_dahl@live.no,429-67-629,2024-12-15,premium,active,2025-06-07
CUST_000478,ryan.wilson@broadpark.no,4647681511,2024-03-22,premium,active,2024-09-09
CUST_000479,daniel.johannessen@hotmail.com,+47 417 65 636,2025-02-24,basic,active,2025-05-28
CUST_000480,bjorn63lee@online.no,48372742,2024-10-11,basic,churned,2025-05-25
CUST_000481,ethan_jones@get.no,44275230,2023-04-21,standard,active,2024-07-08
CUST_000482,sophia.wilson@me.com,970-90-063,2023-02-26,standard,active,2025-06-12
CUST_000483,oliviamoen@gmail.com,+4743122068,2024-12-03,standard,active,2025-05-09
CUST_000484,layla.jones@live.no,+4741552065,2025-04-18,basic,active,2025-06-13
CUST_000485,solveigandreassen@telia.no,43649718,2023-08-15,standard,active,2025-04-20
CUST_000486,astrid90jorgensen@telia.no,+3716838903091,2024-07-14,premium,active,2025-05-09
CUST_000487,isabella48larsen@yahoo.com,004742630397,2023-10-02,standard,active,2025-03-23
CUST_000488,marit67thompson@gmail.com,+88039685270,2025-01-18,standard,active,2025-06-14
CUST_000489,jonas.karlsen@hotmail.com,43816742,2023-10-17,basic,active,2025-05-10
CUST_000490,owen74dahl@icloud.com,+486896270661,2023-09-14,basic,churned,2025-01-03
CUST_000491,nora40sorensen@online.no,004798971527,2024-09-22,basic,active,2025-06-18
CUST_000492,audrey48martin@get.no,965-67-491,2024-05-19,basic,active,2024-08-11
CUST_000493,ariaeriksen@me.com,7050,2023-11-06,premium,active,2025-02-14
CUST_000494,violet_taylor@yahoo.com,40116691/,2024-03-13,basic,active,2025-05-21
CUST_000495,nora65moore@icloud.com,96119524/,2023-09-23,premium,active,2025-05-02
CUST_000496,daniel.johnson@gmail.com,2372,2024-03-23,basic,active,2025-06-06
CUST_000497,sebastian_larsen@get.no,004797912141,2024-06-06,basic,active,2025-04-29
CUST_000498,ingrid.hagen@online.no,44090138,2023-08-14,standard,churned,2024-11-17
CUST_000499,savannah44smith@me.com,95 53 56 69,2025-01-27,standard,active,2025-07-01
CUST_000500,violet_moore@live.no,48435797,2024-03-15,premium,active,2025-06-21
CUST_000501,dylan.johansen@telia.no,67164,2024-01-13,premium,active,2025-06-29
CUST_000502,adrian87pedersen@icloud.com,91783332,2023-09-19,premium,paused,2025-06-20
CUST_000503,alexander_gundersen@get.no,94 34 71 28,2023-12-25,standard,active,2025-01-11
CUST_000504,riley.miller@me.com,+49111593195,2024-11-15,standard,active,2025-06-27
CUST_000505,lucas25davis@broadpark.no,952-89-931,2024-05-27,standard,active,2025-04-14
CUST_000506,nathan88haugen@online.no,92095481,2024-08-03,premium,churned,2024-12-13
CUST_000507,adrian.jacobsen@get.no,20865,2024-05-11,standard,active,2024-09-24
CUST_000508,masonbrown@get.no,4648612590,2023-06-14,premium,active,2024-07-19
CUST_000509,aria57miller@yahoo.com,004743330591,2023-11-21,basic,active,2024-07-13
CUST_000510,daniel46larsen@outlook.com,41859626,2024-08-21,basic,active,2024-08-30
CUST_000511,hannah23moore@telenor.no,1178,2024-09-03,premium,churned,2024-09-18
CUST_000512,liv_lee@outlook.com,964-92-151,2023-10-23,standard,active,2024-07-07
CUST_000513,olivia69jakobsen@broadpark.no,43129208,2024-04-26,standard,active,2025-06-29
CUST_000514,kristian.berg@telia.no,90118458/46034084,2023-12-06,standard,active,2024-07-09
CUST_000515,lillian_brown@fastmail.com,4640303243,2023-01-03,premium,churned,2025-05-17
CUST_000516,ryan80jensen@get.no,94626714,2023-11-22,premium,active,2025-06-13
CUST_000517,kari_martin@icloud.com,4699892625,2022-09-19,standard,active,2025-06-22
CUST_000518,owen.andersen@icloud.com,+33016361128,2023-10-11,basic,churned,2024-07-26
CUST_000519,charlottebrown@protonmail.com,99102562/98896792,2024-08-12,premium,churned,2025-01-28
CUST_000520,evelynsorensen@telenor.no,93967275,2023-08-08,standard,active,2025-03-09
CUST_000521,brooklynjackson@fastmail.com,+4990148706,2023-11-22,premium,active,2024-08-28
CUST_000522,theodore.taylor@telia.no,493-06-853,2022-09-09,premium,churned,2025-03-12
CUST_000523,magnus_iversen@yahoo.com,45285067,2024-06-05,standard,active,2025-01-06
CUST_000524,freya.hagen@mail.com,004797443096,2024-09-07,basic,churned,2025-03-15
CUST_000525,jaxon.martinez@mail.com,49 75 45 10,2024-06-21,premium,active,2024-10-04
CUST_000526,liam_nilsen@live.no,46170243,2024-04-12,standard,active,2025-03-09
CUST_000527,henry.jones@me.com,+47 922 56 053,2024-11-30,basic,active,2025-05-23
CUST_000528,thomas_lee@protonmail.com,+46686211022,2024-06-24,basic,paused,2025-04-05
CUST_000529,zoey44larsen@telia.no,46744716/,2024-08-19,basic,paused,2025-04-27
CUST_000530,henry.hagen@icloud.com,004746371892,2024-09-27,premium,churned,2024-12-06
CUST_000531,ethanjensen@live.no,+4746093106,2024-05-20,basic,paused,2025-04-11
CUST_000532,aiden55haugen@protonmail.com,90414545,2023-10-25,basic,active,2025-06-29
CUST_000533,elijahhansen@gmail.com,+4797491624,2023-01-22,standard,active,2025-04-18
CUST_000534,charlotte_thomas@gmail.com,95 98 95 34,2024-09-12,standard,active,2025-06-29
CUST_000535,kari.lee@telenor.no,43711895/,2024-07-18,standard,paused,2025-06-06
CUST_000536,bella_martin@yahoo.com,+4798485571,2023-03-27,basic,churned,2024-07-19
CUST_000537,olivia_johnsen@telenor.no,004749036788,2022-12-01,basic,active,2024-08-12
CUST_000538,gabriel_jakobsen@telenor.no,42939087,2024-03-22,premium,churned,2025-06-03
CUST_000539,nathan.jackson@icloud.com,40834024,2023-03-01,basic,active,2025-06-04
CUST_000540,bellakristiansen@gmail.com,+34005342408,2023-12-07,premium,paused,2025-04-18
CUST_000541,alexander89martin@get.no,+332736527172,2024-04-19,basic,active,2024-11-17
CUST_000542,marit_jacobsen@gmail.com,99312163,2024-04-21,premium,active,2025-06-20
CUST_000543,lincoln.jensen@,96010023,2023-09-04,basic,active,2025-06-19
CUST_000544,liamnilsen@broadpark.no,4643279724,2024-07-01,basic,active,2025-06-23
CUST_000545,liv.andreassen@telia.no,41841862,2025-06-04,basic,active,2025-06-23
CUST_000546,evelyn_lund@telia.no,+449515109,2024-10-26,standard,churned,2025-06-08
CUST_000547,freyagundersen@yahoo.com,95147541/,2023-08-17,basic,paused,2025-04-09
CUST_000548,evelyn50jorgensen@yahoo.com,4691196421,2024-07-06,basic,active,2024-10-04
CUST_000549,lillian62johnson@live.no,92366878/,2024-03-03,standard,churned,2024-09-18
CUST_000550,isabella_davis@get.no,4643503058,2024-04-10,basic,active,2025-06-26
CUST_000551,elliewhite@mail.com,+47 486 33 302,2024-11-24,premium,paused,2025-06-13
CUST_000552,stella90martin@gmail.com,41 91 79 20,2024-10-29,basic,active,2025-06-13
CUST_000553,liam_miller@mail.com,04120,2023-05-07,basic,churned,2024-07-19
CUST_000554,aria55hansen@live.no,99843624/48623690,2024-09-06,basic,paused,2025-04-21
CUST_000555,magnus89andersen@mail.com,+47 966 20 563,2024-08-05,basic,active,2025-02-14
CUST_000556,addison_johansen@hotmail.com,41390438/40341990,2024-02-12,standard,active,2025-06-26
CUST_000557,logandahl@gmail.com,456-52-156,2023-04-16,standard,active,2025-06-16
CUST_000558,olav.sorensen@online.no,004742711332,2023-09-05,basic,churned,2024-07-09
CUST_000559,berithenriksen@online.no,004799606339,2024-01-13,basic,churned,2024-07-22
CUST_000560,charlottehansen@yahoo.com,47175242/44955112,2023-10-26,standard,active,2024-10-29
CUST_000561,gunnar.iversen@telia.no,90546692/,2024-04-30,standard,churned,2024-09-23
CUST_000562,isabella65taylor@live.no,004749038021,2024-07-24,basic,churned,2025-06-22
CUST_000563,riley.sorensen@mail.com,97 87 11 21,2023-03-17,standard,paused,2025-05-07
CUST_000564,sebastianjakobsen@protonmail.com,93 71 47 08,2024-10-22,standard,active,2025-05-28
CUST_000565,sigrid.olsen@telenor.no,42121,2024-08-03,basic,active,2024-09-17
CUST_000566,lincoln_berg@telia.no,46542356,2024-04-05,standard,paused,2025-03-23
CUST_000567,aria46moore@live.no,41992550,2024-10-26,standard,active,2024-11-05
CUST_000568,freya.moen@icloud.com,+47 479 10 336,2023-11-07,premium,active,2024-11-08
CUST_000569,aubrey.berg@hotmail.com,90 44 81 77,2024-05-16,standard,active,2024-08-22
CUST_000570,gunnar23henriksen@@outlook.com,48 92 86 64,2023-06-19,premium,paused,2025-05-07
CUST_000571,jonas.jacobsen@get.no,41096179,2023-03-01,basic,churned,2025-03-17
CUST_000572,bjorn_jacobsen@mail.com,+4798613715,2022-12-11,standard,active,2025-01-01
CUST_000573,isaachaugen@broadpark.no,+88058955296,2024-08-23,standard,active,2024-12-20
CUST_000574,kristian82gundersen@yahoo.com,4646582631,2023-10-26,basic,churned,2025-04-19
CUST_000575,natalie_thompson@telia.no,41 10 60 92,2025-03-13,premium,churned,2025-04-07
CUST_000576,stella_johansen@get.no,+47 923 34 383,2023-10-13,standard,paused,2025-05-29
CUST_000577,solveig_larsen@icloud.com,+46421175361,2024-03-30,basic,active,2025-06-24
CUST_000578,kari88andersen@hotmail.com,972-24-029,2023-12-27,basic,active,2025-03-19
CUST_000579,maverick.martinez@telenor.no,91390808,2024-03-17,basic,active,2025-04-18
CUST_000580,jack_johansen@protonmail.com,44473158,2023-12-11,standard,paused,2025-03-20
CUST_000581,adrian_gundersen@broadpark.no,004743461994,2024-10-14,basic,paused,2025-04-30
CUST_000582,joshuaiversen@live.no,49 66 39 55,2023-04-14,basic,active,2025-06-15
CUST_000583,theodorejohannessen@telenor.no,96012562/,2024-06-17,basic,active,2025-03-16
CUST_000584,evelyn.white@protonmail.com,45 37 95 38,2025-01-16,basic,churned,2025-06-04
CUST_000585,alexander.garcia@,+484611729,2024-07-04,standard,active,2025-06-27
CUST_000586,olivia.anderson@me.com,+47 926 08 805,2023-12-17,basic,churned,2025-05-09
CUST_000587,gretadahl@icloud.com,485-79-064,2023-11-07,standard,churned,2025-01-30
CUST_000588,isaac_martinez@outlook.com,42156321,2024-09-26,standard,churned,2025-03-07
CUST_000589,samuelolsen@outlook.com,95964229,2024-04-18,basic,active,2025-05-11
CUST_000590,zoe.wilson@online.no,49774573/44415833,2023-11-08,basic,churned,2025-06-30
CUST_000591,bjorn_berg@online.no,+47 453 98 854,2023-10-28,premium,active,2025-06-29
CUST_000592,riley_halvorsen@live.no,2711,2024-08-23,standard,active,2025-04-29
CUST_000593,aurorathomas@broadpark.no,004748156326,2024-03-23,standard,active,2025-06-24
CUST_000594,lily7halvorsen@outlook.com,4693436294,2024-03-06,standard,churned,2025-03-08
CUST_000595,marit.hagen@outlook.com,49431814,2024-09-01,premium,paused,2025-04-01
CUST_000596,anthony_jakobsen@live.no,4697323549,2024-07-26,basic,active,2025-05-16
CUST_000597,svenmartinez@online.no,4642512257,2024-11-02,basic,paused,2025-05-02
CUST_000598,leahhenriksen@gmail.com,40957907,2023-05-17,standard,active,2025-06-18
CUST_000599,olivia_miller@telia.no,42114577/98474570,2023-07-08,basic,paused,2025-05-20
CUST_000600,brooklyn77white@telia.no,98026325,2024-03-26,basic,churned,2024-08-25
CUST_000601,ellie_berg@get.no,448-78-245,2023-04-28,standard,churned,2024-11-12
CUST_000602,caleberiksen@gmail.com,46795410/,2024-03-25,premium,active,2024-07-12
CUST_000603,michael_brown@icloud.com,004794140703,2024-07-28,premium,active,2025-06-24
CUST_000604,caleb.hansen@live.no,92548821,2023-10-24,basic,paused,2025-06-06
CUST_000605,joshuadavis@fastmail.com,+4747536661,2023-04-21,basic,churned,2025-04-20
CUST_000606,joshua_taylor@fastmail.com,+49978266128,2024-04-29,standard,churned,2024-10-01
CUST_000607,jaxon60lund@live.no,908-06-129,2023-04-02,basic,churned,2025-01-27
CUST_000608,larsjones@fastmail.com,92607870,2024-12-26,basic,churned,2025-04-16
CUST_000609,charlottejacobsen@telenor.no,49803828,2023-10-01,standard,active,2025-05-05
CUST_000610,jonaskarlsen@icloud.com,4647931102,2024-01-15,basic,churned,2025-06-05
CUST_000611,alexander65smith@gmail.com,414-67-238,2024-08-11,premium,paused,2025-05-06
CUST_000612,solveig_martinez@outlook.com,+484419754661,2024-04-16,standard,active,2025-06-27
CUST_000613,violet.kristiansen@telenor.no,90970527/,2023-05-05,standard,active,2025-06-29
CUST_000614,andrew_williams@mail.com,98 12 25 95,2024-04-19,basic,active,2025-01-04
CUST_000615,natalie83andersen@fastmail.com,992-98-842,2023-11-05,premium,churned,2025-04-13
CUST_000616,anthony_andersen@gmail.com,+4741775331,2023-04-12,basic,paused,2025-03-09
CUST_000617,gabriel.thompson@live.no,91017590/,2023-03-07,standard,active,2024-09-28
CUST_000618,jacob_wilson@telenor.no,+4797743326,2023-07-23,basic,active,2025-06-21
CUST_000619,bjorn_nilsen@hotmail.com,96981528,2024-03-27,basic,churned,2024-07-20
CUST_000620,andrew_lund@telenor.no,11730,2024-01-17,standard,active,2025-05-30
CUST_000621,nora.sorensen@get.no,91893898,2024-07-12,premium,active,2025-06-22
CUST_000622,aurora.johannessen@telia.no,94 35 02 38,2023-07-20,standard,paused,2025-04-08
CUST_000623,lucas.hagen@online.no,46 99 18 72,2024-08-05,basic,active,2025-06-24
CUST_000624,audrey45haugen@telia.no,+47 930 00 389,2023-06-02,premium,paused,2025-03-29
CUST_000625,olivia7garcia@online.no,9553,2024-06-25,basic,active,2025-06-12
CUST_000626,olav.hansen@hotmail.com,05593,2022-08-11,basic,churned,2025-04-08
CUST_000627,ethanthomas@outlook.com,47537458/93845881,2025-01-31,standard,paused,2025-04-13
CUST_000628,savannah_andreassen@outlook.com,44831520/47710704,2024-07-31,standard,active,2025-07-01
CUST_000629,ryan.martinez@live.no,970-33-626,2024-03-04,premium,active,2025-06-23
CUST_000630,gunnarlund@fastmail.com,004740596601,2024-02-19,premium,paused,2025-05-26
CUST_000631,bellaoverland@live.no,97320441,2022-08-03,premium,churned,2025-04-19
CUST_000632,natalieolsen@telenor.no,004799014954,2023-06-16,standard,active,2025-06-24
CUST_000633,liam46overland@gmail.com,+447244472,2024-09-01,basic,active,2025-06-28
CUST_000634,amelia24anderson@gmail.com,90830440/,2023-11-21,standard,churned,2024-12-03
CUST_000635,aubrey65nilsen@outlook.com,43359561,2023-12-19,basic,active,2025-06-26
CUST_000636,magnushalvorsen@protonmail.com,+47 990 25 042,2023-03-25,basic,active,2025-05-28
CUST_000637,theodorejackson@me.com,+4799026113,2024-02-11,standard,churned,2024-08-31
CUST_000638,bella.martin@outlook.com,98875439/,2024-07-23,basic,active,2025-05-25
CUST_000639,aiden.overland@protonmail.com,4647651588,2025-01-04,standard,churned,2025-01-25
CUST_000640,thomas_haugen@telenor.no,1668,2022-10-27,standard,churned,2024-12-22
CUST_000641,henry.overland@gmail.com,987-12-060,2023-11-12,basic,active,2024-09-16
CUST_000642,andrew_jensen@live.no,4691559991,2022-09-10,basic,active,2025-03-06
CUST_000643,zoe95wilson@online.no,004792298120,2024-01-23,standard,paused,2025-04-09
CUST_000644,violet_sorensen@protonmail.com,91347509/94565220,2023-07-23,premium,paused,2025-06-05
CUST_000645,joshuabrown@icloud.com,94214477,2024-09-03,basic,active,2025-02-14
CUST_000646,anne#nilsen@fastmail.com,40908830/90534967,2024-03-11,standard,active,2025-06-20
CUST_000647,ragna56kristiansen@online.no,004742415131,2024-07-04,standard,active,2025-03-05
CUST_000648,kari.lee@broadpark.no,4690618538,2023-12-04,premium,active,2025-06-28
CUST_000649,jacob_davis@live.no,004792727423,2023-12-24,basic,churned,2024-12-14
CUST_000650,emma_gundersen@outlook.com,4640649693,2023-12-22,standard,churned,2024-12-31
CUST_000651,hannah38haugen@fastmail.com,+47 995 87 413,2024-11-28,premium,paused,2025-05-26
CUST_000652,thomas32iversen@protonmail.com,47515627,2023-06-25,standard,churned,2024-12-03
CUST_000653,noah_jacobsen@icloud.com,66404,2024-04-03,basic,active,2025-06-27
CUST_000654,christopher_moen@,+4749952980,2023-01-18,basic,active,2025-06-19
CUST_000655,ragna.henriksen@fastmail.com,+142556383,2023-02-07,basic,active,2025-06-23
CUST_000656,nataliejohnson@gmail.com,004743304166,2024-11-11,premium,active,2025-06-30
CUST_000657,mason91williams@get.no,48921963,2023-07-04,basic,active,2024-08-24
CUST_000658,harald36johansen@icloud.com,+4744976461,2024-09-04,standard,churned,2025-05-26
CUST_000659,sven32jones@broadpark.no,96581739,2022-11-21,standard,paused,2025-06-02
CUST_000660,christopher.halvorsen@online.no,+4812697893,2025-01-25,standard,active,2025-02-24
CUST_000661,luke42karlsen@gmail.com,93878753,2024-07-06,premium,churned,2025-02-20
CUST_000662,alexander10gundersen@get.no,42812371,2025-02-22,standard,churned,2025-04-25
CUST_000663,savannah71jensen@get.no,441-64-485,2024-01-07,standard,churned,2025-01-20
CUST_000664,nathanbrown@telia.no,97735228/90562271,2022-09-14,basic,active,2025-06-05
CUST_000665,livnilsen@broadpark.no,49792158,2023-05-04,standard,churned,2025-06-07
CUST_000666,ryanjacobsen@mail.com,94 88 31 92,2024-12-07,basic,active,2025-06-01
CUST_000667,sigrid67nilsen@yahoo.com,99 73 20 33,2024-12-19,premium,active,2025-06-07
CUST_000668,aurora.hansen@protonmail.com,96754813,2024-02-15,standard,paused,2025-05-13
CUST_000669,ragnasmith@protonmail.com,49324268/97418652,2025-03-18,standard,active,2025-04-07
CUST_000670,jack25martinez@broadpark.no,40 37 58 30,2024-01-28,standard,active,2025-01-05
CUST_000671,norawilliams@fastmail.com,97604409,2023-07-13,premium,churned,2024-08-13
CUST_000672,savannah.pettersen@online.no,90922216,2023-07-02,basic,active,2024-07-23
CUST_000673,ragnalarsen@protonmail.com,+4745529580,2023-02-06,standard,active,2025-06-30
CUST_000674,penelopethompson@broadpark.no,47049386,2024-10-09,premium,active,2025-03-28
CUST_000675,einar44lund@outlook.com,49711121/,2024-09-30,premium,churned,2025-01-06
CUST_000676,liam48berg@telia.no,44324064,2024-10-05,basic,churned,2025-06-03
CUST_000677,penelope_andreassen@fastmail.com,004797417595,2024-06-22,premium,churned,2025-01-05
CUST_000678,ava_davis@live.no,4695435884,2024-12-19,premium,active,2025-04-05
CUST_000679,jaxon_johannessen@gmail.com,+47 479 55 969,2023-04-10,standard,paused,2025-06-18
CUST_000680,kari_lund@mail.com,955-12-542,2024-04-14,basic,paused,2025-06-29
CUST_000681,hazel76martinez@online.no,4697345957,2023-11-21,basic,active,2025-05-16
CUST_000682,alexander35moen@live.no,42824983/,2023-01-16,standard,paused,2025-06-14
CUST_000683,harper.thomas@protonmail.com,004745762702,2024-09-19,basic,active,2025-04-22
CUST_000684,henry27hagen@mail.com,42850725,2024-12-10,standard,paused,2025-05-12
CUST_000685,sven61berg@fastmail.com,+47 416 25 265,2023-04-14,premium,paused,2025-03-12
CUST_000686,leah.rodriguez@live.no,99 03 92 35,2024-06-14,standard,active,2024-12-14
CUST_000687,marit_haugen@yahoo.com,44615626,2024-10-26,basic,active,2024-12-25
CUST_000688,samuel21moen@yahoo.com,+4498670766,2023-09-03,basic,active,2025-01-28
CUST_000689,jonaskristiansen@telenor.no,12059,2024-08-13,standard,churned,2024-09-02
CUST_000690,sophia.overland@icloud.com,+47 950 95 465,2023-11-24,premium,active,2025-04-10
CUST_000691,nathan3lund@live.no,90 91 50 86,2024-08-18,basic,churned,2025-06-13
CUST_000692,jonasjohnson@live.no,+47 489 70 155,2025-02-23,premium,paused,2025-04-11
CUST_000693,charlotte.sorensen@broadpark.no,96 60 24 16,2022-12-17,basic,churned,2025-05-24
CUST_000694,helene.williams@broadpark.no,93 64 24 80,2024-01-15,basic,paused,2025-05-26
CUST_000695,lily.hansen@live.no,3053,2025-01-19,basic,paused,2025-04-01
CUST_000696,magnusoverland@telenor.no,97805555/92773826,2024-08-14,basic,churned,2025-02-21
CUST_000697,kari.johnson@broadpark.no,+4794457702,2023-12-31,basic,churned,2025-05-07
CUST_000698,thomasthompson@gmail.com,93682691/46331942,2023-05-27,premium,paused,2025-03-29
CUST_000699,anthony_garcia@live.no,955-15-888,2024-05-28,standard,churned,2024-11-07
CUST_000700,christopher23johnsen@fastmail.com,004748572169,2023-12-10,standard,active,2025-05-08
CUST_000701,noah.martinez@hotmail.com,90593297/,2023-11-16,standard,active,2024-08-14
CUST_000702,theodore21eriksen@mail.com,42 73 52 41,2023-04-19,basic,churned,2024-11-28
CUST_000703,tor_rodriguez@online.no,+47 495 23 710,2023-09-23,premium,paused,2025-05-10
CUST_000704,brooklyn.smith@mail.com,04605,2024-05-24,standard,churned,2024-08-26
CUST_000705,ethan.nilsen@yahoo.com,4645652373,2024-08-09,standard,churned,2024-08-11
CUST_000706,ragnajohnson@me.com,97 57 49 49,2025-02-28,basic,active,2025-04-29
CUST_000707,rileyhalvorsen@telenor.no,004749477422,2024-10-30,basic,active,2025-02-10
CUST_000708,aidenjohansen@mail.com,44588679,2023-04-11,standard,churned,2025-04-28
CUST_000709,lillian49brown@protonmail.com,+4443324913,2024-06-17,standard,churned,2025-03-27
CUST_000710,harald_brown@fastmail.com,46 15 81 48,2022-12-25,premium,churned,2025-03-05
CUST_000711,christopher_miller@broadpark.no,004743372094,2024-02-20,basic,paused,2025-06-07
CUST_000712,perandersen@fastmail.com,43399771,2024-03-01,basic,active,2025-06-28
CUST_000713,maverick11kristian#sen@online.no,49749096/,2023-06-01,basic,paused,2025-03-10
CUST_000714,hazel25white@telia.no,96947258,2024-04-04,basic,churned,2025-04-24
CUST_000715,owenhenriksen@icloud.com,+4821641758,2023-07-14,basic,paused,2025-06-18
CUST_000716,gunnarhaugen@hotmail.com,91 49 39 25,2024-10-22,premium,active,2025-06-07
CUST_000717,helene42thomas@yahoo.com,+34557469660,2023-09-11,standard,active,2024-10-04
CUST_000718,maritjensen@online.no,43445056,2023-08-15,standard,churned,2024-12-21
CUST_000719,jackmartinez@broadpark.no,43257970,2023-08-24,standard,paused,2025-03-07
CUST_000720,ragna36johnson@hotmail.com,40548574,2024-11-30,basic,paused,2025-06-22
CUST_000721,dylan_white@get.no,99381735,2024-02-06,premium,churned,2025-04-25
CUST_000722,nathan.moore@gmail.com,55344,2024-01-16,basic,active,2025-06-21
CUST_000723,zoe.gundersen@live.no,48509608/98749511,2024-02-11,standard,paused,2025-06-17
CUST_000724,bella.johnsen@me.com,99316477/,2023-04-26,premium,active,2025-04-23
CUST_000725,henry44anderson@telenor.no,90694096/40356243,2024-01-29,premium,active,2024-07-19
CUST_000726,bjorneriksen@me.com,4643234210,2024-03-03,basic,paused,2025-06-15
CUST_000727,mateolund@outlook.com,+4743426433,2023-09-02,basic,active,2024-12-02
CUST_000728,stella_johansen@online.no,477-63-369,2023-07-22,basic,active,2025-06-29
CUST_000729,anneberg@outlook.com,4696331857,2024-08-14,basic,active,2025-07-01
CUST_000730,stellamoen@live.no,91 64 31 67,2025-04-08,basic,paused,2025-04-10
CUST_000731,dylan_olsen@yahoo.com,42822700/,2024-01-21,basic,paused,2025-04-08
CUST_000732,nathan_halvorsen@telenor.no,428-22-512,2025-03-09,basic,active,2025-03-27
CUST_000733,samuel.martinez@protonmail.com,47 02 60 86,2023-09-11,premium,churned,2025-06-19
CUST_000734,liam.lund@fastmail.com,417-76-872,2023-06-06,premium,active,2025-03-03
CUST_000735,aurorajohannessen@yahoo.com,47793238/,2024-11-13,basic,active,2025-06-20
CUST_000736,charlotte.jackson@live.no,+4744245798,2024-03-14,basic,paused,2025-03-08
CUST_000737,harper_jorgensen@live.no,46032020/,2023-06-30,basic,active,2024-10-12
CUST_000738,liammiller@online.no,+4797379487,2024-11-23,basic,churned,2024-12-10
CUST_000739,henry63johannessen@protonmail.com,+37013711842,2023-05-17,basic,active,2024-08-14
CUST_000740,isabella_williams@yahoo.com,40358929,2023-06-02,standard,active,2025-02-22
CUST_000741,aidenmoore@broadpark.no,42932896,2023-06-04,basic,active,2024-10-19
CUST_000742,gabriel61brown@live.no,44 01 48 43,2023-03-08,premium,churned,2025-03-03
CUST_000743,anne19moen@yahoo.com,46266933,2023-07-01,basic,active,2025-04-15
CUST_000744,anthony_kristiansen@get.no,+4792450184,2024-03-09,premium,churned,2024-12-05
CUST_000745,solveig16iversen@icloud.com,45406417,2024-05-09,basic,paused,2025-04-04
CUST_000746,savannah.thompson@icloud.com,93766014,2023-06-22,premium,active,2025-02-10
CUST_000747,theodorehenriksen@live.no,40 17 39 73,2024-01-24,premium,active,2025-06-19
CUST_000748,ragna78johnson@broadpark.no,90919191/,2024-11-24,premium,active,2025-02-17
CUST_000749,freya78jackson@fastmail.com,457-79-806,2023-07-24,premium,paused,2025-03-24
CUST_000750,joshua_thomas@fastmail.com,40514607/,2023-06-14,basic,active,2025-03-18
CUST_000751,owenandreassen@online.no,+47 923 88 565,2023-08-25,basic,churned,2024-10-14
CUST_000752,andrew_martinez@broadpark.no,91 16 59 72,2023-09-16,basic,active,2024-10-05
CUST_000753,luke_iversen@fastmail.com,90139488,2024-07-21,standard,churned,2025-04-13
CUST_000754,sven.andersen@hotmail.com,4694258562,2023-03-11,basic,paused,2025-03-19
CUST_000755,nathanmartinez@telenor.no,+4790382407,2024-09-03,premium,active,2025-06-03
CUST_000756,hazel_anderson@me.com,93097768,2024-02-21,standard,active,2024-11-16
CUST_000757,brooklyn81davis@live.no,4695465535,2024-02-28,basic,paused,2025-06-14
CUST_000758,dylan_moore@hotmail.com,98519358,2023-07-15,basic,active,2025-02-18
CUST_000759,sophia57overland@telenor.no,91208780/,2023-04-17,standard,paused,2025-06-13
CUST_000760,miataylor@,004749762637,2024-07-13,premium,paused,2025-05-24
CUST_000761,addison66haugen@telenor.no,90905911,2024-01-08,standard,active,2025-06-05
CUST_000762,owen_rodriguez@me.com,47151169,2023-11-03,premium,active,2024-09-27
CUST_000763,sven_smith@yahoo.com,95264712,2024-08-11,basic,active,2025-02-09
CUST_000764,jonas.pedersen@protonmail.com,90908051/40800564,2025-03-14,standard,churned,2025-06-23
CUST_000765,chloe80eriksen@telia.no,45129592,2023-04-23,premium,paused,2025-06-09
CUST_000766,audrey.karlsen@mail.com,48144152/,2024-01-25,basic,active,2024-11-14
CUST_000767,magnus44karlsen@telenor.no,+4673605079,2024-12-11,standard,active,2025-01-06
CUST_000768,lincoln90miller@,+16170715879,2024-05-30,standard,paused,2025-05-26
CUST_000769,berit.taylor@get.no,+4744998250,2024-03-03,basic,active,2024-11-15
CUST_000770,andrew88jones@gmail.com,4648503172,2023-04-22,premium,active,2025-06-20
CUST_000771,layla.johnson@hotmail.com,93140352,2022-10-13,basic,active,2024-12-22
CUST_000772,michaelkarlsen@telenor.no,934-60-666,2024-07-31,basic,paused,2025-04-30
CUST_000773,nora81rodriguez@gmail.com,92311127,2025-01-16,standard,active,2025-06-01
CUST_000774,tor89jackson@fastmail.com,004794941163,2023-01-18,standard,churned,2025-04-26
CUST_000775,ava.smith@online.no,+4746211369,2024-06-09,premium,active,2024-08-03
CUST_000776,berit_olsen@telia.no,5730,2024-05-29,basic,active,2025-06-28
CUST_000777,henry43wilson@hotmail.com,91398482,2024-11-01,standard,active,2025-06-21
CUST_000778,mia.moen@broadpark.no,45502130/,2024-06-04,standard,active,2024-08-10
CUST_000779,ethan.haugen@me.com,40796496/,2024-04-25,premium,active,2024-07-30
CUST_000780,nora59lund@telia.no,98532426,2022-07-30,basic,active,2025-06-25
CUST_000781,hannah59karlsen@gmail.com,4646253666,2024-04-18,standard,active,2024-09-06
CUST_000782,ellie86henriksen@protonmail.com,43339395,2023-04-11,standard,paused,2025-03-22
CUST_000783,zoe_halvorsen@telia.no,471-87-496,2025-02-05,basic,active,2025-05-06
CUST_000784,gabriel24brown@live.no,46924926,2024-02-04,basic,active,2024-10-13
CUST_000785,jaxon_hagen@mail.com,0005,2023-06-11,standard,active,2025-06-08
CUST_000786,jackdahl@mail.com,99775244/,2024-12-09,standard,active,2025-06-07
CUST_000787,thomas80kristiansen@broadpark.no,94312710,2024-11-08,standard,churned,2025-06-10
CUST_000788,beritjohansen@telenor.no,+47 470 79 551,2023-04-30,basic,active,2025-05-09
CUST_000789,hannah.taylor@live.no,25438,2024-07-30,standard,active,2024-10-13
CUST_000790,daniellarsen@telia.no,004796504715,2024-02-20,basic,churned,2025-04-19
CUST_000791,olivia26dahl@live.no,904-65-586,2024-05-20,standard,active,2025-01-30
CUST_000792,samuelgarcia@hotmail.com,004747158102,2023-07-31,basic,active,2025-06-29
CUST_000793,isaac_andersenyahoo.com,40591297,2023-12-27,standard,paused,2025-06-18
CUST_000794,helene_kristiansen@gmail.com,+4742110633,2025-02-06,basic,active,2025-02-11
CUST_000795,lincoln26eriksen@online.no,47490728/,2025-05-07,basic,active,2025-05-31
CUST_000796,kristian.eriksen@get.no,+4745326949,2024-05-17,premium,active,2025-05-21
CUST_000797,nora.lund@get.no,+8801701595919,2024-08-10,standard,active,2025-01-27
CUST_000798,maverick39halvorsen@online.no,43 92 05 67,2023-05-08,standard,active,2024-09-06
CUST_000799,christopher95karlsen@yahoo.com,425-62-650,2024-05-04,premium,active,2025-05-11
CUST_000800,henry3berg@outlook.com,+47 445 30 762,2024-07-17,standard,active,2025-06-05
CUST_000801,savannah64rodriguez@get.no,470-51-157,2024-01-13,basic,active,2024-11-08
CUST_000802,thomas_johnson@gmail.com,99 69 19 28,2024-07-29,premium,active,2025-05-25
CUST_000803,sigrid3smith@outlook.com,93 35 35 74,2024-02-18,standard,active,2025-06-09
CUST_000804,dylan_wilson@telenor.no,+4799705816,2023-09-22,premium,active,2025-06-23
CUST_000805,savannahoverland@telenor.no,96342507,2024-08-20,premium,active,2025-03-18
CUST_000806,larssmith@broadpark.no,95 98 33 99,2024-11-21,premium,active,2025-05-15
CUST_000807,audrey49jacobsen@hotmail.com,4644432400,2023-12-12,premium,active,2025-06-26
CUST_000808,jaxon19white@fastmail.com,+48397429250,2024-11-18,standard,churned,2025-01-20
CUST_000809,lillian.martin@live.no,+448027112,2024-10-26,standard,active,2025-06-12
CUST_000810,anne.halvorsen@protonmail.com,917-68-086,2023-12-19,standard,paused,2025-06-12
CUST_000811,claire27pedersen@mail.com,44330800,2023-12-18,premium,active,2024-12-23
CUST_000812,elijah_haugen@me.com,95660847,2025-03-22,premium,paused,2025-05-09
CUST_000813,claire.andersen@gmail.com,+4749705195,2024-03-19,basic,active,2025-06-08
CUST_000814,bellahansen@fastmail.com,004798623945,2024-09-22,basic,active,2025-06-21
CUST_000815,eleanor58iversen@gmail.com,+4741061339,2023-10-05,basic,paused,2025-04-06
CUST_000816,jackdavis@mail.com,+47 439 43 804,2025-04-17,basic,active,2025-05-17
CUST_000817,greta42sorensen@get.no,477-89-431,2024-01-06,basic,active,2025-06-18
CUST_000818,liamandreassen@fastmail.com,+47 992 10 533,2022-12-02,premium,active,2025-06-27
CUST_000819,thomas.anderson@gmail.com,92473107,2024-10-08,basic,active,2025-05-19
CUST_000820,ingridmoore@broadpark.no,91231660,2025-02-25,standard,active,2025-03-04
CUST_000821,kristianolsen@telia.no,4697340433,2023-11-12,basic,churned,2025-04-20
CUST_000822,joshua_garcia@get.no,4644519577,2024-02-25,standard,churned,2025-01-18
CUST_000823,dylan45lee@telia.no,95754278,2024-05-19,standard,active,2025-01-09
CUST_000824,jacob46henriksen@fastmail.com,+47 405 82 958,2023-12-26,premium,active,2025-06-04
CUST_000825,liv.jakobsen@outlook.com,48190482/45715586,2024-03-10,standard,active,2025-01-27
CUST_000826,zoe_moore@me.com,+49364381300,2025-03-07,basic,active,2025-05-05
CUST_000827,mason.andersen@icloud.com,960-94-565,2024-09-14,standard,churned,2024-10-11
CUST_000828,helene87davisgmail.com,+47 950 47 681,2024-05-11,premium,churned,2024-07-25
CUST_000829,noah.sorensen@gmail.com,+47 981 13 176,2023-09-23,basic,churned,2025-03-16
CUST_000830,dylan91dahl@broadpark.no,+4791029087,2025-01-12,basic,active,2025-02-02
CUST_000831,sigrid.sorensen@me.com,004748727420,2024-07-24,standard,active,2025-06-21
CUST_000832,michael62andersen@hotmail.com,+4746260423,2024-06-26,premium,churned,2024-12-06
CUST_000833,arne.iversen@me.com,42299077,2024-06-12,premium,active,2025-06-20
CUST_000834,lincoln.moore@protonmail.com,904-68-611,2024-12-23,premium,active,2025-01-15
CUST_000835,owen_jensen@outlook.com,43785847,2025-01-15,premium,active,2025-02-08
CUST_000836,elijahhaugen@hotmail.com,90508018,2023-12-01,standard,churned,2025-06-14
CUST_000837,lillian_hagen@mail.com,+4797731268,2023-12-25,standard,active,2025-05-06
CUST_000838,harper.williams@@yahoo.com,49236534/90605603,2023-11-26,standard,active,2024-07-31
CUST_000839,riley17lee@fastmail.com,92398471/,2024-05-05,basic,active,2025-06-23
CUST_000840,,004794754895,2023-03-14,standard,churned,2025-01-22
CUST_000841,aurora89henriksen@outlook.com,44 44 49 83,2024-07-11,standard,active,2025-05-26
CUST_000842,caleb43eriksen@mail.com,004799639243,2023-11-14,standard,paused,2025-04-23
CUST_000843,claire_jorgensen@hotmail.com,93395275,2024-08-20,standard,paused,2025-05-28
CUST_000844,sigrid_overland@broadpark.no,004744168601,2024-09-27,basic,churned,2024-11-12
CUST_000845,theodoremiller@live.no,97917665,2024-11-22,basic,active,2025-01-25
CUST_000846,sophiaolsen@mail.com,92163090,2025-04-25,standard,churned,2025-05-15
CUST_000847,zoeyhaugen@hotmail.com,93208953/46389021,2024-02-07,premium,active,2024-12-02
CUST_000848,charlotte_hagen@mail.com,+4799223410,2024-08-25,basic,active,2024-09-10
CUST_000849,jack11haugen@outlook.com,4697269608,2023-09-08,basic,paused,2025-04-30
CUST_000850,joshua.brown@protonmail.com,+47 979 35 219,2023-06-28,premium,active,2025-05-23
CUST_000851,layla46berg@protonmail.com,004744369709,2024-08-21,premium,active,2024-08-28
CUST_000852,gabriel47miller@protonmail.com,96761645,2024-08-31,standard,active,2024-11-23
CUST_000853,daniel_haugen@mail.com,95031219,2023-11-07,basic,active,2025-06-23
CUST_000854,nora_iversen@yahoo.com,923-64-281,2024-08-29,basic,churned,2025-04-09
CUST_000855,hilde71pettersen@icloud.com,430-39-111,2024-08-06,basic,churned,2025-05-03
CUST_000856,claire_thompson@protonmail.com,43052480,2024-03-24,basic,active,2025-06-07
CUST_000857,sophia_smith@yahoo.com,99473721/,2023-10-24,basic,churned,2025-03-12
CUST_000858,miasorensen@yahoo.com,+47 968 86 878,2024-06-19,premium,churned,2024-09-07
CUST_000859,anne_johannessen@broadpark.no,92031954/49666450,2024-07-10,basic,paused,2025-06-29
CUST_000860,jack_gundersen@me.com,+47 446 32 037,2024-08-16,standard,active,2024-09-29
CUST_000861,layla.overland@yahoo.com,+4741450576,2023-04-29,standard,active,2025-03-18
CUST_000862,theodore6garcia@online.no,95348201,2024-10-30,premium,churned,2025-06-28
CUST_000863,theodoreberg@telia.no,96597595,2024-07-27,basic,churned,2024-08-21
CUST_000864,gunnar.johnson@live.no,+339646300,2024-07-17,basic,active,2024-08-10
CUST_000865,penelope20moen@me.com,93012047/43727117,2023-07-25,standard,churned,2024-09-24
CUST_000866,aurorajohannessen@telenor.no,+336745847,2022-11-28,standard,active,2025-01-20
CUST_000867,nora_nilsen@mail.com,66954,2024-12-30,basic,churned,2025-02-28
CUST_000868,lillian52larsen@live.no,97055143,2024-04-02,standard,active,2025-05-23
CUST_000869,joshua_hagen@icloud.com,49 59 61 11,2024-12-28,premium,active,2025-05-14
CUST_000870,leah_johnson@fastmail.com,47202455,2023-12-01,basic,active,2025-05-29
CUST_000871,addison.nilsen@gmail.com,43267149,2024-07-24,standard,active,2025-04-15
CUST_000872,mia_overland@telenor.no,+467584466345,2024-09-12,standard,active,2025-06-15
CUST_000873,isabella_larsen@telenor.no,92214559,2024-08-24,standard,active,2024-12-02
CUST_000874,maritthomas@telia.no,4647052635,2025-01-16,basic,active,2025-02-07
CUST_000875,jaxonthomas@live.no,+47 456 59 202,2023-01-10,standard,active,2024-10-09
CUST_000876,evelyn_olsen@fastmail.com,94326005/99550178,2024-09-18,basic,active,2025-02-24
CUST_000877,natalie_brown@telenor.no,479-84-870,2024-07-28,basic,active,2025-06-24
CUST_000878,thomas_overland@fastmail.com,47 44 03 94,2024-05-27,basic,churned,2025-06-03
CUST_000879,christopher1hagen@live.no,44886084,2023-09-05,premium,active,2024-08-07
CUST_000880,jackjones@telia.no,6153,2023-01-25,basic,active,2025-06-01
CUST_000881,danielthomas@icloud.com,463-25-144,2022-08-13,premium,churned,2025-02-22
CUST_000882,michael_kristiansen@mail.com,92175188,2024-04-15,basic,churned,2024-11-11
CUST_000883,isabellalund@me.com,93840911,2024-10-17,standard,active,2025-05-18
CUST_000884,annewilson@protonmail.com,918-63-239,2023-12-22,premium,churned,2025-02-27
CUST_000885,harald85haugen@mail.com,96553007/40950556,2023-09-22,basic,active,2024-12-12
CUST_000886,jacob.nilsen@telenor.no,47788519/,2023-07-26,premium,active,2025-05-29
CUST_000887,bella.gundersen@icloud.com,92462456,2022-11-02,standard,active,2025-06-24
CUST_000888,caleb.lee@icloud.com,95212899,2023-06-12,standard,active,2025-06-27
CUST_000889,berit_henriksen@protonmail.com,49130448/,2023-09-18,basic,paused,2025-04-22
CUST_000890,kristianmoore@broadpark.no,90461540,2024-11-07,basic,churned,2025-05-01
CUST_000891,elijah47smith@me.com,44298315/42910732,2024-10-12,premium,churned,2025-05-10
CUST_000892,emma_taylor@broadpark.no,+47 406 39 638,2024-07-23,basic,active,2024-08-07
CUST_000893,eleanor.andreassen@hotmail.com,4694970169,2024-09-26,basic,paused,2025-06-15
CUST_000894,kristian.pettersen@mail.com,+4641903106,2024-12-03,basic,active,2025-06-08
CUST_000895,gretaanderson@me.com,96 84 73 23,2024-05-30,basic,paused,2025-03-14
CUST_000896,solveighagen@online.no,440-67-200,2023-09-24,standard,active,2025-05-22
CUST_000897,ameliajacobsen@yahoo.com,90781975,2024-07-17,basic,active,2025-05-04
CUST_000898,ryan_smith@live.no,+47 472 03 763,2022-10-15,standard,churned,2025-01-18
CUST_000899,ameliaandreassen@get.no,4644846019,2023-01-04,basic,active,2025-03-31
CUST_000900,owen_thompson@telia.no,+371073214644,2024-01-28,premium,active,2025-04-20
CUST_000901,stella_smith@telenor.no,45 57 38 57,2024-09-01,standard,active,2025-06-30
CUST_000902,sigrid.jensen@hotmail.com,+4796811872,2024-09-05,basic,active,2025-04-20
CUST_000903,ava76johannessen@gmail.com,99731539,2024-11-22,basic,churned,2024-11-30
CUST_000904,elijah_smith@get.no,+37194065578,2023-11-07,basic,paused,2025-06-19
CUST_000905,karimiller@gmail.com,+4742302333,2024-11-10,standard,active,2024-12-06
CUST_000906,jacob_olsen@outlook.com,96 21 27 60,2024-10-10,basic,churned,2025-05-09
CUST_000907,alexander_pedersen@me.com,46163248,2023-10-23,premium,churned,2024-10-16
CUST_000908,christopher_johnsen@mail.com,+47 929 74 549,2024-09-10,premium,paused,2025-03-17
CUST_000909,olivia38eriksen@live.no,8769,2023-10-24,basic,active,2025-05-14
CUST_000910,aiden.jensen@hotmail.com,+4745881445,2024-02-22,basic,active,2024-08-30
CUST_000911,layla.jensen@me.com,49716815/92450000,2023-08-30,premium,active,2025-06-30
CUST_000912,dylan.johnsen@me.com,47178509,2025-03-17,basic,active,2025-04-14
CUST_000913,,48299874,2024-03-30,premium,active,2025-06-06
CUST_000914,gunnar.jacobsen@broadpark.no,97 08 67 00,2024-01-19,basic,churned,2025-05-31
CUST_000915,stella.lund@telia.no,98 26 69 13,2024-05-16,basic,churned,2025-05-21
CUST_000916,isaacthomas@gmail.com,90807063,2024-08-24,premium,churned,2024-10-03
CUST_000917,olivia_white@telenor.no,40401648,2024-11-17,standard,churned,2024-11-20
CUST_000918,kari_martin@icloud.com,97383638/46432126,2024-01-05,basic,paused,2025-06-10
CUST_000919,brooklynmiller@telia.no,920-36-258,2024-05-06,basic,active,2025-04-22
CUST_000920,jaxonolsen@mail.com,+33582430176,2024-07-14,basic,active,2025-06-19
CUST_000921,riley_martin@outlook.com,44527905/44043333,2022-12-06,standard,active,2025-02-16
CUST_000922,lillian_jackson@outlook.com,8093,2024-08-23,basic,churned,2024-09-05
CUST_000923,jacob_jakobsen@telia.no,90119875,2022-09-24,basic,active,2024-08-14
CUST_000924,greta.brown@fastmail.com,40091561,2024-02-22,premium,churned,2024-11-28
CUST_000925,liv61sorensen@protonmail.com,004799160936,2024-06-11,standard,active,2025-06-30
CUST_000926,calebrodriguez@outlook.com,93368750,2024-01-28,premium,active,2025-06-07
CUST_000927,greta_johnsen@hotmail.com,47455611,2024-08-14,basic,paused,2025-03-28
CUST_000928,per67jacobsen@yahoo.com,4645053766,2024-05-03,premium,active,2025-06-30
CUST_000929,harald.jensen@live.no,+4748356691,2023-07-19,premium,active,2024-11-24
CUST_000930,tor_overland@outlook.com,43455068,2024-02-21,standard,churned,2025-04-12
CUST_000931,savannah_gundersen@me.com,48440134/,2023-04-16,basic,churned,2024-12-24
CUST_000932,luke_dahl@hotmail.com,433-59-101,2023-11-30,standard,paused,2025-04-04
CUST_000933,oliviarodriguez@mail.com,44492074/,2024-01-30,basic,active,2024-07-27
CUST_000934,kristiansorensen@mail.com,91842859/99325914,2025-03-26,standard,active,2025-06-06
CUST_000935,penelopenilsen@yahoo.com,8726,2023-12-20,standard,paused,2025-05-09
CUST_000936,noah_anderson@online.no,004748935953,2023-04-13,standard,active,2025-06-18
CUST_000937,eleanor45hansen@fastmail.com,+469582641869,2024-06-05,standard,churned,2025-06-04
CUST_000938,liam.garcia@online.no,+33682394840,2023-06-08,basic,churned,2025-04-02
CUST_000939,emma66thomas@mail.com,96101683/,2025-01-06,premium,active,2025-01-17
CUST_000940,noah.larsen@outlook.com,91491507/,2024-05-19,basic,churned,2024-08-19
CUST_000941,marit.moen@telia.no,4693440777,2024-01-19,standard,active,2025-06-20
CUST_000942,christopher52jensen@get.no,+480299140688,2024-08-10,basic,active,2025-05-19
CUST_000943,aidenpedersen@fastmail.com,43 56 17 81,2024-04-16,basic,active,2025-06-30
CUST_000944,magnus.johnsen@gmail.com,+4793852778,2024-02-06,standard,active,2025-06-28
CUST_000945,jackiversen@outlook.com,004799029502,2023-05-28,basic,churned,2025-06-19
CUST_000946,joshua_andreassen@icloud.com,+47 441 67 812,2023-04-04,premium,churned,2025-01-05
CUST_000947,henry.andersen@gmail.com,+47 413 48 629,2024-02-24,premium,churned,2024-08-21
CUST_000948,aiden_thompson@live.no,48560539,2023-09-22,premium,active,2024-07-07
CUST_000949,olav82jones@get.no,477-06-736,2024-03-13,basic,active,2025-01-25
CUST_000950,emma.sorensen@broadpark.no,+445871469,2024-10-27,basic,churned,2025-01-03
CUST_000951,mason42miller@yahoo.com,+47 489 84 369,2024-01-12,basic,churned,2025-01-11
CUST_000952,harper.olsen@mail.com,48694842/,2024-07-20,premium,active,2025-06-21
CUST_000953,isabella58jacobsen@protonmail.com,67382,2025-03-16,premium,active,2025-03-25
CUST_000954,helene81andersen@get.no,+47 968 29 968,2024-03-26,basic,active,2025-02-25
CUST_000955,kristian.eriksen@online.no,05669,2024-07-01,standard,churned,2025-04-06
CUST_000956,ethan_johnsen@icloud.com,32594,2024-09-30,basic,churned,2024-10-30
CUST_000957,kristian_andreassen@me.com,+4745624152,2024-03-03,standard,paused,2025-03-04
CUST_000958,maverick44pettersen@fastmail.com,46933589,2023-08-24,standard,active,2025-05-16
CUST_000959,alexandergarcia@get.no,47 84 68 50,2024-01-11,premium,churned,2024-11-06
CUST_000960,samuelhaugen@gmail.com,+463859340,2024-12-24,standard,active,2025-01-02
CUST_000961,dylanjacobsen@online.no,41 32 59 36,2024-04-09,standard,active,2025-05-21
CUST_000962,christopherjorgensen@gmail.com,44105276,2024-01-07,basic,paused,2025-04-17
CUST_000963,lincoln_smith@broadpark.no,62258,2023-07-28,premium,active,2024-12-19
CUST_000964,dylan65white@telenor.no,85485,2023-10-07,standard,active,2025-01-22
CUST_000965,arne_martinez@icloud.com,004741650200,2025-02-16,basic,active,2025-05-11
CUST_000966,marit_haugen@outlook.com,+488368214,2024-07-17,standard,churned,2024-09-17
CUST_000967,olav_martinez@get.no,+47 467 74 620,2024-11-13,standard,paused,2025-04-02
CUST_000968,daniel.halvorsen@icloud.com,42812312/49204910,2024-06-06,basic,active,2025-05-22
CUST_000969,samuel27johnson@yahoo.com,48 27 68 17,2024-10-06,basic,active,2024-10-23
CUST_000970,samuellee@protonmail.com,+47 462 90 529,2024-12-20,premium,paused,2025-03-29
CUST_000971,violet_sorensen@fastmail.com,4646082717,2024-10-07,standard,paused,2025-06-04
CUST_000972,sebastian_iversen@me.com,40522299/,2023-03-28,basic,paused,2025-05-10
CUST_000973,danielnilsen@get.no,+44398358446,2024-11-19,premium,churned,2024-12-03
CUST_000974,aria.jakobsen@icloud.com,94497912/,2023-04-21,premium,churned,2024-12-28
CUST_000975,kristian_pettersen@online.no,93978713,2024-03-31,standard,active,2025-06-09
CUST_000976,michael.johansen@me.com,96083200,2024-08-08,standard,churned,2024-08-31
CUST_000977,audrey73williams@mail.com,45 85 23 86,2023-03-06,premium,paused,2025-06-26
CUST_000978,sebastian_johansen@icloud.com,499-51-715,2023-06-30,basic,active,2025-07-01
CUST_000979,michaelanderson@telenor.no,+88009671397,2024-12-17,basic,active,2024-12-21
CUST_000980,jonas.karlsen@get.no,+4741767201,2024-01-14,premium,paused,2025-06-20
CUST_000981,amelia.kristiansen@live.no,40190725,2023-12-04,standard,paused,2025-05-06
CUST_000982,owen_eriksen@fastmail.com,99366538,2025-04-14,basic,active,2025-05-07
CUST_000983,alexander_karlsen@me.com,44086825,2023-06-02,standard,paused,2025-05-21
CUST_000984,jacob37karlsen@telenor.no,49355610,2023-08-01,basic,paused,2025-04-07
CUST_000985,sigrid17rodriguez@protonmail.com,43712436,2023-02-15,standard,active,2025-03-14
CUST_000986,caleb_thompson@fastmail.com,91202706,2024-11-19,premium,active,2024-12-13
CUST_000987,adrian.andreassen@gmail.com,+47 466 90 632,2024-11-16,basic,churned,2025-02-07
CUST_000988,luke.jorgensen@icloud.com,+4790301095,2023-03-31,standard,churned,2024-08-14
CUST_000989,isaac.gundersen@fastmail.com,99 55 46 23,2024-08-17,basic,active,2025-03-04
CUST_000990,joshua.hansen@outlook.com,1764,2023-09-10,basic,churned,2025-04-26
CUST_000991,elijah.jones@gmail.com,7138,2025-02-17,standard,active,2025-06-14
CUST_000992,jaxon.jackson@hotmail.com,95847436,2024-10-07,premium,active,2025-07-01
CUST_000993,sigridgundersen@yahoo.com,+47 969 47 031,2024-02-14,standard,active,2025-05-10
CUST_000994,anthonyjohnsen@mail.com,962-15-918,2024-08-23,basic,paused,2025-03-14
CUST_000995,aurorajohansen@gmail.com,961-45-901,2023-08-11,basic,active,2024-07-16
CUST_000996,jaxon.kristiansen@fastmail.com,99388194,2024-02-05,standard,active,2025-06-26
CUST_000997,chloe.olsen@icloud.com,3797,2023-11-16,standard,active,2025-04-19
CUST_000998,zoe_sorensen@outlook.com,+47 907 79 433,2023-07-05,premium,active,2024-11-17
CUST_000999,laylalee@get.no,49701426/,2023-06-16,premium,active,2025-06-28
CUST_001000,jaxon_larsen@broadpark.no,46020418,2023-01-31,basic,active,2025-02-04
CUST_001001,sven74thompson@telenor.no,41708894,2023-02-28,standard,active,2025-06-23
CUST_001002,anthony_johannessen@icloud.com,47588397,2022-11-28,standard,active,2025-06-23
CUST_001003,chloelarsen@me.com,46757123/99149611,2023-02-17,standard,churned,2024-11-15
CUST_001004,daniel_rodriguez@telia.no,+47 997 04 095,2024-08-31,basic,active,2025-06-19
CUST_001005,ingrid46gundersen@outlook.com,98327488,2024-09-03,premium,active,2025-04-19
CUST_001006,violet85davis@me.com,90964966,2024-02-23,premium,active,2024-12-27
CUST_001007,lily_iversen@broadpark.no,90285162,2024-10-19,standard,churned,2024-11-03
CUST_001008,mateo_jones@yahoo.com,004798839062,2022-10-21,standard,churned,2025-04-25
CUST_001009,hazel9rodriguez@telenor.no,41413193,2024-06-17,premium,churned,2025-01-09
CUST_001010,layla_jackson@live.no,+4796052304,2024-07-07,standard,active,2024-10-09
CUST_001011,svenjohansen@fastmail.com,004797241916,2024-07-09,basic,active,2025-03-28
CUST_001012,noah.miller@live.no,+47 918 24 989,2023-09-19,premium,active,2025-06-18
CUST_001013,anthony_overland@mail.com,91746813,2023-06-25,premium,active,2024-07-26
CUST_001014,stella_johannessen@broadpark.no,4699874869,2024-07-12,basic,active,2025-02-16
CUST_001015,samuel.jorgensen@me.com,49292075,2024-08-20,standard,paused,2025-06-26
CUST_001016,aubrey.kristiansen@outlook.com,439-88-636,2024-07-11,standard,paused,2025-04-10
CUST_001017,harpernilsen@broadpark.no,99 06 70 00,2024-01-22,premium,churned,2025-06-14
CUST_001018,hannah_brown@telenor.no,96648966,2024-03-26,basic,active,2024-10-27
CUST_001019,ariahansen@mail.com,977-58-097,2023-08-23,basic,paused,2025-05-22
CUST_001020,riley.eriksen@me.com,435-46-622,2023-09-04,standard,paused,2025-05-25
CUST_001021,sophianilsen@live.no,93006221/,2024-10-07,basic,active,2024-10-29
CUST_001022,liv40thomas@online.no,99160112,2024-07-30,basic,active,2025-01-06
CUST_001023,audrey67johannessenbroadpark.no,41798677,2022-09-23,basic,active,2025-06-29
CUST_001024,kristian46rodriguez@fastmail.com,2120,2024-09-17,basic,active,2024-10-07
CUST_001025,aiden90gundersen@protonmail.com,4218,2023-11-08,basic,churned,2025-05-30
CUST_001026,ellie.thompson@icloud.com,+331232748,2024-01-08,premium,paused,2025-04-30
CUST_001027,tor11martinez@get.no,+47 933 42 720,2024-09-25,standard,churned,2025-06-10
CUST_001028,mason.smith@protonmail.com,+336935882,2024-08-07,basic,active,2025-05-29
CUST_001029,liam.olsen@mail.com,46778481/95244454,2024-08-10,basic,churned,2025-04-24
CUST_001030,ellie_moore@outlook.com,+47 405 39 128,2024-04-21,standard,churned,2024-09-17
CUST_001031,lars_miller@telenor.no,72463,2025-02-26,basic,paused,2025-04-16
CUST_001032,mateolee@live.no,92383972,2024-03-11,basic,churned,2025-01-15
CUST_001033,amelia71anderson@telia.no,92932880,2023-10-25,standard,active,2025-06-08
CUST_001034,ethan.olsen@mail.com,42001867,2024-05-04,basic,active,2025-06-23
CUST_001035,kari72rodriguez@telia.no,4691081435,2024-06-02,basic,active,2025-06-20
CUST_001036,zoey_garcia@icloud.com,+4654695100,2024-09-20,premium,active,2024-09-21
CUST_001037,henryhansen@protonmail.com,4697150066,2022-11-28,premium,active,2024-10-26
CUST_001038,logan83andersen@gmail.com,91 13 40 78,2024-07-05,standard,churned,2024-11-16
CUST_001039,berit.martinez@online.no,46 68 34 82,2024-06-05,premium,churned,2024-09-07
CUST_001040,aria.sorensen@telenor.no,48688891/98791505,2023-08-03,standard,active,2025-03-05
CUST_001041,mason.miller@online.no,4642012657,2023-06-14,premium,churned,2024-12-28
CUST_001042,stella.hansen@icloud.com,7774,2023-10-30,premium,paused,2025-06-14
CUST_001043,savannah_jacobsen@live.no,26422,2024-11-03,standard,active,2025-06-24
CUST_001044,sophiajackson@fastmail.com,004741854570,2024-07-08,premium,churned,2025-04-19
CUST_001045,evelyn47jensen@mail.com,40163564,2023-01-18,standard,active,2025-06-09
CUST_001046,ryan_smith@yahoo.com,94001788/42473126,2025-01-08,standard,paused,2025-05-15
CUST_001047,emmasmith@outlook.com,41195092/91152610,2023-09-28,basic,active,2025-06-18
CUST_001048,sigrid.jensen@hotmail.com,+47 469 50 074,2023-04-03,premium,active,2025-02-20
CUST_001049,arne_jorgensen@get.no,6529,2024-08-13,standard,paused,2025-06-17
CUST_001050,zoe_martin@outlook.com,+47 448 13 104,2024-07-01,basic,active,2024-11-07
CUST_001051,torpettersen@outlook.com,+4797483526,2024-03-06,standard,active,2024-12-24
CUST_001052,harald_gundersen@online.no,4694883842,2024-07-09,basic,active,2025-03-12
CUST_001053,jacobjones@gmail.com,97406579,2024-06-29,basic,active,2024-11-23
CUST_001054,layla.miller@yahoo.com,48551074/,2023-10-09,premium,churned,2025-06-02
CUST_001055,charlotte60pedersen@outlook.com,42547602,2024-10-13,basic,active,2025-01-05
CUST_001056,aiden.jorgensen@mail.com,+440260151,2024-06-28,premium,active,2025-01-20
CUST_001057,eriktaylor@telia.no,+47 907 40 717,2023-10-31,basic,active,2025-06-26
CUST_001058,ragnalee@telenor.no,+33039104520,2023-05-10,standard,active,2025-04-24
CUST_001059,mason.jones@icloud.com,+4799928553,2023-03-29,premium,churned,2025-06-26
CUST_001060,ellie.sorensen@outlook.com,999-00-696,2023-02-01,standard,active,2025-06-23
CUST_001061,gabrieljackson@online.no,47842339,2023-06-16,basic,churned,2024-09-23
CUST_001062,riley51johansen@gmail.com,+47 925 50 325,2023-07-08,basic,churned,2025-05-14
CUST_001063,lillian_johannessen@yahoo.com,004747842902,2023-12-04,standard,paused,2025-03-24
CUST_001064,michaelhaugen@me.com,41 00 90 60,2024-06-18,basic,churned,2024-09-03
CUST_001065,theodore_johannessen@hotmail.com,46673290,2024-07-29,premium,active,2024-10-09
CUST_001066,anne70miller@broadpark.no,41 29 96 42,2024-05-27,basic,active,2024-07-15
CUST_001067,chloe_hansen@fastmail.com,+47 958 21 477,2023-04-25,premium,churned,2025-05-06
CUST_001068,amelia_pedersen@me.com,+4742362192,2025-01-14,standard,active,2025-02-11
CUST_001069,ellie.miller@outlook.com,9597,2023-11-11,standard,active,2025-06-25
CUST_001070,einar.brown@gmail.com,92897,2023-04-12,standard,active,2025-01-10
CUST_001071,caleb_larsen@telia.no,92002839,2024-07-22,basic,churned,2024-12-06
CUST_001072,jacobthomas@yahoo.com,94743281,2025-01-16,standard,churned,2025-02-14
CUST_001073,liam.taylor@yahoo.com,43042322,2023-10-21,standard,active,2025-05-04
CUST_001074,alexander_hagen@protonmail.com,48165064,2024-05-26,basic,paused,2025-03-18
CUST_001075,lucas_lund@get.no,+47 975 69 198,2024-09-03,premium,active,2025-06-21
CUST_001076,aria.rodriguez@outlook.com,+47 969 02 983,2024-11-22,basic,active,2025-05-14
CUST_001077,ryan50andersen@telenor.no,49131670,2024-03-24,standard,active,2025-01-15
CUST_001078,thomas.jakobsen@online.no,462-19-865,2024-06-15,basic,churned,2025-05-30
CUST_001079,hannah57anderson@gmail.com,449-33-965,2025-04-29,premium,churned,2025-05-04
CUST_001080,penelope22jensen@mail.com,91142436,2023-12-01,premium,active,2025-03-29
CUST_001081,freya.karlsen@outlook.com,99919623/91996433,2024-02-15,basic,active,2025-03-05
CUST_001082,henryhalvorsen@telia.no,43343031/45876054,2024-06-10,standard,paused,2025-03-30
CUST_001083,gabrielmoore@telenor.no,+47 976 94 535,2022-12-12,standard,active,2024-10-25
CUST_001084,natalie94sorensen@fastmail.com,50809,2024-07-01,premium,active,2025-06-18
CUST_001085,luke_pettersen@me.com,99 66 47 21,2023-06-10,basic,active,2024-10-24
CUST_001086,jacob.hagen@protonmail.com,004746140489,2024-09-23,basic,active,2025-06-27
CUST_001087,lillian.dahl@hotmail.com,+47 937 31 008,2023-12-16,premium,active,2024-08-20
CUST_001088,andrew.johnsen@yahoo.com,91 84 52 35,2023-07-21,premium,active,2025-05-21
CUST_001089,audrey35overland@icloud.com,47320865,2023-05-14,basic,active,2024-09-06
CUST_001090,christopher56jensen@telenor.no,+8805278105,2024-07-04,standard,churned,2025-03-15
CUST_001091,noah_karlsen@online.no,4641425731,2024-05-09,premium,active,2025-05-12
CUST_001092,liv28kristiansen@me.com,47203136/95286209,2023-12-17,standard,paused,2025-04-12
CUST_001093,savannahhagen@protonmail.com,93322273/,2023-11-04,basic,churned,2025-01-03
CUST_001094,emma_jacobsen@protonmail.com,07610,2024-02-21,standard,active,2025-05-24
CUST_001095,magnus_johnson@me.com,+4790107126,2024-12-10,premium,churned,2025-04-21
CUST_001096,freya.garcia@telia.no,+47 948 46 735,2024-04-29,basic,active,2025-06-04
CUST_001097,jack_moore@yahoo.com,4641944258,2022-09-29,premium,churned,2025-04-07
CUST_001098,tor_wilson@mail.com,4696062953,2024-06-09,basic,active,2025-05-08
CUST_001099,greta.smith@mail.com,+337538418,2024-07-05,basic,churned,2025-05-13
CUST_001100,chloejakobsen@telia.no,+340554912151,2024-05-07,premium,active,2025-06-30
CUST_001101,sigridwhite@fastmail.com,94 09 19 69,2022-10-21,premium,active,2024-08-15
CUST_001102,adrian.lund@me.com,+47 420 42 620,2025-01-10,premium,churned,2025-04-08
CUST_001103,logan_karlsen@icloud.com,46967897/,2024-05-20,standard,churned,2025-02-24
CUST_001104,daniel_gundersen@online.no,42760759,2022-12-20,standard,churned,2024-08-30
CUST_001105,andrew_hagen@mail.com,+338952312,2025-02-12,basic,churned,2025-06-28
CUST_001106,aubreyjohnson@me.com,004794700026,2022-12-09,standard,active,2025-03-24
CUST_001107,mateo56thomas@me.com,997-97-416,2023-07-21,standard,active,2024-07-10
CUST_001108,ava.johannessen@mail.com,93553730,2024-01-26,standard,active,2024-07-29
CUST_001109,henry.overland@online.no,+440255128276,2023-11-24,standard,active,2025-06-12
CUST_001110,lillianmartinez@icloud.com,95466345/,2023-09-19,basic,paused,2025-06-03
CUST_001111,calebjackson@icloud.com,46999393/,2023-07-02,basic,active,2024-10-22
CUST_001112,riley35miller@fastmail.com,004748822309,2024-07-03,standard,active,2024-11-08
CUST_001113,kristianthomas@mail.com,42109720,2023-11-11,basic,churned,2024-07-31
CUST_001114,dylandahl@fastmail.com,+4796557922,2025-02-25,basic,active,2025-03-28
CUST_001115,sigrid39gundersen@mail.com,49390025,2024-12-04,premium,active,2025-05-19
CUST_001116,addison46jakobsen@mail.com,+4799570861,2023-03-08,premium,active,2025-06-27
CUST_001117,ragna_halvorsen@broadpark.no,004796631138,2024-02-21,basic,active,2025-01-09
CUST_001118,henry_eriksen@mail.com,+343104379686,2023-08-24,standard,active,2025-06-23
CUST_001119,erik_jorgensen@get.no,96902177/,2023-04-26,basic,active,2025-04-08
CUST_001120,ava.dahl@hotmail.com,48502289,2023-01-30,standard,active,2025-04-09
CUST_001121,christopher_thompson@protonmail.com,+4742829302,2025-04-07,standard,active,2025-06-28
CUST_001122,layla_hansen@hotmail.com,+4796771167,2024-06-13,basic,active,2024-11-27
CUST_001123,maverickmartinez@telenor.no,+4742453012,2023-03-28,premium,churned,2024-11-21
CUST_001124,savannah_johnsen@hotmail.com,004740284719,2023-07-27,premium,active,2025-06-24
CUST_001125,arne_johnsen@yahoo.com,004745076487,2023-10-10,basic,churned,2024-07-23
CUST_001126,dylan_johannessen@live.no,004746583872,2023-08-17,standard,churned,2025-04-28
CUST_001127,mia.pettersen@yahoo.com,7337,2024-02-06,basic,active,2025-06-29
CUST_001128,isabella16pedersen@gmail.com,43586901/90740392,2024-06-20,premium,churned,2024-10-03
CUST_001129,chloe.rodriguez@protonmail.com,+47 422 27 643,2024-09-06,standard,active,2025-06-16
CUST_001130,ellie.jacobsen@yahoo.com,465-49-633,2023-10-01,basic,paused,2025-04-23
CUST_001131,sebastianeriksen@icloud.com,+47 448 87 899,2023-03-09,basic,active,2024-12-28
CUST_001132,daniel48hansen@mail.com,6632,2023-01-23,premium,paused,2025-05-22
CUST_001133,thomas24haugen@icloud.com,+47 952 25 920,2024-05-13,standard,active,2025-06-29
CUST_001134,magnusjensen@gmail.com,42941156/,2024-09-07,basic,churned,2025-04-07
CUST_001135,sven30davis@live.no,+4792629420,2024-05-05,basic,active,2025-02-12
CUST_001136,theodorejohansen@telia.no,43138004,2024-02-05,basic,paused,2025-03-14
CUST_001137,aria.andersen@mail.com,41215481,2023-10-25,standard,active,2024-08-16
CUST_001138,thomasjones@online.no,49185488,2025-01-26,basic,active,2025-05-05
CUST_001139,emma_olsen@me.com,97873585/,2023-08-29,standard,churned,2024-09-10
CUST_001140,harald.dahl@me.com,92342192/,2023-10-22,standard,active,2025-06-13
CUST_001141,penelope.pettersen@gmail.com,92948314,2023-10-07,standard,churned,2025-02-04
CUST_001142,logan79smith@mail.com,99999498,2024-12-14,basic,churned,2025-02-05
CUST_001143,hilde_garcia@gmail.com,960-20-005,2023-02-14,premium,active,2025-04-08
CUST_001144,,+880826929900,2024-04-24,standard,paused,2025-05-07
CUST_001145,aria_overland@me.com,+4748389633,2023-07-22,standard,paused,2025-06-21
CUST_001146,audrey15henriksen@telia.no,97136841,2025-06-08,basic,active,2025-07-01
CUST_001147,aria_eriksen@fastmail.com,45279187,2024-07-05,premium,paused,2025-04-03
CUST_001148,olivia62jakobsen@fastmail.com,406-59-208,2024-03-10,premium,active,2025-06-13
CUST_001149,lars78jensen@online.no,478-15-969,2023-06-10,premium,active,2025-03-19
CUST_001150,solveig.johnson@yahoo.com,4646656862,2024-01-10,standard,churned,2025-01-22
CUST_001151,dylan_iversen@hotmail.com,93 94 60 74,2023-04-30,standard,churned,2025-05-28
CUST_001152,kari98smith@yahoo.com,917-99-670,2024-02-13,standard,churned,2024-07-22
CUST_001153,noragarcia@protonmail.com,918-39-841,2024-05-17,basic,active,2024-08-23
CUST_001154,kari.henriksen@hotmail.com,998-04-450,2023-08-14,basic,churned,2024-09-13
CUST_001155,liam.jorgensen@yahoo.com,92706648,2024-01-17,basic,active,2025-05-31
CUST_001156,bella.johannessen@protonmail.com,74883,2024-01-05,premium,churned,2025-06-18
CUST_001157,claire.lund@live.no,95000305,2023-10-18,premium,paused,2025-05-11
CUST_001158,alexanderdavis@fastmail.com,+37178467908,2023-09-12,premium,active,2025-06-23
CUST_001159,aurora.johnsen@live.no,43651034,2023-03-14,basic,active,2025-05-10
CUST_001160,astridolsen@live.no,+121559967,2024-11-07,standard,paused,2025-06-09
CUST_001161,henry.pettersen@outlook.com,43 47 04 74,2024-04-06,standard,active,2025-02-04
CUST_001162,dylan29halvorsen@telenor.no,41 38 35 07,2023-07-05,basic,active,2025-01-29
CUST_001163,aubrey.berg@outlook.com,46221173,2023-03-08,premium,active,2024-08-29
CUST_001164,aria_gundersen@me.com,98558522/,2024-01-29,basic,active,2025-04-15
CUST_001165,arne.jorgensen@outlook.com,97591710/90805491,2024-08-12,standard,active,2025-03-03
CUST_001166,aiden_thompson@protonmail.com,44 78 41 71,2024-06-17,basic,paused,2025-03-20
CUST_001167,kristianoverland@hotmail.com,40537880/,2024-09-04,basic,churned,2025-06-21
CUST_001168,mia_moore@hotmail.com,487-88-281,2024-06-20,basic,churned,2024-12-23
CUST_001169,liam72jacobsen@mail.com,91521746,2024-07-04,premium,active,2025-01-29
CUST_001170,riley.smith@me.com,45673446,2024-03-27,premium,churned,2024-09-21
CUST_001171,,+4746299946,2023-12-28,standard,active,2025-04-26
CUST_001172,helene.davis@telenor.no,4641089857,2024-09-01,basic,churned,2024-10-10
CUST_001173,aria11nilsen@get.no,+349572857595,2023-09-18,basic,churned,2025-03-07
CUST_001174,chloe57karlsen@outlook.com,4642488397,2023-04-13,standard,active,2025-01-26
CUST_001175,ingridbrown@icloud.com,1230,2024-09-13,standard,active,2024-09-23
CUST_001176,isabella79miller@hotmail.com,44590099/41779055,2024-10-29,standard,active,2025-06-03
CUST_001177,isaacpedersen@telia.no,4647053260,2023-09-26,basic,active,2025-05-11
CUST_001178,isabella_hansen@hotmail.com,94255136/,2025-02-17,basic,paused,2025-04-25
CUST_001179,dylan.jones@me.com,95024373,2024-05-24,standard,paused,2025-03-22
CUST_001180,lincoln49johnson@hotmail.com,91358969,2024-08-20,standard,active,2025-06-20
CUST_001181,emmawilson@protonmail.com,63979,2024-09-29,standard,active,2025-06-25
CUST_001182,nathan.hagen@live.no,+466605342816,2023-07-30,basic,active,2024-12-14
CUST_001183,ava90nilsen@telenor.no,45 84 64 05,2022-12-21,basic,active,2025-06-29
CUST_001184,savannah_berg@gmail.com,+47 936 28 144,2023-11-22,standard,active,2025-05-11
CUST_001185,lillian3berg@fastmail.com,46764909/,2024-10-08,standard,churned,2024-11-11
CUST_001186,helenewilliams@online.no,91 35 87 27,2024-11-18,basic,active,2025-06-21
CUST_001187,leah.garcia@broadpark.no,8738,2024-04-12,premium,paused,2025-05-17
CUST_001188,theodore_haugen@get.no,977-04-130,2024-01-15,premium,active,2025-04-08
CUST_001189,theodore.wilson@mail.com,46254204,2025-01-14,basic,active,2025-06-22
CUST_001190,ava46martin@telia.no,+47 404 41 007,2023-11-12,premium,active,2025-06-22
CUST_001191,jack_johnsen@icloud.com,40979412/44870987,2024-10-26,standard,active,2024-11-11
CUST_001192,henry11pettersen@protonmail.com,004742404326,2024-12-10,standard,churned,2025-06-07
CUST_001193,caleb.sorensen@broadpark.no,4693070286,2024-04-25,premium,active,2025-06-29
CUST_001194,ava_olsen@telenor.no,921-95-368,2024-01-30,basic,active,2024-09-03
CUST_001195,magnus.jorgensen@gmail.com,+47 425 90 073,2024-01-07,basic,active,2025-06-21
CUST_001196,christopher.johnsen@yahoo.com,+4799087167,2024-11-02,basic,active,2025-03-23
CUST_001197,ragna96white@icloud.com,7443,2024-05-20,basic,active,2025-03-26
CUST_001198,harper.pettersen@protonmail.com,+4909447726,2024-01-06,basic,paused,2025-06-08
CUST_001199,thomasanderson@telia.no,42761794,2023-10-18,basic,paused,2025-06-14
CUST_001200,lilylund@mail.com,91602119/,2023-11-29,standard,churned,2025-02-15
CUST_001201,danielgundersen@broadpark.no,4694786862,2024-09-10,standard,active,2025-06-23
CUST_001202,lincolnandreassen@icloud.com,47819190,2024-03-31,premium,churned,2025-05-07
CUST_001203,hannah_olsen@gmail.com,435-34-848,2024-05-02,standard,active,2025-06-10
CUST_001204,rileymiller@broadpark.no,004792202123,2023-09-28,standard,paused,2025-03-28
CUST_001205,evelyn.hansen@protonmail.com,+4740000886,2024-08-18,basic,paused,2025-04-01
CUST_001206,anthony.overland@hotmail.com,40889911/,2024-08-16,standard,active,2025-06-22
CUST_001207,logan_sorensen@telenor.no,+4747379897,2023-10-01,premium,active,2024-12-31
CUST_001208,mateo.martin@protonmail.com,97463000/93361137,2024-12-28,basic,churned,2025-01-06
CUST_001209,solveigrodriguez@broadpark.no,4695829420,2024-09-27,basic,paused,2025-06-30
CUST_001210,mia_halvorsen@hotmail.com,004796075699,2024-01-20,basic,churned,2024-11-14
CUST_001211,anthony.gundersen@online.no,48240281,2023-11-13,basic,active,2025-05-16
CUST_001212,christopherrodriguez@fastmail.com,46208581,2024-03-27,premium,active,2025-05-19
CUST_001213,aiden25lund@telia.no,004743570041,2024-10-19,basic,paused,2025-04-21
CUST_001214,jacob.garcia@get.no,46125590/96100792,2024-09-06,basic,active,2024-12-27
CUST_001215,sophia_pedersen@yahoo.com,47101232/91512048,2023-10-22,basic,churned,2024-08-23
CUST_001216,annejorgensen@hotmail.com,004790422763,2023-06-11,basic,active,2025-06-30
CUST_001217,lars.pedersen@protonmail.com,93 47 24 35,2024-02-16,standard,active,2024-09-20
CUST_001218,bella.johnsen@yahoo.com,4647267086,2023-06-17,premium,active,2025-01-03
CUST_001219,svenjakobsen@yahoo.com,96878494,2024-04-10,basic,churned,2025-06-24
CUST_001220,jonas.berg@protonmail.com,484-89-742,2024-11-16,standard,active,2025-05-29
CUST_001221,sophia54dahl@get.no,41215649/92549206,2023-12-05,basic,active,2025-06-19
CUST_001222,ethan91nilsen@telia.no,6343,2024-06-28,premium,active,2025-06-13
CUST_001223,lincoln76brown@icloud.com,46640511/42125434,2024-12-28,premium,active,2025-06-16
CUST_001224,ethanjackson@live.no,90372186/,2025-02-02,basic,active,2025-06-14
CUST_001225,sven77eriksen@outlook.com,41140034/91317197,2023-09-11,standard,active,2025-06-19
CUST_001226,harald81nilsen@fastmail.com,99084194,2023-06-19,premium,active,2025-01-11
CUST_001227,ellie.hansen@telia.no,+4795358210,2024-04-11,basic,churned,2024-08-18
CUST_001228,brooklyn_lee@gmail.com,08819,2024-04-12,basic,active,2025-05-05
CUST_001229,astrid82thompson@telenor.no,004797183753,2025-02-20,standard,churned,2025-03-30
CUST_001230,henryjacobsen@broadpark.no,2362,2024-10-17,basic,active,2025-06-19
CUST_001231,gabriel98rodriguez@telia.no,97467067/91691395,2023-11-06,basic,active,2025-04-25
CUST_001232,hildekristiansen@mail.com,91070335,2025-02-11,premium,churned,2025-02-27
CUST_001233,jack.moore@get.no,49248481/,2024-09-06,basic,active,2025-06-20
CUST_001234,leah.rodriguez@me.com,40 21 51 67,2023-10-18,premium,paused,2025-04-22
CUST_001235,gabriel_moore@icloud.com,+4793481105,2025-04-05,basic,paused,2025-05-27
CUST_001236,adrian_moen@icloud.com,+47 915 73 855,2023-09-27,basic,active,2025-06-24
CUST_001237,adrian_henriksen@me.com,+4799781554,2024-10-23,premium,active,2024-11-22
CUST_001238,aiden_martin@live.no,004796546772,2025-02-26,basic,active,2025-07-01
CUST_001239,violet65berg@gmail.com,96478370,2024-09-08,standard,active,2025-04-03
CUST_001240,lincoln24johansen@me.com,004744857260,2024-10-17,basic,active,2025-01-24
CUST_001241,anne68jakobsen@telia.no,92884076,2024-05-07,basic,active,2024-07-19
CUST_001242,stella19taylor@hotmail.com,45386762,2024-06-16,basic,active,2024-07-02
CUST_001243,audrey7smith@telenor.no,+880534050892,2024-04-10,standard,active,2025-06-26
CUST_001244,astrid.iversen@live.no,45 67 07 89,2023-05-06,standard,paused,2025-05-19
CUST_001245,aubrey.johannessen@yahoo.com,43842273/,2023-06-02,premium,active,2024-11-11
CUST_001246,henry_larsen@get.no,+17162042,2024-01-06,standard,active,2025-06-27
CUST_001247,lily_garcia@live.no,92169039,2023-06-06,basic,active,2025-06-29
CUST_001248,harald.moen@telenor.no,92647106,2024-02-24,basic,active,2024-12-29
CUST_001249,jack25pedersen@live.no,6724,2023-03-18,standard,churned,2025-06-17
CUST_001250,hazel36johnsen@telenor.no,480-83-906,2023-09-17,standard,active,2025-06-29
CUST_001251,aubreymartinez@get.no,49327272,2024-02-27,basic,active,2025-06-18
CUST_001252,gabriel.haugen@protonmail.com,004790266765,2023-07-12,standard,active,2025-03-18
CUST_001253,layladavis@online.no,90886406,2023-09-24,standard,paused,2025-05-10
CUST_001254,olivia.johnsen@gmail.com,+44390448909,2024-09-02,basic,active,2025-06-02
CUST_001255,layla_pettersen@gmail.com,40 25 55 01,2024-01-05,premium,active,2025-03-27
CUST_001256,addison_jackson@telia.no,939-33-324,2023-06-14,standard,active,2024-11-30
CUST_001257,emma_jones@gmail.com,44412907,2023-08-25,premium,churned,2025-04-14
CUST_001258,astrid.martinez@yahoo.com,47631774,2024-01-27,basic,active,2025-07-01
CUST_001259,gabriel.pettersen@telenor.no,47591922/,2024-05-26,basic,paused,2025-06-02
CUST_001260,charlotte30smith@protonmail.com,94752864,2024-06-02,basic,paused,2025-06-28
CUST_001261,lars_gundersen@outlook.com,49928452,2024-08-05,basic,active,2025-06-30
CUST_001262,andrewmoore@hotmail.com,91432191,2024-07-19,premium,active,2024-08-31
CUST_001263,olavoverland@telia.no,+47 454 22 188,2024-08-26,basic,churned,2024-10-20
CUST_001264,sven_jones@me.com,4644877067,2023-12-25,standard,active,2025-06-02
CUST_001265,anne76johnsen@telenor.no,45 90 25 78,2023-12-01,standard,active,2025-06-23
CUST_001266,addison_wilson@broadpark.no,4645672620,2023-10-01,basic,active,2024-12-01
CUST_001267,solveigdavis@me.com,004745519628,2024-10-20,basic,active,2025-06-19
CUST_001268,alexander46jones@yahoo.com,97286394,2023-05-07,premium,active,2025-06-18
CUST_001269,daniel.johnsen@hotmail.com,004749009662,2023-07-04,standard,active,2025-05-22
CUST_001270,anthony.hansen@icloud.com,96321740/,2025-04-01,basic,churned,2025-06-21
CUST_001271,kristian_haugen@hotmail.com,42247119/46006082,2024-04-18,premium,active,2025-03-12
CUST_001272,ryan88jakobsen@outlook.com,96264385,2025-04-23,standard,active,2025-05-19
CUST_001273,chloe.eriksen@icloud.com,+47 923 13 361,2025-04-17,premium,active,2025-04-26
CUST_001274,joshua.dahl@@yahoo.com,94 13 72 77,2023-12-06,standard,churned,2025-05-09
CUST_001275,anne_olsen@live.no,7551,2024-03-17,standard,active,2025-06-18
CUST_001276,adrian_martinez@telenor.no,92024837,2024-07-14,premium,active,2025-06-19
CUST_001277,adrianjohnsen@hotmail.com,938-69-479,2023-09-12,basic,active,2025-01-11
CUST_001278,nathan_white@broadpark.no,468-90-472,2024-09-21,standard,paused,2025-04-02
CUST_001279,lily.andersen@telia.no,93855742/,2024-12-19,premium,active,2025-05-28
CUST_001280,olav_rodriguez@gmail.com,+47 446 04 761,2024-07-22,standard,churned,2024-08-06
CUST_001281,ryan7berg@online.no,4691875646,2023-06-15,basic,paused,2025-03-11
CUST_001282,gabriel.thompson@hotmail.com,91 85 89 90,2023-02-10,basic,active,2024-07-08
CUST_001283,daniel.miller@mail.com,5660,2024-06-28,basic,active,2025-05-20
CUST_001284,lily_gundersen@telenor.no,+4746773067,2023-11-03,basic,churned,2024-12-30
CUST_001285,hilde53pettersen@live.no,91908788/,2024-05-06,basic,churned,2025-03-10
CUST_001286,gabriel27smith@me.com,+4792898760,2023-09-29,standard,churned,2025-06-29
CUST_001287,bjorn_wilson@icloud.com,47048618,2023-05-28,premium,paused,2025-05-06
CUST_001288,noah_moen@live.no,46290739,2024-01-31,premium,churned,2025-02-20
CUST_001289,freya_miller@mail.com,+47 482 65 337,2024-12-20,premium,active,2025-01-15
CUST_001290,samueljohnsen@live.no,43983135,2024-07-17,premium,churned,2025-02-04
CUST_001291,eleanor73lund@me.com,+47 469 21 958,2024-05-01,basic,active,2025-02-14
CUST_001292,lincolnjohnsen@icloud.com,+486643158,2024-02-01,premium,paused,2025-03-08
CUST_001293,sophianilsen@live.no,7092,2024-05-17,basic,active,2024-12-21
CUST_001294,layla.johansen@broadpark.no,47262829/98244850,2023-12-05,basic,active,2025-05-15
CUST_001295,audrey_thomas@telenor.no,+3719612766,2024-11-10,standard,active,2025-06-16
CUST_001296,zoey.martinez@outlook.com,+3712458701204,2023-07-26,premium,active,2025-04-12
CUST_001297,solveig.halvorsen@hotmail.com,42375302/,2024-02-20,basic,churned,2025-03-03
CUST_001298,owen84martinez@live.no,44365240,2024-06-20,basic,paused,2025-03-26
CUST_001299,leah.johannessen@broadpark.no,4695403648,2024-02-23,basic,active,2024-08-28
CUST_001300,owen36brown@protonmail.com,432-36-066,2023-07-30,premium,paused,2025-04-13
CUST_001301,lincoln.moen@icloud.com,99497220,2023-01-16,basic,churned,2024-12-29
CUST_001302,daniel_moen@telenor.no,96617996,2024-10-06,standard,active,2025-05-11
CUST_001303,hilde_rodriguez@me.com,+4798768877,2024-04-24,basic,active,2024-12-30
CUST_001304,hannah_kristiansen@hotmail.com,99315398,2023-09-26,premium,churned,2025-06-15
CUST_001305,anthony.hansen@gmail.com,004790762914,2023-09-30,premium,active,2025-06-18
CUST_001306,eleanor.martin@fastmail.com,+4791038975,2024-10-25,premium,churned,2025-03-17
CUST_001307,olavmartinez@broadpark.no,+468235309,2023-02-20,standard,active,2025-06-22
CUST_001308,samuel80garci;a@fastmail.com,45682017/93079661,2023-02-13,standard,churned,2025-05-01
CUST_001309,michaelthompson@me.com,93474125,2024-09-02,basic,churned,2025-04-08
CUST_001310,lars.jorgensen@mail.com,47773217,2022-09-28,standard,active,2025-05-22
CUST_001311,logan_thompson@telenor.no,45999193,2024-03-15,basic,active,2024-12-23
CUST_001312,penelopedahl@get.no,004797489047,2024-05-06,standard,paused,2025-04-24
CUST_001313,thomasjensen@me.com,47651917,2023-12-28,premium,churned,2024-10-02
CUST_001314,logan_smith@get.no,91456340/48580558,2023-09-29,premium,paused,2025-03-20
CUST_001315,charlottejorgensen@fastmail.com,004795391607,2023-07-15,basic,active,2025-05-01
CUST_001316,olavhagen@fastmail.com,91 84 03 98,2024-10-27,basic,churned,2025-06-05
CUST_001317,olav_sorensen@live.no,7880,2024-10-26,standard,active,2025-04-21
CUST_001318,stella_jacobsen@get.no,+4745623039,2022-10-19,basic,active,2025-06-23
CUST_001319,audrey99larsen@me.com,+47 489 87 092,2025-02-19,premium,paused,2025-06-16
CUST_001320,astridmoore@telenor.no,+4741326611,2024-06-29,basic,churned,2025-06-25
CUST_001321,luke_johnsen@me.com,41960472,2024-10-29,standard,active,2024-11-05
CUST_001322,aurorasmith@icloud.com,004790823171,2024-07-25,premium,active,2025-01-29
CUST_001323,owen54miller@icloud.com,05302,2023-09-23,basic,paused,2025-04-24
CUST_001324,hannah48johansen@yahoo.com,90368605/46306636,2023-07-07,standard,active,2025-05-15
CUST_001325,marit82pedersen@telia.no,004749891039,2025-02-15,basic,active,2025-06-19
CUST_001326,hilde_hagen@telia.no,40 94 52 37,2023-09-16,standard,active,2025-04-03
CUST_001327,amelia24miller@telia.no,49860275,2023-03-17,standard,active,2025-03-31
CUST_001328,lily.wilson@telenor.no,98 94 45 38,2024-12-20,standard,active,2025-06-20
CUST_001329,clairerodriguez@live.no,44456622/92179705,2023-11-04,standard,active,2025-05-22
CUST_001330,alexandermoen@mail.com,90704726/90235158,2024-06-13,basic,active,2025-05-05
CUST_001331,emma.andersen@online.no,915-60-587,2024-02-06,standard,active,2025-06-01
CUST_001332,hannahandersen@hotmail.com,004799406453,2024-12-13,standard,paused,2025-03-06
CUST_001333,jaxon41davisgmail.com,48986646/,2024-02-01,standard,active,2024-12-02
CUST_001334,claire42hagen@hotmail.com,004796805702,2022-12-03,premium,paused,2025-05-01
CUST_001335,auroramartin@outlook.com,+4741922095,2024-05-05,basic,active,2025-06-08
CUST_001336,liv90jackson@telenor.no,+4743964402,2023-05-23,basic,active,2025-06-07
CUST_001337,natalie_overland@live.no,004747739238,2023-05-24,premium,active,2025-06-29
CUST_001338,zoey.taylor@yahoo.com,004741693328,2024-07-31,basic,active,2025-02-28
CUST_001339,solveig_andersen@,95515452,2023-04-16,basic,active,2025-03-08
CUST_001340,sigrid.moore@telenor.no,+4741006433,2023-11-25,basic,paused,2025-03-26
CUST_001341,joshua_wilson@get.no,+47 977 33 168,2023-11-04,basic,active,2024-10-18
CUST_001342,per.smith@gmail.com,+4790360595,2024-10-12,standard,active,2025-05-08
CUST_001343,eleanor5pedersen@get.no,82676,2024-11-06,standard,active,2024-11-23
CUST_001344,liam91olsen@hotmail.com,+4796461497,2024-08-07,premium,churned,2024-12-17
CUST_001345,alexander28brown@fastmail.com,4699149860,2024-01-26,premium,active,2025-05-01
CUST_001346,eleanor_rodriguez@get.no,96432239,2024-08-13,standard,active,2025-06-11
CUST_001347,aria.jackson@broadpark.no,+8801276223,2023-07-20,standard,paused,2025-03-06
CUST_001348,hannah_johnson@icloud.com,97 87 18 88,2024-11-03,basic,active,2024-11-30
CUST_001349,mateoanderson@online.no,+34647998460,2023-09-19,standard,churned,2024-08-18
CUST_001350,lars_andreassen@telenor.no,+8809261662,2025-05-03,standard,active,2025-05-20
CUST_001351,per65iversen@telia.no,004797865557,2024-06-20,basic,active,2024-09-14
CUST_001352,ryan7hansen@gmail.com,95868240/91665451,2024-10-24,basic,active,2025-04-24
CUST_001353,berit79williams@telenor.no,004742338686,2025-04-05,premium,active,2025-04-27
CUST_001354,elijah.martin@outlook.com,+4793094423,2024-03-17,standard,active,2025-06-15
CUST_001355,liv_henriksen@get.no,91349096,2023-12-22,premium,churned,2024-07-27
CUST_001356,jacobandreassen@protonmail.com,45694804,2024-07-09,basic,active,2025-05-26
CUST_001357,anne97white@live.no,004749573940,2023-04-27,standard,churned,2025-03-10
CUST_001358,jacob_thomas@live.no,4694203158,2024-01-18,premium,active,2025-02-25
CUST_001359,ryan3martinez@mail.com,+4792031977,2024-04-12,standard,active,2024-10-02
CUST_001360,helenehalvorsen@outlook.com,94823088,2023-09-18,basic,churned,2025-04-10
CUST_001361,brooklynjakobsen@get.no,92332605,2023-10-16,standard,paused,2025-04-13
CUST_001362,anne59andreassen@yahoo.com,+47 983 17 306,2024-05-22,premium,active,2025-06-26
CUST_001363,logan.brown@fastmail.com,+47 442 65 594,2024-05-16,standard,churned,2024-08-30
CUST_001364,michael_hagen@yahoo.com,+4791798902,2023-05-03,basic,churned,2025-03-05
CUST_001365,ava98jackson@mail.com,98 70 84 77,2024-01-31,premium,active,2025-06-21
CUST_001366,hazelmoen@online.no,+4748890737,2024-03-16,standard,churned,2025-04-29
CUST_001367,magnuslarsen@broadpark.no,92 68 38 48,2024-03-17,standard,active,2025-06-18
CUST_001368,michael62johansen@telia.no,43961219,2025-03-13,standard,paused,2025-06-20
CUST_001369,claire20jones@outlook.com,+3711079237,2023-08-26,premium,churned,2025-04-22
CUST_001370,magnus36haugen@hotmail.com,+48789683355,2023-11-11,basic,churned,2025-02-10
CUST_001371,berit_johnsen@mail.com,95505705,2024-11-15,basic,churned,2024-12-10
CUST_001372,brooklynandreassen@get.no,95883114,2025-01-19,standard,active,2025-06-19
CUST_001373,michael.haugen@telia.no,+4798715689,2025-01-06,basic,churned,2025-02-01
CUST_001374,christopher_jones@gmail.com,+48036640163,2023-02-11,premium,active,2024-11-08
CUST_001375,gunnar_johnson@broadpark.no,99757292,2023-12-03,basic,active,2024-08-12
CUST_001376,harald_berg@get.no,45854233/,2024-10-07,basic,active,2025-04-24
CUST_001377,clairelund@telia.no,49660734/96746215,2023-09-28,standard,active,2025-02-08
CUST_001378,isabella.wilson@online.no,470-50-221,2024-03-16,basic,active,2025-06-21
CUST_001379,eleanornilsen@hotmail.com,004796094837,2023-07-26,basic,active,2025-05-11
CUST_001380,gretajensen@broadpark.no,+3712183667719,2023-09-25,standard,active,2024-12-14
CUST_001381,emma96jensen@protonmail.com,+4792022234,2024-01-08,standard,active,2025-06-28
CUST_001382,greta_iversen@live.no,959-01-779,2025-01-09,basic,churned,2025-05-11
CUST_001383,ethan_andreassen@icloud.com,+4745174656,2023-05-06,basic,active,2025-06-30
CUST_001384,claire_sorensen@hotmail.com,419-95-695,2024-06-18,premium,active,2025-05-17
CUST_001385,tor.iversen@live.no,004740385025,2024-06-25,premium,paused,2025-06-05
CUST_001386,lilywhite@icloud.com,97228839/44733145,2024-08-02,premium,paused,2025-04-03
CUST_001387,isabellahalvorsen@telia.no,42511497/,2024-03-08,standard,churned,2024-12-14
CUST_001388,mia.jensen@mail.com,004749543776,2024-05-09,standard,active,2025-06-20
CUST_001389,lincoln.halvorsen@broadpark.no,93143915,2024-12-18,basic,active,2025-05-21
CUST_001390,maverick.jones@live.no,85642,2024-07-02,standard,active,2024-07-22
CUST_001391,claire_anderson@mail.com,431-54-230,2024-05-21,basic,active,2025-06-14
CUST_001392,henrywilliams@live.no,4645224114,2023-08-18,basic,active,2024-09-02
CUST_001393,avanilsen@protonmail.com,40 16 63 38,2024-11-03,basic,active,2025-04-28
CUST_001394,ava_jorgensen@hotmail.com,40562019,2023-09-15,basic,active,2025-06-01
CUST_001395,bella.dahl@hotmail.com,+4742528613,2024-10-20,premium,churned,2025-05-10
CUST_001396,freya_jacobsen@protonmail.com,004748644976,2023-08-13,basic,active,2024-09-15
CUST_001397,penelope.andreassen@yahoo.com,4693677349,2024-02-21,premium,active,2025-05-09
CUST_001398,aurora.haugen@protonmail.com,46 65 59 14,2024-04-01,standard,active,2025-01-22
CUST_001399,owen8wilson@broadpark.no,914-75-336,2023-06-15,premium,active,2025-05-30
CUST_001400,hazel98white@icloud.com,935-38-962,2023-09-11,premium,churned,2024-10-11
CUST_001401,harald_hagen@yahoo.com,4697924157,2024-12-29,premium,active,2025-01-28
CUST_001402,,+4796858639,2025-03-17,basic,active,2025-05-30
CUST_001403,sigrid_smith@telenor.no,46153811/,2024-05-27,standard,churned,2025-05-03
CUST_001404,logan3johansen@hotmail.com,4896,2023-07-22,standard,paused,2025-06-29
CUST_001405,einarjensen@live.no,41214639/,2023-09-06,premium,active,2024-11-16
CUST_001406,dylan_anderson@icloud.com,956-33-917,2024-11-05,standard,churned,2024-11-12
CUST_001407,jackjakobsen@mail.com,41266497/49670683,2024-09-07,basic,churned,2025-06-18
CUST_001408,gabriel.nilsen@yahoo.com,93994901,2024-09-23,basic,active,2025-04-05
CUST_001409,aurora_thomas@live.no,+491679301,2022-09-11,standard,active,2025-06-25
CUST_001410,liam.jacobsen@telenor.no,61680,2023-09-24,basic,churned,2024-11-27
CUST_001411,nathan_karlsen@outlook.com,004794842035,2024-09-21,standard,active,2024-10-19
CUST_001412,charlotte.johnson@mail.com,+4790157117,2024-11-25,basic,paused,2025-06-19
CUST_001413,ingrid_taylor@icloud.com,004790288141,2024-11-22,standard,active,2025-03-23
CUST_001414,jacob.johnson@fastmail.com,39138,2023-08-17,basic,active,2024-10-17
CUST_001415,helene.kristiansen@telia.no,3153,2024-07-01,standard,churned,2024-12-29
CUST_001416,gabrielandersen@live.no,92 52 74 10,2024-11-05,standard,active,2024-11-14
CUST_001417,ragnaoverland@telenor.no,96694899/40051956,2024-04-24,premium,active,2025-05-25
CUST_001418,ellie_white@broadpark.no,91726625,2024-05-21,basic,active,2024-12-31
CUST_001419,aurora.johansen@telia.no,004791306862,2024-08-11,premium,churned,2025-02-09
CUST_001420,emma53hansen@telia.no,44172820/96238115,2023-05-21,premium,active,2025-06-03
CUST_001421,evelyn_garcia@yahoo.com,44084752/45999400,2024-08-03,basic,paused,2025-03-27
CUST_001422,claire.andreassen@online.no,+4791135053,2024-07-08,premium,active,2025-06-07
CUST_001423,berit_anderson@broadpark.no,94157809,2023-09-14,standard,active,2025-06-29
CUST_001424,mateo.johansen@mail.com,004749453419,2024-06-30,premium,active,2025-06-21
CUST_001425,samuel72jacobsen@online.no,0635,2024-03-26,standard,churned,2025-03-21
CUST_001426,freya.haugen@online.no,+3715585575,2024-01-24,basic,paused,2025-03-25
CUST_001427,olivia_jones@me.com,46969045/,2023-04-20,standard,churned,2024-08-26
CUST_001428,liam.sorensen@outlook.com,967-33-745,2024-04-28,basic,active,2024-10-13
CUST_001429,evelyn_iversen@live.no,449-80-253,2023-12-24,standard,active,2025-05-18
CUST_001430,greta_jakobsen@telenor.no,+880232423480,2023-09-07,basic,active,2024-07-05
CUST_001431,harperdahl@outlook.com,46 91 58 55,2024-04-19,standard,active,2024-11-19
CUST_001432,adrian.miller@me.com,92570333,2023-12-07,premium,active,2025-03-18
CUST_001433,henryhaugen@mail.com,+3716299172174,2023-01-16,premium,active,2025-06-16
CUST_001434,hannah_pedersen@live.no,93926693,2024-04-09,basic,active,2025-06-09
CUST_001435,andrew.thompson@gmail.com,+4748048502,2024-10-26,standard,active,2025-06-30
CUST_001436,kristian_hagen@telia.no,47 97 19 00,2025-01-26,basic,active,2025-03-08
CUST_001437,charlottesorensen@yahoo.com,971-85-594,2025-05-26,standard,churned,2025-06-09
CUST_001438,emma_jacobsen@me.com,41677814,2024-07-01,basic,active,2025-01-15
CUST_001439,owen.iversen@gmail.com,95391177/,2024-05-08,standard,paused,2025-05-08
CUST_001440,luke23larsen@protonmail.com,+448061902231,2023-11-23,standard,churned,2024-08-19
CUST_001441,noah62sorensen@telia.no,+4793223718,2024-06-18,basic,active,2025-05-24
CUST_001442,jonasbrown@get.no,471-14-294,2024-09-25,basic,active,2025-05-19
CUST_001443,luke_white@fastmail.com,+4743246598,2023-06-12,standard,churned,2025-05-01
CUST_001444,anne.jones@get.no,+47 476 59 153,2023-03-14,basic,active,2025-06-30
CUST_001445,ryan4thomas@mail.com,5127,2024-10-01,basic,active,2025-04-04
CUST_001446,owen47johnson@mail.com,99 76 48 78,2024-07-22,standard,active,2025-05-31
CUST_001447,kristian.jacobsen@get.no,96250692,2022-12-03,standard,active,2024-08-19
CUST_001448,addison.kristiansen@yahoo.com,476-72-935,2023-11-02,premium,active,2025-06-01
CUST_001449,tor.andreassen@mail.com,44650223,2024-07-23,standard,active,2025-06-27
CUST_001450,aubrey73johnson@get.no,91840703,2024-08-30,premium,churned,2025-05-25
CUST_001451,christopher_garcia@telia.no,+4792094516,2024-04-01,premium,paused,2025-05-06
CUST_001452,liam_jakobsen@hotmail.com,+460848426,2023-07-20,premium,churned,2025-06-04
CUST_001453,leah74iversen@telia.no,48967136,2025-04-28,standard,churned,2025-05-18
CUST_001454,astridjensen@gmail.com,990-13-249,2024-06-10,basic,churned,2024-09-23
CUST_001455,sophia.anderson@fastmail.com,94617580,2024-02-27,basic,active,2025-06-27
CUST_001456,norawilson@outlook.com,93156685,2025-01-05,basic,active,2025-05-15
CUST_001457,jonas_anderson@outlook.com,+47 975 58 030,2024-01-01,basic,active,2024-08-23
CUST_001458,lillian.sorensen@icloud.com,+47 984 01 902,2023-04-27,premium,active,2024-07-31
CUST_001459,lincoln_moore@broadpark.no,+47 461 15 866,2022-11-03,standard,active,2025-06-30
CUST_001460,sigrid50miller@online.no,43 26 17 05,2023-05-27,standard,churned,2025-06-07
CUST_001461,nora.lund@telia.no,96572853/,2024-06-13,basic,active,2025-05-30
CUST_001462,aria_sorensen@live.no,97580158,2023-07-22,standard,active,2024-08-01
CUST_001463,layla.hansen@mail.com,93272766,2024-01-23,premium,active,2025-03-23
CUST_001464,mia.wilson@protonmail.com,92854613,2025-05-15,standard,active,2025-06-17
CUST_001465,bella_miller@fastmail.com,4647382777,2024-04-21,premium,paused,2025-06-17
CUST_001466,ethan_thompson@broadpark.no,47 86 30 90,2025-04-29,basic,active,2025-07-01
CUST_001467,evelyn_jackson@mail.com,+4794730577,2022-10-19,basic,paused,2025-04-13
CUST_001468,arne16gundersen@fastmail.com,95965667,2024-05-20,basic,churned,2024-09-21
CUST_001469,lincolnhagen@hotmail.com,49522426,2023-11-18,standard,active,2024-07-27
CUST_001470,sebastian.moore@yahoo.com,44390705/,2023-11-09,standard,paused,2025-05-31
CUST_001471,thomaslarsen@me.com,+47 415 01 016,2023-10-27,basic,active,2025-07-01
CUST_001472,audreyolsen@yahoo.com,44759783/45488357,2023-04-19,premium,active,2025-06-27
CUST_001473,kristian.jakobsen@online.no,004793866432,2025-03-23,basic,active,2025-04-03
CUST_001474,solveig_moen@live.no,24000,2023-11-12,premium,paused,2025-04-08
CUST_001475,evelyn.johansen@broadpark.no,96051908,2023-09-08,basic,active,2025-05-17
CUST_001476,amelia.jakobsen@telia.no,+8800009089,2024-01-26,basic,churned,2025-02-03
CUST_001477,per.hansen@me.com,45415892,2023-12-31,basic,churned,2025-03-08
CUST_001478,samuel82jackson@hotmail.com,913-66-280,2024-03-17,basic,active,2025-05-05
CUST_001479,jonasgundersen@broadpark.no,0583,2023-11-24,premium,active,2025-06-18
CUST_001480,helene26gundersen@online.no,92189142/,2023-11-30,premium,active,2024-09-20
CUST_001481,per.lund@telia.no,967-18-776,2023-05-21,basic,churned,2024-12-13
CUST_001482,zoehagen@live.no,46276292,2024-10-01,standard,active,2024-10-30
CUST_001483,theodore_hansen@telenor.no,+47 916 52 289,2023-11-23,premium,churned,2025-04-02
CUST_001484,jaxon_jacobsen@telenor.no,77265,2022-11-23,standard,active,2025-04-29
CUST_001485,claireeriksen@fastmail.com,4645014171,2023-04-22,premium,active,2025-03-02
CUST_001486,claire.davis@hotmail.com,96518871,2023-12-14,basic,churned,2025-03-05
CUST_001487,erik.halvorsen@me.com,4644492878,2023-06-30,standard,active,2024-12-21
CUST_001488,kari_haugen@telia.no,40112501/,2023-12-17,standard,churned,2025-05-27
CUST_001489,daniel3miller@me.com,+338062007,2023-12-21,basic,active,2025-01-22
CUST_001490,chloe91sorensen@telia.no,99753740,2023-11-06,standard,churned,2025-02-14
CUST_001491,marit40thompson@icloud.com,+33445345146,2023-12-09,standard,churned,2024-08-31
CUST_001492,andrewwilliams@hotmail.com,44835862/97366485,2024-08-24,basic,churned,2024-09-11
CUST_001493,lincolnsmith@gmail.com,+4746983443,2023-05-19,premium,active,2025-01-12
CUST_001494,bellaolsen@protonmail.com,45 09 28 46,2024-04-16,premium,active,2025-06-24
CUST_001495,sebastian_andreassen@yahoo.com,47737295/,2024-08-05,standard,paused,2025-04-12
CUST_001496,tor.hansen@hotmail.com,92585150,2023-11-22,premium,paused,2025-04-11
CUST_001497,emma_dahl@protonmail.com,44353127/93379531,2023-08-09,premium,active,2025-06-29
CUST_001498,zoey.thomas@protonmail.com,004746527428,2024-05-04,premium,active,2025-05-06
CUST_001499,aubreykristiansen@get.no,+47 483 85 545,2023-01-09,basic,churned,2025-03-13
CUST_001500,magnus_wilson@outlook.com,41 74 55 53,2023-11-13,premium,active,2024-11-29
CUST_001501,aurora14pettersen@broadpark.no,+47 437 46 121,2023-11-29,standard,active,2024-07-02
CUST_001502,greta_thompson@mail.com,8762,2025-04-12,premium,active,2025-04-26
CUST_001503,isabella_rodriguez@mail.com,49951670,2024-07-13,basic,paused,2025-05-20
CUST_001504,greta_martinez@mail.com,97312343,2023-07-08,standard,churned,2025-03-14
CUST_001505,calebwilliams@protonmail.com,+442823134,2024-11-10,standard,paused,2025-05-15
CUST_001506,hazel.sorensen@online.no,94904431,2024-03-11,premium,active,2025-04-01
CUST_001507,joshua.martinez@protonmail.com,49771150,2024-05-19,premium,churned,2025-04-06
CUST_001508,jaxonrodriguez@yahoo.com,0873,2023-07-17,basic,active,2025-06-22
CUST_001509,claire.hagen@live.no,29877,2025-06-06,premium,active,2025-07-02
CUST_001510,hilde.martinez@mail.com,40 44 50 02,2025-05-09,premium,churned,2025-05-23
CUST_001511,einar.johnson@broadpark.no,+4795029586,2024-04-23,standard,active,2025-05-07
CUST_001512,sophia_andreassen@gmail.com,004797541823,2023-08-17,standard,churned,2025-06-22
CUST_001513,owen17garcia@telia.no,40513346,2025-01-23,standard,active,2025-06-08
CUST_001514,emma_nilsen@hotmail.com,42 08 31 68,2024-11-20,premium,churned,2024-11-27
CUST_001515,zoey.jones@telenor.no,+346720005214,2023-11-05,basic,paused,2025-06-25
CUST_001516,aurora15hansen@online.no,+4798508951,2024-10-03,standard,active,2025-04-22
CUST_001517,gunnar.kristiansen@fastmail.com,94545697/,2024-11-03,standard,active,2025-03-14
CUST_001518,amelia59rodriguez@yahoo.com,+47 437 71 886,2023-09-22,standard,active,2025-03-12
CUST_001519,alexander52jensen@get.no,13887,2023-09-24,basic,active,2025-06-04
CUST_001520,toranderson@fastmail.com,+130411761,2023-11-16,basic,churned,2024-09-23
CUST_001521,henry.jacobsen@broadpark.no,98636470/,2023-06-23,standard,active,2024-08-18
CUST_001522,sigrid66sorensen@telenor.no,46883004,2024-02-27,standard,paused,2025-04-15
CUST_001523,marit_haugen@live.no,4645922912,2024-04-05,basic,active,2025-02-15
CUST_001524,rileyandreassen@outlook.com,92911872,2024-11-14,basic,active,2024-12-02
CUST_001525,brooklyn.eriksen@gmail.com,+47 907 57 898,2023-12-08,standard,churned,2024-08-16
CUST_001526,lars_rodriguez@gmail.com,47114865,2022-10-10,standard,churned,2024-07-03
CUST_001527,solveig2nilsen@fastmail.com,93563163,2023-07-07,basic,churned,2024-09-27
CUST_001528,andrew23iversen@mail.com,99496378,2024-03-20,basic,churned,2024-12-15
CUST_001529,lincoln.moore@get.no,401-30-716,2022-09-26,standard,active,2025-06-10
CUST_001530,gabriel_haugen@me.com,431-79-854,2024-02-02,premium,active,2025-02-03
CUST_001531,magnus_larsen@hotmail.com,94585835/,2023-11-08,basic,paused,2025-04-16
CUST_001532,olav_garcia@me.com,+47 939 22 551,2024-05-02,basic,active,2025-05-28
CUST_001533,einarandersen@telia.no,+47 921 23 601,2023-11-07,standard,active,2025-03-18
CUST_001534,samuelnilsen@mail.com,41 56 30 93,2025-04-28,premium,churned,2025-05-26
CUST_001535,hilde.henriksen@me.com,+88017735166,2024-03-19,basic,active,2025-05-09
CUST_001536,aurora55eriksen@fastmail.com,92173402,2024-07-15,premium,active,2025-05-31
CUST_001537,charlotte_moore@telenor.no,1814,2024-07-24,basic,active,2025-04-13
CUST_001538,bjornthomas@gmail.com,+4790947651,2024-11-23,premium,churned,2025-02-28
CUST_001539,lukemoen@icloud.com,97539891,2023-04-15,standard,active,2025-03-24
CUST_001540,jonas.jensen@icloud.com,+445942992023,2024-04-06,premium,active,2024-08-06
CUST_001541,solveig_gundersen@telenor.no,93386194/,2024-12-17,basic,churned,2024-12-25
CUST_001542,magnus_taylor@gmail.com,8346,2024-09-26,basic,paused,2025-04-26
CUST_001543,bellarodriguez@hotmail.com,+4795186694,2023-10-08,standard,active,2025-01-19
CUST_001544,eleanor_pettersen@icloud.com,485-50-743,2024-06-27,basic,churned,2025-01-09
CUST_001545,gunnargarcia@telia.no,97039696/,2024-07-28,basic,active,2025-06-18
CUST_001546,aurorajakobsen@protonmail.com,+47 488 30 099,2024-06-26,basic,churned,2024-08-12
CUST_001547,jack95andreassen@icloud.com,+371706170690,2024-12-26,basic,churned,2025-02-19
CUST_001548,isabellajohansen@me.com,05188,2024-05-11,basic,paused,2025-06-19
CUST_001549,gabrieljohnson@telia.no,43435969/,2024-03-14,basic,active,2025-01-25
CUST_001550,olivia53anderson@protonmail.com,4647540242,2023-08-11,standard,active,2024-07-07
CUST_001551,bella43davis@yahoo.com,90250385,2023-05-19,standard,active,2025-05-24
CUST_001552,hannah10williams@me.com,35853,2025-04-01,basic,active,2025-06-18
CUST_001553,gunnar71karlsen@online.no,91930485/,2024-10-29,premium,churned,2024-11-17
CUST_001554,gunnar28smith@gmail.com,92 03 63 44,2023-11-20,basic,churned,2024-09-08
CUST_001555,theodore_white@telenor.no,+4748123357,2023-11-20,basic,churned,2025-03-09
CUST_001556,christopher16haugen@mail.com,004795776262,2024-05-31,standard,active,2025-02-02
CUST_001557,elijah71williams@telenor.no,+47 975 94 434,2023-06-26,premium,active,2025-05-11
CUST_001558,andrew96eriksen@online.no,40420,2023-01-01,standard,active,2024-10-04
CUST_001559,isabelladahl@telenor.no,+4791157330,2024-01-02,basic,active,2025-06-22
CUST_001560,ryanlee@gmail.com,982-34-453,2024-03-09,standard,churned,2024-09-27
CUST_001561,owen_henriksen@yahoo.com,900-04-709,2023-10-04,basic,active,2025-05-29
CUST_001562,ingrid47thompson@telia.no,49989965,2022-09-13,basic,churned,2025-05-22
CUST_001563,audreyberg@get.no,914-47-761,2024-03-18,premium,churned,2024-07-27
CUST_001564,bjorn93hansen@icloud.com,4696682905,2023-10-25,standard,active,2025-02-15
CUST_001565,olav.halvorsen@gmail.com,004743302927,2024-05-11,basic,active,2025-03-28
CUST_001566,maverick80taylor@hotmail.com,41405131,2024-03-04,standard,active,2025-03-01
CUST_001567,caleb_iversen@mail.com,44785247/94203594,2024-07-29,basic,paused,2025-03-12
CUST_001568,freya_johnsen@fastmail.com,74131,2022-12-06,standard,active,2025-06-17
CUST_001569,evelyn_lund@broadpark.no,004795815398,2023-08-29,standard,churned,2025-06-16
CUST_001570,savannahgarcia@telenor.no,49841286/,2024-07-02,standard,active,2024-09-07
CUST_001571,aubrey_thompson@telenor.no,41934891/40381463,2024-08-12,premium,churned,2025-01-04
CUST_001572,calebjohnsen@outlook.com,93091218/,2024-07-11,standard,active,2025-04-21
CUST_001573,logan.jacobsen@get.no,+4741555301,2024-07-07,basic,active,2025-06-19
CUST_001574,caleb58jacobsen@gmail.com,41096598/95576634,2024-07-04,basic,active,2025-05-10
CUST_001575,olavnilsen@yahoo.com,40 64 19 10,2024-05-13,basic,paused,2025-03-28
CUST_001576,stella.andersonlive.no,42421682,2024-05-14,standard,active,2025-05-05
CUST_001577,isabellawilson@me.com,+37047910059,2024-08-30,premium,churned,2024-10-04
CUST_001578,adrian17jensen@me.com,42200748,2024-06-27,standard,paused,2025-06-15
CUST_001579,nora.eriksen@broadpark.no,91452058,2023-05-02,premium,active,2025-05-08
CUST_001580,brooklyn.jakobsen@gmail.com,004742240654,2023-04-30,basic,active,2024-07-09
CUST_001581,magnus.henriksen@gmail.com,004748985664,2024-09-16,basic,active,2025-02-11
CUST_001582,andrew_gundersen@me.com,98887656/41360622,2023-06-21,basic,active,2025-06-19
CUST_001583,per.eriksen@broadpark.no,004799471990,2024-09-10,basic,active,2025-04-17
CUST_001584,gunnarmartin@get.no,4648294419,2023-10-25,basic,active,2024-08-11
CUST_001585,perlarsen@protonmail.com,+47 483 95 167,2024-09-09,basic,churned,2025-06-03
CUST_001586,harper51thomas@get.no,98868656,2023-11-13,basic,churned,2024-09-26
CUST_001587,solveig_thomas@broadpark.no,48018323,2024-06-08,basic,active,2025-03-09
CUST_001588,bella88martin@icloud.com,+47 978 09 645,2023-08-04,basic,churned,2024-11-10
CUST_001589,kristian74jorgensen@mail.com,41 35 31 75,2023-04-15,premium,paused,2025-05-20
CUST_001590,astrid65wilson@yahoo.com,004794114862,2024-05-07,standard,paused,2025-06-16
CUST_001591,harald79anderson@outlook.com,953-49-655,2025-01-09,standard,paused,2025-04-10
CUST_001592,joshua15dahl@fastmail.com,+47 930 09 358,2023-07-19,basic,active,2024-11-14
CUST_001593,avapedersen@me.com,92242284/,2023-09-14,premium,active,2025-01-24
CUST_001594,solveig62rodriguez@yahoo.com,498-46-018,2022-12-03,basic,active,2025-06-05
CUST_001595,hannahgarcia@gmail.com,+4793586671,2023-02-27,standard,active,2025-03-10
CUST_001596,olivia_lund@hotmail.com,496-74-627,2024-11-07,premium,active,2025-05-23
CUST_001597,sven.dahl@telenor.no,48567285,2023-10-03,basic,active,2025-03-22
CUST_001598,greta_anderson@mail.com,40775582/42626439,2024-06-09,standard,churned,2024-11-06
CUST_001599,harald.jakobsen@gmail.com,+47 919 91 981,2024-04-21,standard,active,2025-06-29
CUST_001600,kristiantaylor@get.no,99253164,2024-01-04,basic,churned,2024-11-28
CUST_001601,brooklyn44white@telia.no,004797656590,2024-04-05,standard,active,2025-01-30
CUST_001602,helene_johannessen@telia.no,+120949076,2023-01-25,premium,active,2025-01-12
CUST_001603,amelia47lund@hotmail.com,+47 400 11 547,2024-04-22,basic,paused,2025-05-26
CUST_001604,helene.johannessen@hotmail.com,+370641354741,2024-05-28,standard,churned,2025-06-04
CUST_001605,lars_thomas@protonmail.com,95580957,2023-09-25,basic,churned,2025-04-28
CUST_001606,charlotte.anderson@live.no,91362334,2024-04-28,basic,active,2024-12-07
CUST_001607,nora76jakobsen@me.com,+370595083745,2023-10-23,standard,active,2025-06-24
CUST_001608,noah.eriksen@telenor.no,47590017,2023-09-22,standard,active,2025-02-18
CUST_001609,ava_johnson@broadpark.no,95162159/48967635,2022-08-10,standard,churned,2024-09-26
CUST_001610,freya68lund@get.no,90722883,2024-08-05,basic,active,2025-05-26
CUST_001611,alexander.thompson@hotmail.com,93097427,2023-12-24,premium,active,2024-09-21
CUST_001612,freya62haugen@protonmail.com,+47 448 03 007,2023-11-25,basic,active,2024-10-01
CUST_001613,einar_karlsen@live.no,46 37 94 12,2023-04-30,premium,churned,2025-04-18
CUST_001614,alexander_pedersen@me.com,+4741425261,2023-03-07,standard,churned,2025-01-17
CUST_001615,addison40martinez@mail.com,54411,2024-03-11,premium,paused,2025-04-24
CUST_001616,bjornthompson@fastmail.com,46738052,2025-01-26,standard,churned,2025-02-10
CUST_001617,liv57davis@hotmail.com,91847146/42014833,2024-08-22,basic,active,2025-06-30
CUST_001618,henry_iversen@yahoo.com,430-87-647,2023-03-31,basic,paused,2025-04-19
CUST_001619,liam86moen@telia.no,483-76-295,2025-05-25,standard,churned,2025-06-21
CUST_001620,thomas_pettersen@outlook.com,98886804,2024-12-07,standard,churned,2025-06-03
CUST_001621,bjornjohnsen@live.no,6053,2024-01-12,basic,active,2025-01-21
CUST_001622,sigrid93olsen@telenor.no,+8808158913,2024-05-25,standard,active,2024-09-06
CUST_001623,liam.overland@icloud.com,41 93 62 52,2024-05-23,basic,active,2025-06-10
CUST_001624,leah.miller@get.no,95480293/45838439,2023-12-21,basic,active,2025-03-06
CUST_001625,zoey11jorgensen@mail.com,004794693510,2023-05-13,premium,active,2025-04-26
CUST_001626,gunnar_pedersen@yahoo.com,+4749558979,2024-02-02,basic,active,2024-12-08
CUST_001627,adrian.johnson@outlook.com,+4745687094,2025-01-07,basic,paused,2025-05-14
CUST_001628,emmahenriksen@outlook.com,48953376/91876776,2023-06-05,basic,active,2025-04-04
CUST_001629,caleb92jorg#ensen@telia.no,75745,2024-11-25,basic,active,2025-01-08
CUST_001630,bella39olsen@telenor.no,4641815605,2023-06-19,basic,churned,2025-04-16
CUST_001631,ingridhalvorsen@mail.com,64754,2023-11-25,standard,active,2025-03-04
CUST_001632,michael_williams@telenor.no,99348540,2023-09-15,standard,active,2025-02-04
CUST_001633,stella45brown@mail.com,96992613,2024-03-12,standard,churned,2024-08-19
CUST_001634,hazeloverland@online.no,+47 439 96 263,2024-03-27,premium,active,2024-12-16
CUST_001635,bjorn_pedersen@gmail.com,42 89 62 20,2024-05-20,premium,active,2025-04-07
CUST_001636,aria_haugen@hotmail.com,43993446,2025-03-24,standard,paused,2025-03-31
CUST_001637,stella_miller@icloud.com,+3705294128537,2023-10-22,basic,active,2024-10-27
CUST_001638,norabrown@fastmail.com,004795311980,2024-08-14,standard,active,2025-01-07
CUST_001639,evelynbrown@me.com,+4796425507,2024-02-17,standard,churned,2024-08-17
CUST_001640,mateo_jakobsen@gmail.com,49221317,2025-03-02,basic,churned,2025-03-26
CUST_001641,anthony_moen@fastmail.com,99872873/44249562,2024-02-04,basic,churned,2024-09-14
CUST_001642,caleb.dahl@outlook.com,+4742888070,2025-03-31,basic,paused,2025-06-26
CUST_001643,chloebrown@online.no,+44541648792,2023-12-06,premium,active,2025-06-18
CUST_001644,lily17jakobsen@live.no,41 52 69 74,2024-08-02,basic,active,2024-12-19
CUST_001645,maverickjones@fastmail.com,004743095872,2023-04-08,premium,churned,2025-04-24
CUST_001646,ragna.anderson@gmail.com,71485,2024-03-25,basic,churned,2025-03-30
CUST_001647,charlotte.halvorsen@gmail.com,97972092/,2024-06-21,standard,active,2025-06-30
CUST_001648,einarkarlsen@broadpark.no,43297049,2023-12-15,basic,paused,2025-05-01
CUST_001649,ingrid.henriksen@broadpark.no,95 11 63 97,2024-12-27,premium,active,2025-06-19
CUST_001650,jaxonhenriksen@mail.com,4644248739,2024-05-17,standard,active,2025-02-15
CUST_001651,isabella_brown@fastmail.com,4642497736,2023-10-28,standard,churned,2025-05-29
CUST_001652,hannah_eriksen@telia.no,+1715643802,2024-01-09,standard,active,2025-05-31
CUST_001653,bellaanderson@gmail.com,97960009,2024-07-26,premium,active,2024-08-13
CUST_001654,maverick_haugen@online.no,004746622549,2024-10-24,basic,active,2024-11-07
CUST_001655,sophiarodriguez@me.com,+4826414756,2024-02-07,basic,active,2025-06-23
CUST_001656,lily_jensen@fastmail.com,+4799847422,2024-02-04,premium,active,2025-02-13
CUST_001657,thomas89taylor@live.no,24736,2024-07-05,basic,paused,2025-06-06
CUST_001658,evelyn.rodriguez@telenor.no,4646476144,2024-10-30,standard,churned,2025-05-21
CUST_001659,lillianjohannessen@telia.no,41697920,2023-10-06,standard,active,2025-02-18
CUST_001660,riley_martinez@hotmail.com,+4487835733,2023-07-09,standard,active,2025-06-02
CUST_001661,oliviasmith@hotmail.com,+4740236412,2024-10-25,premium,churned,2025-03-22
CUST_001662,jonas_miller@broadpark.no,4692033505,2023-03-19,standard,active,2025-06-02
CUST_001663,harper4jorgensen@outlook.com,4645558709,2023-01-06,basic,churned,2025-03-07
CUST_001664,lilykarlsen@yahoo.com,94 11 99 25,2023-07-24,basic,active,2025-04-03
CUST_001665,theodore.olsen@online.no,43505349/,2022-12-27,premium,active,2024-12-05
CUST_001666,addisonmoore@online.no,91 66 32 82,2022-11-04,standard,active,2025-06-18
CUST_001667,joshua_kristiansen@get.no,96352007,2024-05-03,basic,active,2025-06-27
CUST_001668,michael78larsen@protonmail.com,96977143/46080901,2025-02-14,basic,paused,2025-03-27
CUST_001669,thomas_martin@outlook.com,47888818/,2024-01-22,basic,active,2024-07-18
CUST_001670,amelia.sorensen@hotmail.com,985-18-569,2025-02-12,standard,churned,2025-04-17
CUST_001671,stella_henriksen@live.no,928-00-727,2024-10-22,basic,paused,2025-04-11
CUST_001672,clairekristiansen@telia.no,+47 437 35 640,2024-04-15,basic,paused,2025-03-31
CUST_001673,arne_white@gmail.com,99789995,2024-12-07,basic,active,2025-02-14
CUST_001674,claire.berg@live.no,004797490668,2024-03-15,standard,active,2025-04-24
CUST_001675,einar.henriksen@me.com,94560595,2023-07-16,basic,active,2025-06-12
CUST_001676,audrey81larsen@fastmail.com,+4740025856,2024-07-01,basic,active,2024-07-06
CUST_001677,maverick.smith@me.com,+461548720124,2023-12-01,basic,active,2025-03-20
CUST_001678,dylanjohansen@telia.no,004748099839,2023-06-18,standard,churned,2024-07-10
CUST_001679,theodore40smith@yahoo.com,93034383,2023-09-02,basic,active,2025-06-22
CUST_001680,isabella_jacobsen@hotmail.com,99307417/,2022-09-23,standard,churned,2024-11-15
CUST_001681,zoe20thompson@live.no,4645189622,2024-06-28,standard,paused,2025-05-21
CUST_001682,kari_jakobsen@gmail.com,40234056,2023-09-28,standard,active,2025-05-25
CUST_001683,isabella.thomas@protonmail.com,004748280516,2024-05-22,basic,paused,2025-04-23
CUST_001684,amelia_pettersen@hotmail.com,+47 947 90 986,2023-08-06,standard,active,2025-04-15
CUST_001685,aurorajakobsen@telenor.no,004792022482,2024-08-17,standard,active,2025-06-13
CUST_001686,owen.overland@hotmail.com,004790311802,2024-06-04,standard,churned,2025-01-30
CUST_001687,samuel_kristiansen@telenor.no,+3701992569,2024-11-01,basic,paused,2025-04-30
CUST_001688,zoe_garcia@broadpark.no,004740341413,2023-09-17,standard,active,2025-06-18
CUST_001689,einar.wilson@outlook.com,43 25 17 90,2024-07-13,standard,active,2025-03-10
CUST_001690,emma.miller@get.no,0314,2023-07-28,standard,paused,2025-03-07
CUST_001691,gabriel_andreassen@protonmail.com,03374,2024-08-12,premium,churned,2024-09-02
CUST_001692,emma.rodriguez@hotmail.com,4646941264,2025-01-10,standard,active,2025-06-07
CUST_001693,leahthompson@me.com,+4748057631,2023-11-15,basic,active,2025-06-23
CUST_001694,magnusjakobsen@telia.no,425-36-064,2025-03-26,basic,active,2025-04-14
CUST_001695,jaxon72rodriguez@icloud.com,10077,2025-05-17,basic,active,2025-06-13
CUST_001696,maverick_jorgensen@telenor.no,9600,2024-07-31,basic,active,2025-06-27
CUST_001697,eleanorjacobsen@outlook.com,97433384/,2023-12-02,premium,active,2025-03-16
CUST_001698,aria14haugen@telenor.no,6653,2023-10-19,premium,active,2024-07-21
CUST_001699,violet_hagen@outlook.com,96248723/,2023-08-13,standard,active,2024-10-10
CUST_001700,solveig_hagen@mail.com,+47 987 14 134,2024-02-03,basic,paused,2025-05-01
CUST_001701,magnus5sorensen@online.no,95817357,2024-01-13,basic,paused,2025-06-16
CUST_001702,gabriel4jensen@protonmail.com,4645464639,2024-03-02,premium,active,2025-06-30
CUST_001703,nathanthomas@telia.no,90 39 34 27,2023-11-07,basic,paused,2025-04-23
CUST_001704,natalie_jakobsen@get.no,92 90 50 92,2024-05-30,basic,active,2025-06-21
CUST_001705,isabella.kristiansen@telia.no,96161973,2024-02-13,basic,paused,2025-03-28
CUST_001706,lars_wilson@broadpark.no,40088238,2023-06-09,premium,active,2025-06-19
CUST_001707,tor91taylor@fastmail.com,+47 433 10 448,2024-11-17,premium,active,2025-05-08
CUST_001708,zoe93halvorsen@protonmail.com,42188220,2024-05-18,premium,active,2024-10-21
CUST_001709,ethan_smith@live.no,43641693,2024-05-10,basic,active,2025-06-25
CUST_001710,jaxon_gundersen@icloud.com,49193252,2023-08-17,standard,active,2024-09-08
CUST_001711,alexander_pettersen@live.no,+47 999 95 225,2024-09-30,premium,active,2025-03-30
CUST_001712,hannah_taylor@broadpark.no,3064,2025-03-20,premium,churned,2025-04-21
CUST_001713,adriansmith@outlook.com,4699062787,2023-02-26,basic,active,2025-02-18
CUST_001714,charlottemoore@yahoo.com,472-16-266,2023-10-14,basic,active,2025-05-28
CUST_001715,theodore.dahl@outlook.com,95999773,2023-10-17,standard,active,2025-03-01
CUST_001716,ingrid.jorgensen@me.com,44741117/,2023-11-23,standard,active,2025-06-28
CUST_001717,ragnabrown@@live.no,+4630080563,2025-03-06,standard,paused,2025-06-13
CUST_001718,kristian_johnsen@telia.no,93210788/41273654,2024-02-25,basic,active,2025-06-24
CUST_001719,jacob79hansen@outlook.com,92874162,2024-03-31,premium,active,2025-05-08
CUST_001720,nataliejorgensen@outlook.com,91 00 51 08,2024-11-26,basic,paused,2025-04-24
CUST_001721,berit_johannessen@get.no,430-03-607,2024-11-08,basic,active,2025-06-29
CUST_001722,harald.anderson@broadpark.no,4644243753,2024-02-05,standard,paused,2025-04-19
CUST_001723,evelyn.garcia@gmail.com,931-66-968,2024-04-12,premium,active,2025-06-28
CUST_001724,laylahansen@icloud.com,004740616649,2024-04-16,basic,paused,2025-04-23
CUST_001725,eleanorjacobsen@me.com,41517642/92809241,2024-11-22,basic,active,2025-06-21
CUST_001726,helene74moen@telenor.no,41525523,2023-11-07,basic,churned,2025-03-09
CUST_001727,dylan_williams@mail.com,+47 943 54 047,2022-09-04,basic,active,2025-05-10
CUST_001728,ellie.olsen@me.com,92558627,2024-04-27,standard,churned,2024-09-09
CUST_001729,elijahhaugen@,43045880/,2023-10-29,premium,churned,2025-04-23
CUST_001730,joshua_andersen@me.com,45545920,2024-07-04,standard,churned,2024-10-20
CUST_001731,hazel.johnson@telenor.no,47983045,2024-04-14,basic,active,2025-03-22
CUST_001732,berit12taylor@outlook.com,98970152,2024-10-03,premium,active,2025-05-24
CUST_001733,ragna.brown@telenor.no,44761289,2023-04-28,premium,churned,2025-03-30
CUST_001734,tor.johnson@icloud.com,4643997992,2024-04-14,premium,active,2024-12-21
CUST_001735,riley87berg@broadpark.no,4692858986,2024-03-17,basic,churned,2024-11-21
CUST_001736,zoey_miller@online.no,40737949,2024-01-30,premium,paused,2025-04-09
CUST_001737,hannahandreassen@protonmail.com,26543,2024-07-20,standard,active,2025-06-20
CUST_001738,nataliejohansen@fastmail.com,+4799839859,2023-09-30,standard,churned,2024-08-26
CUST_001739,ellie41williams@mail.com,47568167/93407307,2023-12-11,basic,paused,2025-03-16
CUST_001740,jaxon_overland@live.no,40 78 83 69,2024-10-21,basic,active,2025-03-27
CUST_001741,liam25hagen@fastmail.com,92850231/,2023-09-09,basic,paused,2025-03-21
CUST_001742,natalie21jo rgensen@hotmail.com,2234,2024-04-05,basic,active,2024-07-30
CUST_001743,addisonolsen@telenor.no,95 70 20 06,2024-11-27,basic,active,2025-05-22
CUST_001744,calebjohannessen@fastmail.com,2706,2024-07-05,standard,paused,2025-05-11
CUST_001745,alexander_karlsen@yahoo.com,+334555595,2025-02-04,standard,active,2025-03-09
CUST_001746,emmajohnson@online.no,4600,2024-03-12,premium,paused,2025-03-18
CUST_001747,owen_jakobsen@telenor.no,422-20-975,2023-01-21,premium,active,2024-12-07
CUST_001748,violet5white@telenor.no,+3344907697,2023-04-20,basic,active,2025-06-13
CUST_001749,claire_anderson@hotmail.com,1053,2025-03-19,basic,active,2025-05-22
CUST_001750,elijah_larsen@fastmail.com,47742705,2024-07-27,standard,active,2024-08-17
CUST_001751,bella_iversen@me.com,93228012,2024-05-11,standard,churned,2025-05-25
CUST_001752,samuelmoen@get.no,92476096/46472452,2024-06-14,basic,active,2024-07-09
CUST_001753,norasmith@online.no,90946577,2024-04-20,basic,active,2025-06-29
CUST_001754,helene78williams@broadpark.no,92680928,2023-08-09,basic,active,2025-06-20
CUST_001755,marit.thompson@live.no,+47 405 37 186,2025-03-04,standard,paused,2025-04-01
CUST_001756,natalie_jones@broadpark.no,96479512,2024-04-15,standard,active,2025-06-29
CUST_001757,gunnarthompson@icloud.com,+4794160199,2024-12-25,premium,churned,2025-03-23
CUST_001758,brooklyn.iversen@gmail.com,+47 486 71 520,2024-04-06,premium,active,2025-06-24
CUST_001759,eleanor_larsen@icloud.com,979-67-246,2024-12-27,basic,active,2025-06-30
CUST_001760,ava.miller@fastmail.com,+880025497239,2024-10-07,basic,active,2025-05-09
CUST_001761,aurora80halvorsen@fastmail.com,004795396597,2023-09-24,basic,paused,2025-06-10
CUST_001762,aubreykarlsen@live.no,+334051337937,2023-08-16,premium,active,2024-09-27
CUST_001763,bella87kristiansen@get.no,5849,2023-10-15,standard,churned,2025-05-28
CUST_001764,olav.mart inez@gmail.com,440-57-445,2025-03-15,premium,churned,2025-03-27
CUST_001765,samuelhalvorsen@me.com,99111108,2024-06-09,premium,active,2025-03-11
CUST_001766,freyagundersen@fastmail.com,42135961/,2024-03-25,basic,active,2024-07-09
CUST_001767,sebastian.anderson@icloud.com,20554,2024-02-24,basic,churned,2024-07-29
CUST_001768,claire_nilsen@get.no,97498474,2024-05-31,basic,active,2025-05-19
CUST_001769,alexandersmith@get.no,+48804529267,2023-05-28,standard,churned,2024-07-11
CUST_001770,erik76martinez@online.no,+47 944 58 474,2022-12-14,basic,active,2025-06-30
CUST_001771,helene_jensen@get.no,459-62-751,2022-10-10,standard,active,2025-03-15
CUST_001772,owen.brown@telenor.no,98447936,2023-10-19,premium,active,2024-12-03
CUST_001773,mia71halvorsen@live.no,43070659,2024-08-16,basic,active,2025-06-11
CUST_001774,stella_olsen@yahoo.com,+47 933 03 727,2025-01-14,standard,churned,2025-01-30
CUST_001775,violet.lund@live.no,8780,2023-04-02,standard,active,2025-02-02
CUST_001776,hannahlund@telenor.no,96356541/42882521,2023-02-10,premium,churned,2024-09-19
CUST_001777,joshuadavis@gmail.com,928-82-847,2023-05-04,standard,active,2025-06-28
CUST_001778,isabella_thomas@hotmail.com,91232036/,2023-01-29,standard,active,2025-04-16
CUST_001779,hazel70lee@online.no,98527287,2023-10-02,basic,paused,2025-05-31
CUST_001780,michael62hansen@broadpark.no,44710628/43455735,2023-04-24,basic,active,2025-05-20
CUST_001781,adrian.anderson@get.no,95358597,2024-09-07,basic,paused,2025-05-03
CUST_001782,riley_lee@telia.no,97042402,2024-07-01,standard,active,2024-08-22
CUST_001783,magnus_martin@me.com,97041167/,2022-12-02,standard,active,2025-01-22
CUST_001784,ingrid37moen@telia.no,+34846733229,2023-06-16,premium,active,2025-02-22
CUST_001785,magnus69henriksen@protonmail.com,4690062394,2023-02-07,standard,churned,2024-11-11
CUST_001786,aria5moen@icloud.com,489-53-012,2023-01-30,basic,active,2025-05-12
CUST_001787,theodore_johansen@get.no,4691628335,2024-05-10,premium,active,2025-01-08
CUST_001788,claire.white@outlook.com,93374356,2024-04-19,basic,churned,2024-07-25
CUST_001789,daniel.williams@me.com,95 96 95 79,2023-11-29,basic,active,2024-10-07
CUST_001790,sigridhenriksen@telenor.no,45 53 62 91,2024-04-29,basic,churned,2025-05-26
CUST_001791,masongarcia@hotmail.com,92520788,2024-10-16,premium,active,2024-11-02
CUST_001792,charlotte_andersentelenor.no,004797445203,2025-02-20,premium,active,2025-03-11
CUST_001793,gunnar34martinez@fastmail.com,+4748824035,2023-11-17,basic,active,2025-06-19
CUST_001794,daniel.lee@icloud.com,4649363409,2024-08-17,basic,paused,2025-06-20
CUST_001795,claire_olsen@protonmail.com,99 59 90 04,2023-03-04,standard,churned,2025-02-16
CUST_001796,jacobanderson@hotmail.com,004790189113,2023-08-06,premium,paused,2025-06-02
CUST_001797,samuel47williams@get.no,43996276,2024-02-23,basic,active,2024-11-02
CUST_001798,nathan.jensen@outlook.com,42913813,2025-02-22,basic,churned,2025-03-16
CUST_001799,aria.martinez@broadpark.no,49664523/49199082,2025-01-11,basic,active,2025-03-13
CUST_001800,einar_martinmail.com,+47 436 67 041,2023-03-26,basic,active,2025-05-04
CUST_001801,claire.miller@outlook.com,94050133/40344956,2025-03-13,standard,active,2025-04-05
CUST_001802,aurora.white@live.no,4697525723,2025-01-05,standard,paused,2025-03-28
CUST_001803,layla_kristiansen@live.no,+333066700599,2024-07-30,premium,active,2024-08-25
CUST_001804,owen_jackson@yahoo.com,+4790071580,2023-08-24,standard,churned,2025-02-28
CUST_001805,ryan72anderson@gmail.com,+4742343065,2023-04-26,premium,churned,2025-04-03
CUST_001806,mateo_moore@,+4685825854,2024-06-18,basic,active,2025-06-22
CUST_001807,thomas_johansen@hotmail.com,6932,2023-01-13,standard,active,2025-06-27
CUST_001808,liv33hagen@live.no,96 64 86 74,2024-12-12,basic,churned,2025-01-26
CUST_001809,ava14jakobsen@hotmail.com,92 97 76 01,2024-08-11,standard,active,2025-06-23
CUST_001810,alexanderkristiansen@get.no,11686,2024-11-23,basic,active,2025-06-18
CUST_001811,sebastian_sorensen@outlook.com,455-54-654,2024-10-07,standard,churned,2024-10-30
CUST_001812,anne30johannessen@fastmail.com,+47 440 34 454,2022-09-22,standard,active,2024-09-16
CUST_001813,noah.hansen@hotmail.com,92272386,2023-08-06,standard,active,2025-05-04
CUST_001814,charlotte94anderson@mail.com,4646838509,2024-07-05,premium,churned,2024-12-24
CUST_001815,samuel.johansen@me.com,908-11-364,2023-06-07,premium,paused,2025-06-29
CUST_001816,zoeyandreassen@mail.com,93770062/99595142,2024-01-22,standard,active,2025-02-13
CUST_001817,haraldsorensen@live.no,004741756275,2024-10-12,basic,active,2025-06-25
CUST_001818,harald9jackson@mail.com,+4794794592,2024-08-27,premium,active,2024-09-09
CUST_001819,claire21haugen@mail.com,004791001707,2024-02-17,basic,active,2025-02-10
CUST_001820,erik.henriksen@online.no,4640494841,2023-11-05,basic,active,2025-05-28
CUST_001821,arne_lund@me.com,+3713026564,2023-12-22,premium,churned,2025-06-21
CUST_001822,luke.brown@broadpark.no,90894107/41611464,2024-08-15,premium,churned,2025-06-18
CUST_001823,ingrid8williams@hotmail.com,92 47 38 85,2022-12-05,basic,active,2024-07-02
CUST_001824,bjorn72smith@icloud.com,+47 407 88 125,2024-08-22,standard,active,2025-06-12
CUST_001825,anne.anderson@get.no,42679909/96602865,2023-03-27,basic,churned,2024-09-30
CUST_001826,violet40andersen@live.no,7037,2024-03-12,basic,churned,2024-09-01
CUST_001827,arne_jackson@me.com,47098348,2024-08-04,basic,paused,2025-04-04
CUST_001828,livgundersen@online.no,96296507/94565726,2024-04-12,standard,paused,2025-05-27
CUST_001829,logan_white@,99477950,2023-06-03,basic,active,2025-03-21
CUST_001830,gunnar.jensen@me.com,92693032,2023-06-19,standard,churned,2024-11-23
CUST_001831,aubrey48johnsen@fastmail.com,+4740907406,2024-09-01,basic,active,2025-04-14
CUST_001832,marit60karlsen@icloud.com,4695125837,2023-09-13,standard,churned,2025-03-02
CUST_001833,greta27lund@mail.com,4699332763,2024-09-08,basic,active,2025-05-14
CUST_001834,andrew_moore@live.no,+47 437 22 593,2024-12-08,basic,active,2025-01-06
CUST_001835,sophiahansen@broadpark.no,44037043,2024-09-26,premium,active,2025-06-21
CUST_001836,kari_jones@fastmail.com,95612578/44737198,2023-08-05,premium,churned,2025-04-05
CUST_001837,freya54kristiansen@online.no,46455442/45783792,2024-05-03,basic,active,2025-05-03
CUST_001838,evelyn_wilson@mail.com,+37090397997,2023-03-22,premium,paused,2025-04-26
CUST_001839,jacktaylor@hotmail.com,42198596,2022-12-20,standard,paused,2025-06-21
CUST_001840,tor_taylor@get.no,46 66 86 06,2023-12-16,basic,active,2024-09-18
CUST_001841,aurora39pedersen@mail.com,+4748959103,2024-03-07,basic,active,2025-05-18
CUST_001842,stellajohnsen@yahoo.com,93 74 39 63,2024-01-21,basic,churned,2025-04-16
CUST_001843,eleanorhansen@hotmail.com,96 56 53 17,2025-01-26,standard,active,2025-07-01
CUST_001844,michael.lee@mail.com,+13223487493,2024-01-19,basic,active,2025-01-01
CUST_001845,charlotte.davis@outlook.com,004796073264,2024-07-16,premium,active,2025-05-06
CUST_001846,aurorawilliams@protonmail.com,+331645810457,2023-07-22,premium,active,2024-09-13
CUST_001847,kristian_dahl@icloud.com,4648780528,2023-02-01,basic,churned,2025-05-07
CUST_001848,aubrey25pedersen@broadpark.no,97719888/47434509,2023-07-17,standard,active,2025-05-16
CUST_001849,elijahjakobsen@yahoo.com,43089964,2024-05-28,premium,churned,2025-06-03
CUST_001850,hannahwhite@mail.com,004799521215,2024-05-30,basic,churned,2025-03-31
CUST_001851,brooklynjones@gmail.com,004799466049,2023-08-04,basic,churned,2024-08-20
CUST_001852,ryan.overland@live.no,+335586819004,2024-11-19,standard,churned,2025-06-04
CUST_001853,isaac70jensen@mail.com,4690138550,2023-09-07,basic,active,2025-01-22
CUST_001854,maverick.eriksen@me.com,41245718,2024-12-18,standard,churned,2025-04-09
CUST_001855,logan.rodriguez@icloud.com,+4795055191,2023-11-26,premium,churned,2025-04-19
CUST_001856,zoe11jones@online.no,9328,2023-04-01,standard,active,2024-07-07
CUST_001857,charlotte_rodriguez@live.no,43213495/,2024-10-16,basic,active,2025-04-27
CUST_001858,bjorn28larsen@mail.com,+464806611262,2023-10-17,premium,active,2025-06-25
CUST_001859,olavhalvorsen@outlook.com,+47 421 18 601,2024-02-27,basic,paused,2025-03-30
CUST_001860,harper_thomas@get.no,+4806231459,2024-05-06,premium,paused,2025-04-28
CUST_001861,sven.rodriguez@mail.com,91968045/,2025-03-08,basic,active,2025-06-29
CUST_001862,anne28larsen@mail.com,46418044,2023-09-25,standard,active,2025-06-20
CUST_001863,helenejohnson@fastmail.com,44695449,2023-05-14,basic,active,2025-06-22
CUST_001864,tor.lee@protonmail.com,474-56-698,2024-09-05,premium,churned,2024-10-06
CUST_001865,kristiananderson@gmail.com,91429049,2024-06-16,premium,active,2024-11-18
CUST_001866,lillianeriksen@telia.no,+47 969 19 530,2024-12-14,basic,churned,2025-04-12
CUST_001867,anthony38kristiansen@,42 62 97 61,2024-11-20,standard,active,2025-05-14
CUST_001868,anthony_gundersen@gmail.com,004744689670,2024-11-17,standard,active,2025-05-17
CUST_001869,haraldjohnson@mail.com,41572312,2024-07-06,basic,active,2025-05-27
CUST_001870,michael96henriksen@mail.com,48589496,2023-05-10,standard,active,2025-06-26
CUST_001871,lucas.henriksen@me.com,+34605993423,2024-10-27,premium,paused,2025-04-01
CUST_001872,ethan_hansen@telenor.no,94314140/,2023-07-30,standard,churned,2024-11-18
CUST_001873,liv82eriksen@telia.no,+47 440 21 168,2024-10-29,basic,active,2024-11-23
CUST_001874,tor.lee@broadpark.no,+448963558774,2023-08-29,standard,active,2024-11-09
CUST_001875,berit_moore@icloud.com,+4792544225,2024-09-18,basic,active,2024-10-16
CUST_001876,einar.thompson@yahoo.com,43 45 53 88,2024-09-29,standard,active,2025-06-27
CUST_001877,hazel56jakobsen@@online.no,4648288745,2023-10-29,standard,active,2025-06-20
CUST_001878,bjorn81jensen@gmail.com,41 36 85 93,2024-12-07,premium,paused,2025-04-02
CUST_001879,jacob.jakobsen@yahoo.com,+47 914 43 010,2023-08-01,basic,active,2025-03-18
CUST_001880,evelyn77davis@me.com,004797443319,2023-08-10,standard,active,2025-06-21
CUST_001881,elliehaugen@hotmail.com,0343,2024-07-22,premium,churned,2024-10-02
CUST_001882,claire.jackson@live.no,4647860215,2024-02-06,basic,churned,2024-12-12
CUST_001883,violet_gundersen@fastmail.com,+47 990 33 122,2024-09-29,premium,active,2025-02-20
CUST_001884,elijah38iversen@gmail.com,+4744836874,2024-04-18,premium,churned,2025-05-04
CUST_001885,olivia50haugen@live.no,1282,2024-11-20,basic,churned,2025-01-08
CUST_001886,maverick34garcia@me.com,94393304,2023-10-16,standard,churned,2024-08-25
CUST_001887,sigrid.johnsen@telia.no,960-48-531,2024-10-02,basic,churned,2024-12-18
CUST_001888,lukebrown@me.com,41846512/,2022-12-13,basic,active,2025-06-18
CUST_001889,gabriel.lee@hotmail.com,+47 448 36 481,2024-12-28,standard,paused,2025-05-19
CUST_001890,ingridlund@fastmail.com,92193793/,2023-03-10,basic,paused,2025-03-14
CUST_001891,zoe89eriksen@fastmail.com,92 76 76 87,2024-04-08,standard,churned,2025-04-21
CUST_001892,leah.andersen@hotmail.com,+47 991 95 380,2022-12-29,premium,churned,2025-01-01
CUST_001893,joshua_johnson@mail.com,+4747615001,2025-01-06,basic,churned,2025-05-23
CUST_001894,lincoln_hansen@icloud.com,4646479214,2022-09-17,premium,active,2025-07-01
CUST_001895,greta13brown@live.no,73806,2024-04-22,standard,active,2024-07-16
CUST_001896,aiden.sorensen@online.no,91023726/,2024-07-16,premium,active,2025-06-26
CUST_001897,theodore73sorensen@telenor.no,95971557,2024-01-05,basic,paused,2025-03-11
CUST_001898,savannah.overland@gmail.com,+19685688,2023-11-13,premium,paused,2025-04-22
CUST_001899,thomasthompson@outlook.com,+3364470263,2024-10-26,standard,churned,2024-11-21
CUST_001900,natalie43johannessen@get.no,+44347450240,2023-08-31,basic,active,2024-11-20
CUST_001901,astridanderson@gmail.com,+48480780538,2024-09-09,premium,churned,2025-05-11
CUST_001902,ingrid.eriksen@yahoo.com,+4799648040,2024-04-09,standard,active,2025-06-19
CUST_001903,ryan1pedersen@protonmail.com,+4744051026,2024-06-15,basic,churned,2024-08-24
CUST_001904,layla38eriksen@fastmail.com,+47 964 66 033,2023-06-13,basic,churned,2025-04-19
CUST_001905,larssmith@icloud.com,40941010/,2024-10-04,standard,active,2025-06-24
CUST_001906,bellakristiansentelia.no,984-97-797,2024-09-18,basic,active,2025-06-25
CUST_001907,loganjohannessen@icloud.com,+47 947 89 350,2023-01-27,standard,paused,2025-03-27
CUST_001908,berit24andersontelia.no,90687567,2025-01-23,basic,churned,2025-01-31
CUST_001909,aria31rodriguez@yahoo.com,49123774,2024-06-13,premium,churned,2024-11-01
CUST_001910,freya_nilsen@get.no,+4796870580,2024-03-31,basic,paused,2025-06-26
CUST_001911,karithompson@live.no,46407078,2024-09-16,standard,paused,2025-04-10
CUST_001912,hannahiversen@broadpark.no,40348573/95404492,2024-04-07,standard,active,2025-06-28
CUST_001913,ethan_iversen@broadpark.no,44088,2023-12-06,standard,paused,2025-04-17
CUST_001914,jack.johansen@hotmail.com,+47 960 52 699,2023-08-24,basic,paused,2025-05-16
CUST_001915,aria.berg@mail.com,96330923,2024-06-16,standard,active,2025-05-02
CUST_001916,owen.johansen@online.no,2953,2024-12-17,standard,active,2025-06-27
CUST_001917,harper_eriksen@outlook.com,4646820481,2023-08-24,basic,churned,2025-06-24
CUST_001918,aubrey37dahl@broadpark.no,+4797797398,2023-02-05,basic,active,2025-02-10
CUST_001919,tor.jorgensen@hotmail.com,48 27 23 82,2024-05-02,basic,active,2025-01-11
CUST_001920,charlottewilliams@protonmail.com,96 88 15 59,2025-02-19,basic,churned,2025-05-08
CUST_001921,permartin@mail.com,004798761504,2024-03-17,basic,churned,2024-10-18
CUST_001922,hilde_johansen@broadpark.no,+489555935588,2025-01-02,basic,churned,2025-01-24
CUST_001923,solveigkarlsen@online.no,004797774592,2024-06-10,premium,active,2025-06-04
CUST_001924,theodore_iversen@yahoo.com,+47 990 07 045,2023-04-21,premium,active,2025-02-19
CUST_001925,livlee@live.no,4646623956,2023-12-06,standard,active,2025-05-27
CUST_001926,ellie.davis@hotmail.com,96749064,2024-11-18,basic,paused,2025-06-12
CUST_001927,savannah62karlsen@telia.no,41 45 13 41,2024-03-27,premium,active,2025-06-26
CUST_001928,eleanor_halvorsen@protonmail.com,6833,2024-06-08,premium,churned,2024-09-02
CUST_001929,thomaswilliams@gmail.com,31715,2023-03-27,premium,churned,2025-01-11
CUST_001930,logan75wilson@get.no,43686093/,2023-05-20,premium,paused,2025-05-09
CUST_001931,avabrown@telenor.no,+491532026,2024-07-27,basic,churned,2024-12-02
CUST_001932,ragna_berg@telenor.no,+47 420 38 878,2024-10-12,premium,active,2025-05-15
CUST_001933,hannah.jacobsen@online.no,4812,2024-07-22,premium,paused,2025-05-11
CUST_001934,joshua_jacobsen@online.no,4694404783,2023-09-07,premium,active,2024-08-02
CUST_001935,joshuamoen@hotmail.com,48774499/44687144,2024-06-02,premium,active,2025-04-01
CUST_001936,logan56jorgensen@protonmail.com,004743940269,2023-09-14,standard,churned,2024-11-16
CUST_001937,berit50davis@live.no,+46687220373,2024-08-30,premium,churned,2025-03-06
CUST_001938,gabriel_taylor@get.no,97485783/44559657,2023-12-03,premium,paused,2025-03-06
CUST_001939,isaac.overland@broadpark.no,95126764,2023-12-21,premium,active,2025-05-22
CUST_001940,rileyjohnsen@online.no,446-53-442,2025-02-17,basic,active,2025-06-21
CUST_001941,theodore33gundersen@online.no,4645203519,2024-12-17,standard,active,2025-06-19
CUST_001942,luke.moen@protonmail.com,+4745850814,2022-10-05,basic,active,2024-09-16
CUST_001943,zoe24jackson@hotmail.com,+18917005,2024-10-26,premium,active,2025-03-19
CUST_001944,violet38anderson@me.com,45 27 02 59,2024-01-04,basic,active,2025-04-05
CUST_001945,lillian.williams@mail.com,004747751306,2025-01-04,premium,paused,2025-06-12
CUST_001946,jacob71nilsen@live.no,004793714732,2025-02-15,basic,active,2025-05-20
CUST_001947,eleanor_hagen@me.com,965-60-233,2024-05-23,standard,active,2025-02-26
CUST_001948,oliviamoen@me.com,+47 955 26 720,2023-11-24,standard,churned,2025-03-04
CUST_001949,evelyn.overland@get.no,45687069,2025-05-24,standard,active,2025-06-29
CUST_001950,isabella12moore@broadpark.no,+47 423 53 933,2025-04-06,standard,active,2025-05-01
CUST_001951,svenjorgensen@outlook.com,+47 479 43 218,2024-09-01,basic,active,2025-05-23
CUST_001952,torjohannessen@live.no,+49488051093,2024-09-26,standard,paused,2025-05-16
CUST_001953,greta_hagen@hotmail.com,0984,2024-11-22,premium,active,2025-05-20
CUST_001954,christopher_olsen@telia.no,90470125,2023-11-01,premium,active,2025-06-04
CUST_001955,kari.miller@get.no,+47 968 17 697,2024-06-07,standard,churned,2025-06-01
CUST_001956,liv.white@telenor.no,3179,2024-09-11,standard,active,2024-12-26
CUST_001957,brooklynrodriguez@get.no,95452593,2023-02-22,standard,active,2025-06-21
CUST_001958,adrian.sorensen@mail.com,96207856/,2024-10-29,premium,active,2024-12-05
CUST_001959,ingrid21thomas@mail.com,46118680,2023-10-01,basic,churned,2024-12-11
CUST_001960,joshua.hansen@telenor.no,99081700/,2023-05-18,basic,churned,2025-01-06
CUST_001961,lincoln86johansen@protonmail.com,+47 970 14 972,2023-11-06,standard,active,2025-06-30
CUST_001962,sigrid83henriksen@live.no,004790773595,2024-05-29,standard,paused,2025-06-17
CUST_001963,olavjohnsen@yahoo.com,45639748,2023-08-23,premium,active,2025-04-27
CUST_001964,sophia14johnson@protonmail.com,+47 986 73 581,2024-02-21,premium,active,2024-08-28
CUST_001965,samuel37williams@online.no,+47 459 95 843,2024-03-01,standard,active,2024-12-02
CUST_001966,chloe.lund@yahoo.com,40646912,2024-06-03,standard,active,2025-06-22
CUST_001967,thomas_davis@telenor.no,40 31 38 78,2024-09-08,standard,churned,2025-06-15
CUST_001968,theodorelee@get.no,+4745526202,2024-01-19,basic,paused,2025-04-22
CUST_001969,savannah.johannessen@online.no,48269934,2023-09-26,basic,active,2025-05-12
CUST_001970,daniel_jensen@yahoo.com,97865039,2023-12-12,premium,paused,2025-03-20
CUST_001971,hazel.halvorsen@mail.com,97 77 91 74,2024-09-17,basic,paused,2025-05-24
CUST_001972,jack_dahl@telia.no,48 11 57 50,2023-06-05,basic,active,2025-06-14
CUST_001973,lars_andreassen@broadpark.no,975-62-943,2024-09-20,basic,active,2024-09-27
CUST_001974,brooklyn.jones@protonmail.com,939-44-101,2025-04-08,basic,churned,2025-04-23
CUST_001975,lars_eriksen@protonmail.com,41818896,2024-01-10,premium,churned,2025-06-12
CUST_001976,gunnarwilson@telenor.no,+47 938 48 111,2024-07-05,standard,active,2025-05-29
CUST_001977,violet.halvorsen@live.no,926-24-554,2024-05-14,basic,active,2025-06-10
CUST_001978,aiden33henriksen@get.no,42394071/,2023-09-21,basic,paused,2025-05-25
CUST_001979,aiden.andreassen@live.no,0795,2024-12-02,basic,active,2025-06-13
CUST_001980,samuel.wilson@me.com,4640224175,2024-05-24,standard,churned,2025-04-15
CUST_001981,luke.gundersen@icloud.com,94133366/90285915,2023-04-04,premium,paused,2025-03-11
CUST_001982,lillian.garcia@outlook.com,+3421911429,2024-01-30,premium,active,2025-06-27
CUST_001983,amelia.jacobsen@gmail.com,+4796993914,2023-06-08,standard,active,2025-06-17
CUST_001984,ethan.johnsen@mail.com,94020984,2023-11-02,standard,churned,2024-07-14
CUST_001985,brooklynjakobsen@live.no,48272913/97591644,2023-11-09,standard,active,2025-04-08
CUST_001986,michael.martin@outlook.com,43085231,2024-06-16,standard,paused,2025-06-10
CUST_001987,zoeyjacobsen@yahoo.com,4642246267,2023-07-02,premium,active,2025-06-17
CUST_001988,jacobjorgensen@hotmail.com,48670776,2025-03-10,premium,active,2025-05-07
CUST_001989,jonas76thomas@telia.no,+460752400,2024-08-23,basic,paused,2025-06-27
CUST_001990,isaac89andersen@gmail.com,97254265,2024-07-25,basic,active,2025-05-11
CUST_001991,chloe_johnson@mail.com,92381828/,2024-02-03,standard,churned,2025-04-07
CUST_001992,kari59johnsen@me.com,47042357/41899593,2025-01-10,basic,paused,2025-05-08
CUST_001993,tor.davis@telenor.no,+487750884,2024-02-10,premium,churned,2024-09-10
CUST_001994,sebastian49lund@online.no,4692138059,2024-06-16,premium,paused,2025-03-18
CUST_001995,noragarcia@icloud.com,004742595513,2023-07-20,basic,paused,2025-06-27
CUST_001996,haraldjorgensen@telenor.no,004749635110,2024-01-21,standard,active,2025-04-19
CUST_001997,freya_haugen@mail.com,990-50-417,2024-08-25,basic,active,2025-06-01
CUST_001998,jacob90moen@mail.com,90323812/47189935,2023-01-29,basic,paused,2025-05-06
CUST_001999,hildetaylor@mail.com,41275963,2023-09-15,standard,active,2025-06-30
CUST_002000,caleb_rodriguez@mail.com,48862306,2023-10-08,standard,churned,2025-03-20
CUST_002001,noah.hagen@mail.com,43648510/42182414,2025-03-21,basic,active,2025-06-29
CUST_002002,brooklyn9johannessen@live.no,+3710320434743,2023-10-14,basic,active,2025-06-11
CUST_002003,elijah.moen@protonmail.com,1355,2024-06-30,premium,active,2025-04-15
CUST_002004,sophia_martin@online.no,+481898987877,2024-05-10,premium,active,2025-01-12
CUST_002005,mia62berg@broadpark.no,+332048730451,2024-01-27,standard,active,2024-08-25
CUST_002006,,47964031,2024-06-22,standard,active,2025-02-12
CUST_002007,"penelopemill,er@outlook.com",45449339,2024-10-02,basic,paused,2025-04-20
CUST_002008,lillian_johannessen@gmail.com,96702071/93784205,2024-06-16,premium,active,2025-01-26
CUST_002009,rileytaylor@protonmail.com,2100,2024-04-21,basic,paused,2025-04-07
CUST_002010,liamandreassen@gmail.com,+47 412 46 175,2023-11-28,standard,paused,2025-06-30
CUST_002011,ryannilsen@fastmail.com,96718644/46244704,2024-02-13,standard,churned,2025-06-29
CUST_002012,ethan.williams@online.no,+4742570443,2023-08-20,basic,active,2025-06-09
CUST_002013,caleb55sorensen@telia.no,+497998992469,2024-10-18,standard,active,2025-01-13
CUST_002014,lincoln_kristiansen@outlook.com,48643231,2023-07-23,standard,paused,2025-05-14
CUST_002015,isaac_nilsen@broadpark.no,+47 991 70 034,2024-08-22,premium,active,2025-04-07
CUST_002016,per49karlsen@protonmail.com,004745362512,2024-09-16,basic,active,2025-04-19
CUST_002017,jonas.andersen@outlook.com,+37100522144,2024-10-16,standard,active,2025-05-25
CUST_002018,sebastian_garcia@icloud.com,91 16 15 99,2023-10-22,basic,active,2025-05-22
CUST_002019,svenpedersen@broadpark.no,47 58 26 82,2023-10-18,premium,active,2025-06-23
CUST_002020,alexanderandreassen@mail.com,43235859,2024-08-30,standard,churned,2025-06-05
CUST_002021,bjorn;lee@fastmail.com,90750781,2024-01-28,premium,active,2025-05-25
CUST_002022,samueljacobsen@fastmail.com,97777444,2024-02-11,basic,churned,2025-05-23
CUST_002023,leah.jacobsen@me.com,469-88-264,2024-02-24,basic,paused,2025-04-07
CUST_002024,violet_halvorsen@me.com,+47 993 85 460,2024-01-30,basic,active,2025-06-18
CUST_002025,norajohansen@online.no,004793960160,2024-02-06,premium,active,2025-05-08
CUST_002026,harald4johannessen@online.no,46251743/,2024-11-17,standard,paused,2025-06-24
CUST_002027,jack_jensen@protonmail.com,4693988442,2024-04-18,standard,active,2025-05-05
CUST_002028,owengundersen@outlook.com,94549595/,2023-06-22,premium,churned,2025-01-04
CUST_002029,christopher.martin@hotmail.com,+47 927 18 322,2023-02-21,basic,active,2025-06-04
CUST_002030,astrid_berg@live.no,+47 917 64 040,2024-07-31,standard,active,2025-04-20
CUST_002031,isabella_johnsen@broadpark.no,41050228/40745952,2023-08-13,standard,paused,2025-06-14
CUST_002032,hazel54white@fastmail.com,+47 923 93 543,2023-03-27,basic,churned,2024-08-12
CUST_002033,penelope18martin@me.com,49692151/40260772,2025-01-14,basic,churned,2025-02-02
CUST_002034,sigridthomas@me.com,+4791557310,2024-06-18,basic,churned,2024-12-24
CUST_002035,mia.garcia@online.no,+332973414,2024-03-14,basic,paused,2025-06-11
CUST_002036,tormoore@online.no,48268009/,2025-01-25,basic,active,2025-06-23
CUST_002037,erik_wilson@online.no,96023,2024-09-13,standard,churned,2024-10-13
CUST_002038,jaxonlund@outlook.com,+47 432 30 888,2025-01-28,standard,active,2025-04-24
CUST_002039,jaxonhenriksen@gmail.com,40078867,2023-12-13,standard,paused,2025-03-23
CUST_002040,savannahjorgensen@protonmail.com,99145049,2023-07-07,standard,active,2025-05-23
CUST_002041,zoe87martinez@icloud.com,92865181,2024-07-26,premium,active,2025-06-27
CUST_002042,rileyanderson@broadpark.no,96217643,2023-02-26,premium,active,2025-04-19
CUST_002043,leah49jackson@me.com,004747886985,2024-03-04,standard,active,2025-06-19
CUST_002044,logan83larsen@live.no,+47 464 18 793,2023-12-10,standard,churned,2024-10-22
CUST_002045,jack.overland@online.no,99316459,2024-03-11,basic,active,2025-05-20
CUST_002046,mateo.hansen@icloud.com,004747936518,2023-06-27,standard,active,2025-05-21
CUST_002047,sven.davis@yahoo.com,67212,2023-06-11,basic,active,2025-03-05
CUST_002048,solveigwilliams@mail.com,00980,2023-05-14,standard,churned,2024-12-15
CUST_002049,zoe_anderson@telenor.no,44136532,2024-01-26,standard,active,2025-02-13
CUST_002050,freya57rodriguez@mail.com,90600746,2024-12-11,basic,active,2025-05-20
CUST_002051,ava.larsen@me.com,4694436871,2023-12-05,premium,active,2025-05-16
CUST_002052,sven.overland@live.no,97 40 54 58,2024-05-02,basic,churned,2025-04-23
CUST_002053,gretajohnson@icloud.com,98531419,2024-03-23,standard,active,2024-11-10
CUST_002054,ragna_johannessen@telia.no,42339982,2024-11-19,standard,active,2025-06-24
CUST_002055,sven.kristiansen@hotmail.com,004798456771,2024-06-14,premium,active,2025-06-20
CUST_002056,jaxon49anderson@get.no,95689391,2023-04-22,standard,paused,2025-03-19
CUST_002057,hilde57dahl@protonmail.com,+47 965 76 664,2024-04-06,standard,active,2025-04-16
CUST_002058,liamwilliams@telia.no,+48049988782,2024-01-23,standard,churned,2024-08-06
CUST_002059,ellie_dahl@get.no,46185069,2024-10-11,standard,active,2025-05-07
CUST_002060,lincolngundersen@me.com,46724663,2024-01-29,basic,active,2025-06-27
CUST_002061,owen_larsen@hotmail.com,43011184/,2023-11-29,standard,active,2025-02-27
CUST_002062,bella67jorgensen@protonmail.com,92 45 29 61,2024-06-25,basic,active,2024-07-31
CUST_002063,violet_johannessen@protonmail.com,47 98 38 71,2023-12-08,standard,active,2024-09-16
CUST_002064,lars_gundersen@fastmail.com,60199,2023-09-22,basic,paused,2025-03-18
CUST_002065,hilde34gundersen@yahoo.com,97629368/,2024-07-28,standard,churned,2025-02-02
CUST_002066,savannah25davis@online.no,+47 410 27 190,2023-11-20,premium,active,2025-06-17
CUST_002067,penelope_jones@telia.no,41519045,2023-10-09,standard,active,2025-01-18
CUST_002068,greta_andreassen@live.no,41656633,2024-01-17,premium,active,2025-06-23
CUST_002069,michael_jacobsen@hotmail.com,453-81-403,2025-02-01,standard,active,2025-02-27
CUST_002070,anne.brown@mail.com,+447450933,2023-02-04,standard,active,2024-12-27
CUST_002071,jacobjohannessen@icloud.com,3532,2023-09-16,standard,churned,2024-12-11
CUST_002072,savannahgundersen@protonmail.com,+47 917 27 573,2024-06-28,basic,churned,2024-11-06
CUST_002073,jaxon50nilsen@yahoo.com,453-93-929,2024-08-07,standard,paused,2025-06-25
CUST_002074,jacob.andersen@protonmail.com,+4793390627,2024-01-05,premium,churned,2024-10-15
CUST_002075,audrey37pettersen@fastmail.com,+47 439 12 990,2024-09-05,basic,paused,2025-04-16
CUST_002076,amelia_karlsen@online.no,95714211/,2024-05-11,premium,active,2025-06-15
CUST_002077,ragnajakobsen@mail.com,40044364/,2023-05-13,standard,active,2025-03-31
CUST_002078,layla73johnsen@get.no,44220072/,2024-10-15,standard,active,2025-05-28
CUST_002079,aria7overland@broadpark.no,97109338/93000900,2023-12-01,basic,churned,2024-10-09
CUST_002080,theodore55martin@mail.com,+47 946 58 617,2024-10-14,premium,active,2024-10-21
CUST_002081,zoey_jacobsen@icloud.com,+4744656841,2024-06-30,premium,active,2025-05-27
CUST_002082,ethan_overland@protonmail.com,48 51 76 96,2024-06-16,standard,active,2024-10-11
CUST_002083,zoe_hansen@gmail.com,4647522964,2024-03-15,premium,active,2025-07-01
CUST_002084,sigridjohnsen@yahoo.com,95579537,2023-12-19,basic,churned,2025-06-26
CUST_002085,lily19andersen@icloud.com,004740297081,2024-09-05,standard,active,2025-05-11
CUST_002086,einar_karlsen@outlook.com,44 39 22 95,2025-03-04,premium,paused,2025-04-07
CUST_002087,calebmiller@live.no,96953908,2024-04-14,basic,churned,2024-11-03
CUST_002088,anne.johnson@live.no,98244666,2024-06-06,basic,paused,2025-04-21
CUST_002089,riley.gundersen@fastmail.com,+370592562972,2024-06-06,standard,paused,2025-03-15
CUST_002090,evelynberg@me.com,+47 473 46 892,2024-04-10,basic,paused,2025-04-05
CUST_002091,lily_overland@yahoo.com,004796661051,2023-02-12,basic,churned,2024-09-17
CUST_002092,logan49jones@gmail.com,98879244,2024-01-15,basic,active,2025-05-05
CUST_002093,gunnaranderson@telia.no,99561344,2025-02-10,standard,churned,2025-04-09
CUST_002094,zoey.nilsen@broadpark.no,99347691,2023-08-02,premium,active,2024-08-29
CUST_002095,magnus.hagen@telia.no,42016318,2023-09-09,basic,active,2025-06-21
CUST_002096,michaelhagen@telenor.no,41336314,2023-09-06,premium,churned,2025-06-10
CUST_002097,savannah.olsen@yahoo.com,97201295/43177569,2023-11-06,basic,active,2025-06-20
CUST_002098,alexander.anderson@telenor.no,+47 953 24 483,2024-08-13,basic,churned,2024-08-23
CUST_002099,isaac37andersen@protonmail.com,004799117087,2025-04-22,standard,active,2025-06-15
CUST_002100,nora_larsen@gmail.com,+466005932,2024-08-08,basic,churned,2025-04-05
CUST_002101,hilde24thompson@protonmail.com,452-02-131,2024-12-11,standard,churned,2025-05-25
CUST_002102,daniel_brown@fastmail.com,97011678,2024-11-30,standard,active,2024-12-26
CUST_002103,emmapettersen@protonmail.com,+4794267302,2024-10-10,premium,churned,2025-05-01
CUST_002104,tor.henriksen@hotmail.com,004745319841,2025-01-23,standard,active,2025-02-09
CUST_002105,emmabrown@icloud.com,96770378,2024-08-17,standard,churned,2025-03-30
CUST_002106,einar.anderson@get.no,+44017272797,2024-08-22,premium,active,2025-05-12
CUST_002107,noah_kristiansen@mail.com,45112134,2025-03-14,basic,active,2025-06-30
CUST_002108,lars.rodriguez@gmail.com,90651174,2023-06-07,standard,active,2025-06-24
CUST_002109,sophiathomas@live.no,4079,2025-03-18,premium,active,2025-06-28
CUST_002110,mateo.thomas@broadpark.no,44567677,2024-05-15,basic,churned,2025-01-26
CUST_002111,lily.miller@live.no,90921764,2024-07-01,standard,active,2025-06-29
CUST_002112,michael.thomas@hotmail.com,004793478277,2023-12-07,standard,active,2025-06-14
CUST_002113,lars_lund@telia.no,98987358/92729933,2023-12-29,standard,paused,2025-05-02
CUST_002114,torwilson@gmail.com,49866398,2024-07-14,standard,active,2025-03-29
CUST_002115,jacob_taylor@online.no,95 23 91 88,2024-05-14,standard,active,2025-06-08
CUST_002116,aurora_hagen@protonmail.com,004746201663,2024-08-20,premium,active,2025-06-27
CUST_002117,liv48jensen@outlook.com,4644526362,2023-08-06,standard,churned,2024-12-12
CUST_002118,penelopehalvorsen@online.no,004795514344,2023-02-17,basic,active,2025-06-24
CUST_002119,lukejohannessen@fastmail.com,004797421884,2024-10-04,premium,paused,2025-05-24
CUST_002120,stellahagen@broadpark.no,49116479,2024-10-08,basic,churned,2025-06-09
CUST_002121,olav65rodriguez@fastmail.com,97353998,2023-05-05,standard,paused,2025-04-10
CUST_002122,sigrid.kristiansen@protonmail.com,95145183,2023-06-06,standard,churned,2025-04-05
CUST_002123,zoey_larsen@protonmail.com,004793108124,2024-05-21,basic,active,2024-08-19
CUST_002124,jonas_taylor@mail.com,004740146066,2023-10-04,premium,active,2025-06-20
CUST_002125,noah77sorensen@me.com,+4794912187,2024-01-20,premium,churned,2025-05-19
CUST_002126,liamgundersen@outlook.com,+47 459 01 125,2025-05-27,premium,active,2025-06-25
CUST_002127,elijah.hansen@fastmail.com,92898683,2023-12-21,basic,active,2025-06-23
CUST_002128,nataliepedersen@icloud.com,90796699,2023-07-22,premium,active,2025-04-12
CUST_002129,avalarsen@telia.no,94246073,2023-06-23,basic,active,2024-12-16
CUST_002130,arne_lund@telenor.no,99947576/47982930,2024-06-27,standard,churned,2024-07-03
CUST_002131,layla.sorensen@online.no,+47 910 59 394,2023-10-10,standard,active,2025-05-02
CUST_002132,berit.andreassen@mail.com,+4796028586,2024-01-05,standard,active,2025-06-18
CUST_002133,larsmoen@hotmail.com,+8808426226,2024-07-13,premium,active,2025-06-23
CUST_002134,oliviajensen@mail.com,90859356/,2024-06-08,standard,active,2025-02-09
CUST_002135,owensmith@me.com,96557374,2024-02-15,premium,paused,2025-05-17
CUST_002136,per.lee@yahoo.com,45846790,2024-12-28,standard,active,2025-06-07
CUST_002137,maverick_davis@me.com,99652396/,2024-03-27,premium,churned,2025-03-06
CUST_002138,evelynlarsen@mail.com,004747008415,2024-02-08,basic,active,2025-04-14
CUST_002139,thomas41miller@get.no,48 51 39 76,2023-10-30,standard,active,2025-03-10
CUST_002140,mason93dahl@yahoo.com,4640408520,2024-05-25,basic,active,2025-01-09
CUST_002141,zoe68andersen@outlook.com,93728265/43804191,2024-04-06,standard,active,2025-06-05
CUST_002142,hildetaylor@hotmail.com,004791843660,2023-12-01,premium,active,2025-06-12
CUST_002143,riley.smith@fastmail.com,4641093676,2024-03-26,standard,active,2024-11-02
CUST_002144,thomas59henriksen@me.com,004795459034,2023-04-12,standard,active,2025-01-19
CUST_002145,sven.johannessen@hotmail.com,42693955,2024-09-16,basic,churned,2025-01-23
CUST_002146,penelope.moore@hotmail.com,+4791485507,2025-03-23,standard,active,2025-06-25
CUST_002147,jacob50gundersen@gmail.com,004745144876,2024-10-21,standard,active,2025-06-01
CUST_002148,solveig90jensen@online.no,+4742940695,2023-07-11,basic,active,2025-05-06
CUST_002149,avajohnsen@hotmail.com,47712582/98891994,2023-07-06,standard,active,2024-07-13
CUST_002150,greta.henriksen@telenor.no,4695644645,2024-10-31,standard,active,2025-06-27
CUST_002151,mason_halvorsen@yahoo.com,4697855470,2023-08-18,standard,churned,2024-07-27
CUST_002152,astrid.taylor@protonmail.com,96709367,2024-11-01,premium,active,2025-06-20
CUST_002153,harper.williams@get.no,03161,2024-09-05,basic,active,2024-10-01
CUST_002154,harper12taylor@get.no,004797527542,2023-10-20,premium,paused,2025-03-12
CUST_002155,sebastian72jensen@me.com,+47 915 06 688,2025-01-11,standard,paused,2025-05-03
CUST_002156,amelia47moore@protonmail.com,+37163646059,2023-05-05,standard,active,2024-12-04
CUST_002157,masonhaugen@hotmail.com,422-45-182,2024-06-08,premium,active,2025-06-22
CUST_002158,harper83pedersen@yahoo.com,94869784/,2024-03-08,standard,paused,2025-03-18
CUST_002159,audrey_wilson@telenor.no,93052704,2023-10-28,standard,churned,2024-12-30
CUST_002160,henry.thompson@protonmail.com,923-01-274,2024-05-21,premium,paused,2025-06-30
CUST_002161,amelia.johnson@live.no,53606,2023-08-18,basic,active,2025-06-25
CUST_002162,penelope_lund@live.no,+371104003273,2025-04-02,premium,active,2025-04-25
CUST_002163,chloe39jackson@online.no,+4792356118,2024-03-15,premium,active,2025-06-28
CUST_002164,mateohansen@telia.no,92185311/42817790,2023-07-27,basic,churned,2025-05-13
CUST_002165,nataliehaugen@live.no,+47 481 32 659,2024-03-15,standard,active,2025-06-05
CUST_002166,tor_johnson@telenor.no,+4924527567,2023-07-05,standard,churned,2025-05-31
CUST_002167,sophia65halvorsen@,91265249,2024-07-23,standard,churned,2025-05-17
CUST_002168,aria_martin@telenor.no,40151497/97649136,2023-10-13,standard,active,2024-09-19
CUST_002169,aubrey_jensen@broadpark.no,4691954902,2024-02-13,standard,active,2025-04-08
CUST_002170,bjornlee@@mail.com,+47 961 38 865,2023-12-31,basic,paused,2025-03-29
CUST_002171,ava.jackson@fastmail.com,4699567832,2023-01-26,standard,paused,2025-04-09
CUST_002172,hilde_thompson@protonmail.com,419-41-270,2024-05-15,basic,churned,2024-12-06
CUST_002173,zoe68olsen@get.no,47202033/41209966,2023-06-11,standard,active,2024-11-22
CUST_002174,olivia_eriksen@telia.no,004798365670,2024-04-18,basic,churned,2025-04-01
CUST_002175,aubrey42jakobsen@telia.no,67393,2025-01-05,basic,paused,2025-04-16
CUST_002176,emmadavis@get.no,930-58-868,2024-11-17,basic,active,2025-06-11
CUST_002177,jacob23davis@me.com,454-78-009,2024-07-03,basic,active,2025-06-18
CUST_002178,logan.white@icloud.com,90 00 19 00,2024-04-24,standard,churned,2024-11-22
CUST_002179,natalie_iversen@fastmail.com,+880131985967,2025-01-14,basic,active,2025-06-28
CUST_002180,liamlund@icloud.com,+44094294125,2024-02-11,premium,churned,2025-03-15
CUST_002181,per_taylor@hotmail.com,+4796766062,2023-06-23,standard,churned,2025-02-25
CUST_002182,sebastian.white@mail.com,+34308183632,2023-11-11,standard,paused,2025-06-05
CUST_002183,jonas88martinez@mail.com,4642663820,2024-04-11,standard,active,2025-06-23
CUST_002184,dylan.kristiansen@hotmail.com,98605776,2023-06-23,standard,active,2025-05-03
CUST_002185,bjorn_garcia@broadpark.no,05892,2024-08-25,basic,active,2024-12-30
CUST_002186,stella68iversen@online.no,44972655,2023-09-22,standard,active,2025-05-23
CUST_002187,eleanor54miller@mail.com,004791453752,2024-06-18,premium,active,2025-02-05
CUST_002188,brooklyn_jones@@yahoo.com,+13385157646,2024-03-28,basic,churned,2025-04-08
CUST_002189,zoe.thompson@mail.com,48319346/,2024-07-05,basic,active,2024-10-13
CUST_002190,theodoregundersen@gmail.com,4696333892,2024-08-21,premium,active,2025-05-31
CUST_002191,beritjorgensen@online.no,95782638,2024-02-25,premium,active,2025-05-31
CUST_002192,freya19lee@mail.com,91862869,2023-02-15,premium,active,2024-09-18
CUST_002193,greta28pettersen@fastmail.com,48547872,2024-05-16,basic,churned,2024-12-27
CUST_002194,ethanmartinezyahoo.com,9418,2024-06-15,standard,active,2025-04-24
CUST_002195,mateo_martinez@yahoo.com,90035630,2024-09-17,basic,churned,2025-05-02
CUST_002196,penelope.jorgensen@telia.no,004799865716,2023-07-08,standard,churned,2025-01-21
CUST_002197,loganeriksen@yahoo.com,92868564,2022-12-28,basic,active,2024-09-26
CUST_002198,sophia_taylor@telia.no,+4749258728,2024-01-20,premium,churned,2025-05-03
CUST_002199,bjorn.berg@live.no,430-84-601,2024-04-13,premium,active,2025-05-16
CUST_002200,berit27hansen@hotmail.com,004748474911,2024-05-05,basic,active,2025-05-05
CUST_002201,ava.haugen@outlook.com,936-62-284,2024-06-14,standard,active,2025-06-27
CUST_002202,annehansen@broadpark.no,+47 922 95 110,2024-03-17,standard,active,2025-07-01
CUST_002203,stella.martin@me.com,4642604690,2023-12-22,standard,active,2025-04-07
CUST_002204,theodore14wilson@telenor.no,94106678,2024-02-25,standard,churned,2024-12-10
CUST_002205,evelyn.andersen@live.no,92389354,2023-09-29,basic,active,2025-06-19
CUST_002206,mia2anderson@fastmail.com,06671,2024-08-16,standard,active,2025-05-06
CUST_002207,sebastian.white@outlook.com,004799554129,2023-03-14,standard,paused,2025-06-10
CUST_002208,nathan_thompson@me.com,42881520,2024-03-19,premium,active,2025-06-10
CUST_002209,hazel.jakobsen@broadpark.no,99625050,2024-04-08,basic,paused,2025-06-14
CUST_002210,ryan.lee@fastmail.com,+4793032502,2024-04-02,premium,active,2025-06-02
CUST_002211,einarhaugen@broadpark.no,47654399,2024-01-24,basic,paused,2025-04-21
CUST_002212,a!nne.lund@get.no,94148632/48505048,2023-06-08,premium,active,2025-02-17
CUST_002213,noah_jorgensen@outlook.com,+4797210907,2024-08-15,basic,churned,2024-12-05
CUST_002214,sigrid10nilsen@get.no,94003456,2024-03-07,standard,paused,2025-05-27
CUST_002215,lincoln87jakobsen@protonmail.com,7236,2024-06-05,basic,paused,2025-05-25
CUST_002216,aurora.johannessen@outlook.com,48036893/45289404,2024-09-08,basic,paused,2025-05-16
CUST_002217,amelia18jakobsen@gmail.com,97752668/,2024-07-25,standard,active,2025-05-06
CUST_002218,hilde26nilsen@live.no,+47 475 24 813,2024-06-27,standard,active,2025-04-12
CUST_002219,helene_williams@hotmail.com,49539526,2025-02-18,premium,churned,2025-03-02
CUST_002220,astrid_garcia@mail.com,004741149974,2024-04-21,standard,active,2024-11-12
CUST_002221,freya.anderson@online.no,004749678194,2024-06-13,standard,active,2024-09-09
CUST_002222,aiden.martinez@live.no,+3710804175,2024-05-07,premium,active,2025-06-15
CUST_002223,aurora.jackson@fastmail.com,+442363411048,2023-06-03,standard,churned,2024-08-31
CUST_002224,christopherkristiansen@yahoo.com,7898,2024-03-19,premium,active,2025-02-18
CUST_002225,freya80davis@outlook.com,91585537,2023-10-24,basic,paused,2025-03-22
CUST_002226,ryan_berg@online.no,95967071,2024-05-03,premium,active,2025-02-21
CUST_002227,ragnanilsen@icloud.com,40407560,2024-10-28,premium,active,2025-06-20
CUST_002228,leah6dahl@me.com,42734,2024-08-12,premium,paused,2025-04-30
CUST_002229,kristianlee@telenor.no,93665475,2024-03-19,standard,churned,2024-11-29
CUST_002230,bjorn.smith@fastmail.com,4693925906,2023-11-09,standard,active,2025-06-23
CUST_002231,dylan.eriksen@get.no,60041,2024-09-19,basic,active,2024-10-10
CUST_002232,andrew1karlsen@online.no,47971763,2023-09-30,standard,active,2024-10-19
CUST_002233,chloe.moore@online.no,4693881767,2024-05-25,basic,active,2025-06-29
CUST_002234,hilde.lund@icloud.com,491-58-464,2023-05-01,basic,active,2024-12-20
CUST_002235,eleanor_sorensen@me.com,+442613409,2023-05-20,standard,active,2025-06-18
CUST_002236,jacob.karlsen@me.com,4696766540,2024-07-05,premium,churned,2025-06-11
CUST_002237,kari89anderson@outlook.com,93532861/,2024-04-15,premium,active,2025-02-21
CUST_002238,miahagen@broadpark.no,+47 421 36 788,2024-06-01,standard,active,2025-04-15
CUST_002239,zoe.kristiansen@protonmail.com,+47 455 70 529,2023-01-26,basic,churned,2025-04-29
CUST_002240,lily_jacobsen@outlook.com,92 58 69 26,2024-08-20,standard,active,2025-06-25
CUST_002241,maritpettersen@protonmail.com,91797519,2024-09-19,standard,active,2025-04-05
CUST_002242,miapettersen@online.no,1346,2023-09-10,standard,active,2024-12-14
CUST_002243,lilliankarlsen@get.no,+4742247081,2022-11-06,basic,active,2025-02-24
CUST_002244,liv75nilsen@yahoo.com,90894374,2024-02-19,premium,churned,2025-01-31
CUST_002245,jacob15jakobsen@broadpark.no,5808,2024-11-21,basic,active,2025-05-30
CUST_002246,arne.johansen@protonmail.com,4645635869,2024-01-25,premium,active,2025-06-19
CUST_002247,zoey53andersen@outlook.com,96021246/,2022-12-22,standard,paused,2025-05-29
CUST_002248,evelynwilliams@outlook.com,46207498/,2023-07-13,basic,churned,2024-10-20
CUST_002249,astrid23andersen@mail.com,40331465,2024-05-14,premium,active,2024-07-03
CUST_002250,ethanthompson@live.no,+47 430 49 950,2024-07-17,standard,churned,2024-09-12
CUST_002251,nathananderson@outlook.com,48 62 95 32,2023-09-05,basic,active,2024-11-26
CUST_002252,lily63martin@broadpark.no,004742613955,2024-03-31,standard,churned,2025-04-28
CUST_002253,harald_hansen@get.no,44083544/,2023-06-25,premium,churned,2024-07-05
CUST_002254,andrew.miller@,46965693,2024-10-05,premium,churned,2025-01-20
CUST_002255,violet_gundersen@get.no,+4798312753,2023-04-03,basic,churned,2025-04-15
CUST_002256,ragna44thompson@protonmail.com,42280177/40629450,2024-11-09,standard,churned,2024-11-24
CUST_002257,violet_haugen@me.com,004744391032,2023-01-19,premium,paused,2025-06-16
CUST_002258,lincoln85gundersen@mail.com,+47 466 74 772,2023-09-21,premium,active,2025-06-21
CUST_002259,lucas_jacobsen@gmail.com,93782601/97795334,2024-11-02,standard,active,2025-05-09
CUST_002260,harperjensen@icloud.com,50218,2024-03-08,standard,active,2025-06-30
CUST_002261,eleanor.brown@icloud.com,+4793839687,2024-02-27,standard,active,2025-06-16
CUST_002262,gunnarlee@me.com,+47 998 35 894,2024-04-26,standard,active,2024-08-08
CUST_002263,sven_martin@mail.com,93202546/46794677,2024-03-08,basic,churned,2024-07-12
CUST_002264,joshua.berg@get.no,+4799459211,2023-10-24,standard,paused,2025-05-06
CUST_002265,chloe.haugen@telia.no,97377962,2024-05-23,basic,churned,2024-09-20
CUST_002266,andrew73jacobsen@me.com,+8800014286,2023-11-29,premium,active,2024-11-17
CUST_002267,lillianpedersen@protonmail.com,91490967/,2024-12-12,premium,paused,2025-03-21
CUST_002268,liam.thomas@broadpark.no,4695872422,2024-04-04,premium,churned,2025-04-04
CUST_002269,olav_jakobsen@live.no,98305171/,2024-01-28,basic,paused,2025-05-20
CUST_002270,miapettersen@telia.no,+4745367577,2024-03-26,basic,active,2025-05-24
CUST_002271,berithenriksen@broadpark.no,41049791,2024-08-13,standard,churned,2025-04-05
CUST_002272,kari.pettersen@mail.com,69747,2024-10-26,premium,active,2024-12-03
CUST_002273,anne_johnsen@icloud.com,96 83 03 25,2023-09-16,standard,churned,2025-06-13
CUST_002274,ellie58jorgensen@broadpark.no,+47 450 78 107,2024-10-07,premium,active,2025-01-19
CUST_002275,jaxon93sorensen@icloud.com,4642614993,2023-12-08,premium,active,2025-06-19
CUST_002276,kristianjakobsen@yahoo.com,943-90-951,2023-12-28,standard,active,2024-11-08
CUST_002277,olivia_larsen@@telia.no,40516407,2024-03-18,premium,paused,2025-03-15
CUST_002278,marit.larsenmail.com,+4793739652,2024-04-04,premium,active,2025-02-17
CUST_002279,harald57jones@@live.no,4645548990,2024-04-10,basic,paused,2025-04-17
CUST_002280,magnus.sorensen@telenor.no,98 27 00 29,2024-08-19,premium,paused,2025-03-18
CUST_002281,alexander_berg@yahoo.com,+47 960 21 368,2023-06-20,basic,active,2025-02-28
CUST_002282,maverick.pedersen@get.no,92519561/96558922,2024-09-06,standard,active,2025-05-04
CUST_002283,mateo.jorgensen@broadpark.no,402-28-293,2023-08-09,standard,active,2024-08-21
CUST_002284,helene_johnson@outlook.com,94 72 68 47,2024-08-08,basic,paused,2025-05-16
CUST_002285,dylan_olsen@online.no,41018508/48756450,2023-09-25,standard,churned,2025-06-30
CUST_002286,lillian.brown@gmail.com,97974476/49378866,2024-09-24,standard,churned,2025-05-20
CUST_002287,owen39haugen@hotmail.com,+47 996 33 792,2024-10-22,premium,active,2025-05-16
CUST_002288,ameliamartinez@fastmail.com,43743873,2024-07-25,standard,active,2025-04-11
CUST_002289,ameliarodriguez@icloud.com,+3712914597736,2024-06-06,standard,churned,2024-10-22
CUST_002290,ingrid.kristiansen@telenor.no,+47 973 66 539,2024-04-30,standard,churned,2025-05-05
CUST_002291,hannahwilliams@get.no,+34961639525,2024-04-07,standard,churned,2024-12-02
CUST_002292,hazel_wilson@yahoo.com,+4798775619,2024-12-29,standard,paused,2025-04-20
CUST_002293,brooklyn48smith@protonmail.com,42290005/,2024-01-26,standard,active,2025-01-28
CUST_002294,ameliaiversen@hotmail.com,94059193/94246271,2022-11-04,basic,churned,2025-06-24
CUST_002295,gunnar_moen@protonmail.com,45 97 59 80,2024-02-08,basic,churned,2025-06-16
CUST_002296,astrid1jakobsen@fastmail.com,95788273/96309773,2024-01-31,standard,paused,2025-05-31
CUST_002297,joshua4sorensen@live.no,+447296290,2023-11-15,basic,active,2025-05-03
CUST_002298,henrymoore@yahoo.com,98254630,2024-07-01,basic,paused,2025-06-21
CUST_002299,hilde.lund@live.no,97539872,2024-07-31,premium,active,2025-06-20
CUST_002300,olav.garcia@online.no,90755380/93659726,2024-03-11,premium,active,2025-06-19
CUST_002301,violetlee@get.no,40696721,2023-08-26,standard,active,2025-03-14
CUST_002302,claire.hagen@broadpark.no,98537982,2024-11-29,premium,churned,2025-06-21
CUST_002303,riley_smith@outlook.com,93908583,2025-03-04,standard,active,2025-05-21
CUST_002304,gunnar16brown@fastmail.com,+47 438 66 560,2023-02-17,standard,churned,2025-05-18
CUST_002305,sigridlund@online.no,004740577250,2024-07-22,basic,active,2025-07-01
CUST_002306,karijones@fastmail.com,92357845/92080241,2025-04-07,basic,active,2025-04-25
CUST_002307,jaxonlee@fastmail.com,41660816/,2023-09-07,basic,active,2025-02-10
CUST_002308,ellie.wilson@live.no,+4790475000,2023-05-19,basic,active,2025-04-28
CUST_002309,marit_garcia@telenor.no,+371935658036,2024-09-12,basic,active,2025-03-01
CUST_002310,jacobjohnsen@icloud.com,24496,2024-05-23,basic,paused,2025-04-15
CUST_002311,ava.white@gmail.com,004793980488,2023-08-07,standard,churned,2024-10-23
CUST_002312,alexander88dahl@gmail.com,90998731,2024-03-26,basic,churned,2025-02-02
CUST_002313,natalie.moen@broadpark.no,+4743846912,2024-02-22,standard,active,2025-06-25
CUST_002314,nora53jorgensen@icloud.com,97312536,2024-12-02,standard,active,2024-12-14
CUST_002315,beritjohnsen@me.com,+47 974 50 809,2023-12-15,premium,active,2025-06-24
CUST_002316,aidenanderson@hotmail.com,47165,2025-02-26,basic,active,2025-06-26
CUST_002317,henrygundersen@icloud.com,+3713780498,2024-04-03,standard,active,2025-06-22
CUST_002318,penelope25garcia@me.com,+4795242760,2023-10-31,standard,active,2025-06-27
CUST_002319,joshuajohannessen@mail.com,46135342,2024-07-04,standard,active,2025-06-23
CUST_002320,sebastian_karlsen@mail.com,48415510,2024-02-04,standard,active,2025-05-08
CUST_002321,elliewhite@yahoo.com,96880848,2023-03-08,premium,active,2024-11-23
CUST_002322,aurora_andersen@yahoo.com,+4790293781,2023-10-07,basic,active,2024-09-04
CUST_002323,aria_iversen@hotmail.com,477-67-469,2024-06-29,standard,churned,2024-11-04
CUST_002324,gunnar58sorensen@broadpark.no,1367,2024-06-23,standard,active,2024-09-20
CUST_002325,audrey.johannessen@get.no,+88016131779,2025-04-11,basic,active,2025-06-28
CUST_002326,claire_taylor@broadpark.no,+4745180166,2024-07-31,basic,active,2025-05-21
CUST_002327,jacob_jones@gmail.com,93115439/98157341,2023-06-02,standard,active,2025-06-21
CUST_002328,stella2white@live.no,46504602,2024-05-18,premium,active,2025-05-29
CUST_002329,adrian_garcia@telia.no,91826135,2025-02-16,standard,active,2025-07-01
CUST_002330,lincolnjacobsen@gmail.com,+47 906 29 810,2024-02-12,premium,churned,2024-12-29
CUST_002331,leahbrown@live.no,46816821,2024-07-24,standard,active,2024-11-13
CUST_002332,sophia.brown@telia.no,004749039092,2025-03-17,basic,active,2025-04-05
CUST_002333,elijah_smith@gmail.com,+37013273815,2023-02-08,basic,churned,2024-12-17
CUST_002334,chloe_jensen@telenor.no,75431,2024-03-21,standard,active,2025-02-15
CUST_002335,lily.overland@broadpark.no,+47 446 36 698,2024-08-22,standard,active,2025-02-09
CUST_002336,olivia_andreassen@mail.com,95007709/43172113,2023-09-08,premium,paused,2025-04-28
CUST_002337,emma_jacobsen@hotmail.com,96964010,2024-12-27,standard,active,2025-06-22
CUST_002338,freyaeriksen@fastmail.com,46226093,2025-01-03,standard,paused,2025-05-27
CUST_002339,harper_thompson@live.no,+4746140823,2024-12-05,basic,churned,2025-05-05
CUST_002340,ethanrodriguez@me.com,94 05 19 95,2025-03-12,basic,churned,2025-03-28
CUST_002341,emma43thompson@mail.com,17635,2024-10-02,basic,active,2025-06-29
CUST_002342,ragna68pettersen@me.com,+47 406 65 602,2024-07-22,basic,active,2025-01-09
CUST_002343,christopher.iversen@online.no,+3327997526,2022-10-21,standard,churned,2024-07-09
CUST_002344,lars.jackson@fastmail.com,417-15-111,2024-08-12,premium,active,2025-06-29
CUST_002345,nathanmoore@me.com,96 73 13 71,2023-03-08,standard,paused,2025-05-29
CUST_002346,logan1miller@fastmail.com,945-08-570,2024-09-25,basic,active,2025-06-24
CUST_002347,anthony4pedersen@online.no,40112738,2024-09-05,basic,paused,2025-04-26
CUST_002348,kari_anderson@outlook.com,45796564,2025-04-18,basic,churned,2025-05-18
CUST_002349,lillian17jacobsen@mail.com,4647824116,2023-05-21,basic,active,2025-05-29
CUST_002350,solveig.jackson@mail.com,004795466248,2024-10-30,basic,active,2024-11-10
CUST_002351,harald11andersen@me.com,96038951/99234665,2024-10-29,premium,churned,2025-05-30
CUST_002352,dylan.eriksen@me.com,995-06-054,2024-12-07,premium,active,2024-12-17
CUST_002353,riley38anderson@telia.no,4641078907,2024-03-02,standard,paused,2025-03-28
CUST_002354,dylan.iversen@get.no,40415447,2024-07-15,standard,active,2025-05-31
CUST_002355,sven84haugen@protonmail.com,+4799701685,2024-10-22,standard,active,2025-06-21
CUST_002356,sven.smith@me.com,004749370118,2024-07-03,standard,churned,2024-08-16
CUST_002357,lilyanderson@gmail.com,45509579,2024-10-24,basic,churned,2025-06-12
CUST_002358,gabriel7jakobsen@broadpark.no,+4744161195,2023-05-31,basic,paused,2025-03-31
CUST_002359,greta_wilson@mail.com,4698908806,2024-03-23,basic,active,2025-06-29
CUST_002360,bjornkristiansen@online.no,48223312/,2024-07-02,standard,churned,2025-07-01
CUST_002361,livjackson@mail.com,4277,2024-09-27,basic,active,2024-11-04
CUST_002362,sven_johnson@mail.com,93741,2024-06-10,standard,active,2025-06-22
CUST_002363,ragnamartinez@icloud.com,99253095,2024-06-16,premium,paused,2025-04-22
CUST_002364,savannah_johnson@telenor.no,927-37-957,2024-10-28,standard,paused,2025-04-12
CUST_002365,charlotte_gundersen@telia.no,41351113/,2023-12-09,basic,active,2025-06-24
CUST_002366,addison.eriksen@protonmail.com,96948412,2024-09-12,premium,active,2025-06-03
CUST_002367,daniel_olsen@broadpark.no,97094391/47085878,2024-09-16,premium,active,2025-06-28
CUST_002368,amelia_gundersen@mail.com,90809937,2025-01-14,basic,churned,2025-05-05
CUST_002369,mateo_dahl@icloud.com,43747381/43370494,2024-05-26,basic,active,2025-03-24
CUST_002370,noah.iversen@mail.com,93558823,2023-03-17,standard,paused,2025-06-19
CUST_002371,bjorn.kristiansen@,77982,2022-12-25,standard,churned,2024-12-11
CUST_002372,jaxonandersen@protonmail.com,93307066,2024-05-15,standard,active,2024-11-09
CUST_002373,gunnar.haugen@outlook.com,4691195530,2024-01-22,standard,active,2025-06-18
CUST_002374,penelope_johannessen@telia.no,+47 991 70 379,2023-12-27,basic,active,2024-12-09
CUST_002375,bella.davis@yahoo.com,004798207216,2024-10-02,basic,active,2025-04-16
CUST_002376,hannah35gundersen@broadpark.no,+4745506529,2023-12-05,basic,active,2025-05-24
CUST_002377,hazel_martinez@telia.no,92095789,2025-03-23,basic,active,2025-05-01
CUST_002378,bella78nilsen@telenor.no,94565781/94420540,2023-03-02,premium,active,2025-06-26
CUST_002379,liv54thomas@protonmail.com,99300,2025-01-10,basic,churned,2025-06-27
CUST_002380,aubrey.lee@telia.no,909-14-465,2024-07-13,basic,active,2025-07-01
CUST_002381,elijahjacobsen@gmail.com,4694549768,2023-08-14,basic,paused,2025-04-24
CUST_002382,hazel47lund@yahoo.com,98992466,2024-11-09,standard,active,2025-06-30
CUST_002383,penelope90brown@gmail.com,91181216/,2024-06-19,premium,churned,2025-04-21
CUST_002384,freyakristiansen@protonmail.com,44315071/,2023-08-29,basic,active,2024-07-11
CUST_002385,ryan62smith@me.com,+4740323197,2024-05-23,basic,active,2025-03-24
CUST_002386,stellanilsen@live.no,004796964589,2023-04-08,basic,active,2025-04-22
CUST_002387,bjorn.jones@hotmail.com,47244792,2023-08-24,standard,paused,2025-04-01
CUST_002388,dylanmiller@outlook.com,004790094658,2024-08-14,standard,active,2025-05-07
CUST_002389,harald95jacobsen@broadpark.no,47376764/93780534,2023-06-06,standard,active,2025-06-18
CUST_002390,bella_overland@outlook.com,94767666/49191935,2024-10-16,basic,active,2025-02-18
CUST_002391,solveig.anderson@telenor.no,+47 997 08 567,2024-07-08,basic,active,2025-01-14
CUST_002392,erik28gundersen@get.no,+47 444 77 714,2025-03-02,standard,active,2025-06-29
CUST_002393,ellie.lee@gmail.com,94 49 40 99,2023-05-11,standard,active,2025-04-16
CUST_002394,isaac28sorensen@telia.no,004798455576,2023-02-03,premium,paused,2025-05-10
CUST_002395,laylahagen@mail.com,45095307,2024-10-18,premium,churned,2025-04-12
CUST_002396,ragna19moore@me.com,988-70-894,2023-06-23,basic,paused,2025-03-11
CUST_002397,marit.gundersen@mail.com,+4796980276,2023-11-19,basic,active,2025-05-07
CUST_002398,berit_rodriguez@mail.com,4690079616,2024-06-18,standard,churned,2024-08-06
CUST_002399,torbrown@icloud.com,+47 464 91 916,2024-09-24,premium,active,2025-04-30
CUST_002400,torsmith@me.com,45016915/,2024-05-08,standard,churned,2025-04-13
CUST_002401,theodore7karlsen@hotmail.com,+88037432692,2023-09-15,basic,churned,2025-04-22
CUST_002402,emmapedersen@,41294640/,2024-08-19,basic,churned,2025-05-03
CUST_002403,astridnilsen@icloud.com,91120339/,2023-07-23,premium,active,2025-02-14
CUST_002404,gabrielgundersen@telia.no,49438375,2023-05-08,premium,paused,2025-03-10
CUST_002405,eleanorjohnsen@broadpark.no,477-34-850,2023-10-05,basic,paused,2025-06-09
CUST_002406,christopher.smith@me.com,+47 416 25 055,2024-09-21,standard,active,2025-05-31
CUST_002407,erik_wilson@icloud.com,4692687793,2023-10-06,premium,churned,2024-11-16
CUST_002408,astrid22pedersen@me.com,+47 487 74 786,2023-03-14,basic,active,2025-04-30
CUST_002409,hazel22sorensen@get.no,95241573/,2025-01-06,standard,active,2025-06-16
CUST_002410,eleanor.johansen@icloud.com,+47 491 29 433,2024-04-21,basic,active,2025-03-07
CUST_002411,lincoln80nilsen@icloud.com,+4795019353,2023-04-08,premium,active,2025-06-30
CUST_002412,gretajorgensen@broadpark.no,931-37-001,2022-10-13,premium,active,2025-02-19
CUST_002413,penelopepedersen@fastmail.com,473-02-173,2024-04-23,basic,churned,2025-03-11
CUST_002414,isabellahansen@outlook.com,46218922/,2023-01-20,premium,active,2025-07-01
CUST_002415,thomas68andersen@hotmail.com,99 66 02 51,2022-11-19,basic,active,2025-02-22
CUST_002416,greta36olsen@mail.com,48004501,2023-04-19,premium,active,2025-06-20
CUST_002417,amelia79miller@protonmail.com,47693477,2024-01-13,standard,active,2025-03-31
CUST_002418,audreyhenriksen@live.no,+47 904 22 464,2023-09-16,standard,churned,2024-07-20
CUST_002419,thomas94thompson@outlook.com,91 82 77 11,2024-07-19,standard,active,2024-12-19
CUST_002420,isaac10garcia@gmail.com,+3705044414429,2022-11-27,basic,paused,2025-06-13
CUST_002421,harald.jakobsen@online.no,45015137/92684970,2024-07-22,basic,active,2024-08-11
CUST_002422,bjorn_williams@outlook.com,96817006,2024-03-02,basic,active,2024-10-02
CUST_002423,kristian_smith@yahoo.com,96610541/,2023-05-26,basic,active,2025-07-01
CUST_002424,adrian11gundersen@gmail.com,48 00 77 84,2024-10-04,basic,active,2025-03-05
CUST_002425,joshua81nilsen@broadpark.no,+47 906 67 219,2023-10-13,basic,churned,2024-10-31
CUST_002426,olav.kristiansen@icloud.com,+4836740891,2024-10-11,premium,active,2025-02-16
CUST_002427,ingrid37andreassen@me.com,+442083610880,2024-10-28,standard,churned,2025-06-23
CUST_002428,anthony.anderson@yahoo.com,4693703559,2024-06-20,premium,active,2025-04-17
CUST_002429,natalie.iversen@fastmail.com,929-65-863,2024-06-01,basic,active,2025-04-01
CUST_002430,stella_williams@online.no,6940,2024-01-09,standard,active,2025-05-07
CUST_002431,einar_johnson@fastmail.com,+370843930046,2025-01-21,premium,active,2025-02-19
CUST_002432,bella81rodriguez@get.no,94937590,2024-07-28,standard,churned,2024-10-23
CUST_002433,harald.garcia@mail.com,004790278902,2023-06-15,standard,active,2025-04-18
CUST_002434,penelope.hansen@telia.no,41 98 57 54,2024-04-05,standard,churned,2024-11-09
CUST_002435,henry4johnson@icloud.com,48507255,2024-09-03,basic,active,2025-05-14
CUST_002436,ellie.andersen@protonmail.com,45247117,2024-02-19,standard,paused,2025-03-26
CUST_002437,aubrey.hansen@get.no,+4748418051,2023-07-15,basic,active,2025-06-20
CUST_002438,emma.johnson@icloud.com,004791569933,2023-08-04,basic,churned,2025-01-18
CUST_002439,stellagarcia@telenor.no,+47 487 93 092,2023-11-24,basic,active,2025-06-25
CUST_002440,sophia26halvorsen@live.no,9491,2024-11-07,standard,churned,2025-02-26
CUST_002441,sigrid56haugen@fastmail.com,93643653/,2024-12-27,basic,paused,2025-05-22
CUST_002442,livrodriguez@me.com,450-89-514,2024-06-03,basic,churned,2025-02-06
CUST_002443,bella71iversen@telenor.no,430-23-042,2023-07-27,basic,active,2025-05-04
CUST_002444,brooklyn_brown@telia.no,90250927,2025-04-07,basic,active,2025-05-01
CUST_002445,joshuasorensen@live.no,+47 472 60 275,2024-04-08,standard,churned,2024-08-27
CUST_002446,sebastianmoen@broadpark.no,+4793808823,2024-09-27,basic,churned,2025-02-14
CUST_002447,magnusdavis@broadpark.no,+47 907 51 862,2024-12-06,standard,churned,2024-12-19
CUST_002448,anthony_overland@broadpark.no,46896006/98812790,2024-07-12,basic,active,2025-05-14
CUST_002449,freya.andreassen@live.no,479-22-419,2024-01-11,standard,churned,2024-12-12
CUST_002450,ethan_olsen@broadpark.no,004749854487,2024-02-21,basic,active,2025-06-05
CUST_002451,nora41moen@fastmail.com,4692602131,2023-11-27,standard,paused,2025-06-28
CUST_002452,leah96jackson@live.no,004745997430,2024-03-05,premium,churned,2025-04-03
CUST_002453,jackiversen@broadpark.no,4647126887,2025-03-23,basic,active,2025-04-16
CUST_002454,jonas81nilsen@hotmail.com,+4744217562,2024-08-05,premium,churned,2025-05-30
CUST_002455,owen15eriksen@mail.com,47305976/92084078,2024-08-03,standard,active,2025-06-19
CUST_002456,ameliahenriksen@online.no,921-99-785,2023-06-22,standard,churned,2025-05-19
CUST_002457,solveigdahl@yahoo.com,96729299/47226794,2025-02-15,premium,active,2025-06-26
CUST_002458,samuel_nilsen@hotmail.com,+47 486 88 339,2024-11-08,basic,churned,2024-11-27
CUST_002459,jacobkarlsen@protonmail.com,929-66-103,2024-06-15,standard,churned,2025-04-22
CUST_002460,sophia_garcia@fastmail.com,+47 449 26 273,2023-12-30,basic,churned,2025-06-25
CUST_002461,per55andersen@yahoo.com,004790961490,2024-02-10,basic,active,2025-06-22
CUST_002462,alexandergundersen@live.no,004794300178,2023-05-22,standard,active,2024-10-18
CUST_002463,gunnar.anderson@get.no,+337321665,2023-07-16,standard,churned,2025-03-10
CUST_002464,harald81iversen@gmail.com,00642,2024-10-29,standard,active,2025-04-01
CUST_002465,caleb40miller@telia.no,46 50 53 47,2023-04-27,premium,active,2025-06-30
CUST_002466,zoehansen@yahoo.com,4693887559,2023-12-21,standard,churned,2024-12-28
CUST_002467,lucasjohannessen@get.no,48 23 01 64,2023-10-11,basic,churned,2025-06-14
CUST_002468,magnusjohnson@online.no,004793329457,2024-03-09,standard,paused,2025-04-10
CUST_002469,per.jacobsen@fastmail.com,004797246497,2024-10-27,premium,churned,2025-05-25
CUST_002470,alexander2miller@me.com,+47 400 99 784,2024-07-24,basic,churned,2024-11-27
CUST_002471,mia_sorensen@telia.no,48265859,2024-04-12,premium,active,2025-05-30
CUST_002472,brooklyndavis@outlook.com,+3445651234,2024-09-16,basic,active,2025-06-20
CUST_002473,jaxon.moore@gmail.com,413-95-943,2024-07-06,standard,churned,2024-11-16
CUST_002474,dylan96martinez@gmail.com,+4742821112,2024-05-28,premium,active,2025-06-21
CUST_002475,theodorepedersen@protonmail.com,05070,2024-01-03,premium,paused,2025-06-29
CUST_002476,jonas17jakobsen@fastmail.com,+1720798047,2025-02-21,standard,churned,2025-03-14
CUST_002477,magnusbrown@online.no,49996369,2023-08-01,standard,active,2025-03-28
CUST_002478,lily_nilsen@mail.com,97928262/41651599,2024-07-11,standard,active,2024-08-16
CUST_002479,hildejohnson@outlook.com,4643317931,2023-08-13,basic,churned,2025-04-29
CUST_002480,addison9sorensen@fastmail.com,4647650210,2023-08-04,basic,active,2024-08-20
CUST_002481,leahdahl@telia.no,90051253/46319053,2023-04-29,standard,churned,2025-04-21
CUST_002482,jaxon_wilson@telenor.no,4694622689,2024-04-09,basic,active,2025-06-20
CUST_002483,aubrey_johnsen@telia.no,92075793/44449419,2023-10-29,standard,churned,2025-04-06
CUST_002484,kristian84thompson@me.com,93840927,2024-04-26,premium,active,2025-03-06
CUST_002485,aidenthomas@telia.no,90518251,2023-12-16,basic,active,2025-06-12
CUST_002486,erik_jones@live.no,95914456,2024-05-07,basic,churned,2024-09-08
CUST_002487,per.overland@telia.no,90434010,2022-10-12,standard,churned,2025-05-04
CUST_002488,stellamoore@icloud.com,957-32-977,2022-11-24,basic,paused,2025-06-24
CUST_002489,lukehansen@live.no,42330946/,2023-09-12,basic,active,2025-02-02
CUST_002490,savannah.wilson@gmail.com,937-30-534,2024-10-15,premium,active,2024-11-07
CUST_002491,mia_wilson@fastmail.com,40961507/,2024-11-29,basic,active,2024-12-02
CUST_002492,natalie29rodriguez@gmail.com,+47 459 04 117,2023-12-08,standard,churned,2024-08-05
CUST_002493,hazel_rodriguez@live.no,96709960,2024-02-22,basic,churned,2025-02-26
CUST_002494,michael_karlsen@telenor.no,98847798,2024-03-19,standard,active,2025-01-23
CUST_002495,jack80overland@protonmail.com,98627482/40097154,2024-04-01,standard,churned,2025-03-25
CUST_002496,amelia_eriksen@mail.com,921-15-678,2022-12-12,basic,active,2025-05-14
CUST_002497,henryjacobsen@me.com,43716509/,2024-07-31,premium,active,2025-05-06
CUST_002498,alexander73halvorsen@fastmail.com,+448136900,2024-08-02,standard,churned,2025-05-07
CUST_002499,perdahl@icloud.com,98151939,2024-08-14,basic,churned,2025-02-14
CUST_002500,ragna_wilson@outlook.com,409-86-068,2025-01-08,basic,active,2025-06-25
CUST_002501,jonas93gundersen@mail.com,47729420,2024-05-18,standard,active,2025-06-26
CUST_002502,hilde_brown@get.no,004744977957,2024-10-06,basic,active,2025-06-14
CUST_002503,sebastian9pedersen@protonmail.com,95989622,2023-11-15,premium,active,2024-09-17
CUST_002504,samuelanderson@outlook.com,98325199/,2025-02-24,basic,active,2025-03-09
CUST_002505,samuel_martinez@mail.com,+47 970 85 942,2024-05-11,basic,active,2025-01-28
CUST_002506,isaacjohannessen@hotmail.com,004741380115,2023-12-14,standard,churned,2024-11-12
CUST_002507,charlotte_taylor@protonmail.com,95323750/,2024-03-22,basic,churned,2025-02-01
CUST_002508,jaxonjorgensen@fastmail.com,42434213,2024-02-09,premium,churned,2024-08-24
CUST_002509,dylan.gundersen@yahoo.com,+47 435 00 645,2023-09-03,premium,churned,2025-05-23
CUST_002510,brooklyn.johnsen@telenor.no,+47 486 25 587,2023-09-23,standard,active,2024-12-28
CUST_002511,berit_gundersen@fastmail.com,+44822623167,2024-06-08,basic,active,2025-06-26
CUST_002512,sebastian.jensen@telia.no,37137,2022-10-11,premium,churned,2024-07-08
CUST_002513,noah_moore@mail.com,48981223/95753764,2023-07-31,standard,active,2025-05-08
CUST_002514,dylan_sorensen@yahoo.com,44644299,2023-11-14,standard,active,2025-05-15
CUST_002515,lucas72iversen@outlook.com,99939945,2025-01-06,standard,churned,2025-01-29
CUST_002516,greta.karlsen@telenor.no,498-60-427,2024-03-20,premium,churned,2025-02-07
CUST_002517,anne_larsen@hotmail.com,+8809412352888,2024-01-08,premium,active,2024-12-26
CUST_002518,lincoln1andersen@outlook.com,99236036,2024-03-17,standard,churned,2025-04-21
CUST_002519,solveigwilliams@icloud.com,+4792132677,2023-06-09,basic,churned,2024-12-09
CUST_002520,mason.jackson@telenor.no,56842,2024-11-24,basic,churned,2025-03-17
CUST_002521,mia96brown@mail.com,004792913112,2022-12-18,standard,churned,2024-10-26
CUST_002522,gabriel_hansen@hotmail.com,+880232758881,2023-05-17,standard,active,2025-06-16
CUST_002523,thomas.berg@gmail.com,927-26-189,2024-12-07,standard,active,2025-06-11
CUST_002524,elijah9johansen@fastmail.com,45136223/,2024-02-26,basic,active,2025-05-06
CUST_002525,christopher.olsen@yahoo.com,90146961/,2023-05-27,basic,active,2025-06-24
CUST_002526,adrian_karlsen@fastmail.com,95098063,2023-11-12,standard,active,2025-06-04
CUST_002527,ellie_johansen@outlook.com,451-04-946,2023-02-10,standard,active,2025-06-26
CUST_002528,bjornandersen@me.com,43209673,2025-01-30,premium,active,2025-05-02
CUST_002529,maverick_dahl@outlook.com,96 53 39 03,2023-08-11,basic,churned,2024-09-29
CUST_002530,maverick.andreassen@hotmail.com,98000841/,2024-05-28,premium,active,2024-10-02
CUST_002531,elijah40pedersen@get.no,41465003/95584642,2025-01-25,standard,active,2025-06-29
CUST_002532,jack13johnsen@gmail.com,49 88 90 60,2023-06-22,basic,churned,2025-03-17
CUST_002533,violet_henriksen@outlook.com,975-04-616,2023-12-15,premium,active,2025-04-07
CUST_002534,perrodriguez@telia.no,920-20-487,2024-12-31,basic,active,2025-01-17
CUST_002535,aidenjacobsen@online.no,94271974,2024-06-28,basic,active,2025-02-17
CUST_002536,isaac.lund@gmail.com,49069547,2024-09-22,standard,active,2025-04-15
CUST_002537,christophermoore@yahoo.com,+4791090982,2024-08-11,basic,churned,2024-11-18
CUST_002538,ragna39gundersen@telia.no,43607417,2025-01-25,standard,active,2025-06-06
CUST_002539,ellie_johnsen@protonmail.com,+3709541754,2023-11-20,basic,active,2025-05-20
CUST_002540,heleneolsen@protonmail.com,48173933/99108296,2023-12-11,standard,active,2025-06-29
CUST_002541,lucassorensen@icloud.com,4697647856,2024-10-11,basic,churned,2025-05-17
CUST_002542,lucaslee@telia.no,+4745709928,2024-05-05,basic,active,2025-02-11
CUST_002543,addisonthompson@mail.com,+4745520328,2023-09-12,standard,churned,2025-06-16
CUST_002544,sigrid_brown@gmail.com,49053067/40830388,2024-07-25,basic,paused,2025-05-07
CUST_002545,jonas_smith@online.no,4649105071,2024-02-02,basic,churned,2025-04-30
CUST_002546,nathanthompson@icloud.com,99143876,2024-04-12,standard,churned,2025-06-17
CUST_002547,beritmoore@fastmail.com,4696769597,2023-12-31,standard,active,2025-05-22
CUST_002548,aiden_johnsen@get.no,93703919,2023-11-30,basic,active,2024-09-21
CUST_002549,gunnarjorgensen@telia.no,44307683,2024-10-27,standard,paused,2025-04-28
CUST_002550,hazel.sorensen@me.com,+46236374373,2024-03-03,basic,active,2025-06-23
CUST_002551,samuel_eriksen@icloud.com,91 68 26 11,2024-12-02,basic,active,2024-12-09
CUST_002552,hazel60berg@icloud.com,73116,2024-03-17,standard,churned,2025-05-11
CUST_002553,aiden.smith@telia.no,93830148,2023-11-29,standard,churned,2025-02-08
CUST_002554,anthony.halvorsen@fastmail.com,44189024/96288261,2024-04-14,basic,paused,2025-05-14
CUST_002555,ava28jones@online.no,+4744931813,2024-04-24,basic,paused,2025-06-12
CUST_002556,olav.lee@hotmail.com,004790308349,2024-11-29,basic,active,2025-03-01
CUST_002557,zoe24johannessen@telenor.no,+4798133722,2023-12-23,premium,paused,2025-04-21
CUST_002558,alexandergarcia@outlook.com,+4745883021,2024-09-19,standard,active,2024-12-20
CUST_002559,erikhagen@hotmail.com,98760287,2024-07-13,basic,churned,2025-04-04
CUST_002560,tor.johannessen@broadpark.no,90391678,2025-01-06,standard,churned,2025-02-01
CUST_002561,jonashaugen@telenor.no,+349539536982,2024-08-22,premium,active,2025-06-24
CUST_002562,daniel66wilson@icloud.com,45623067,2024-02-20,basic,paused,2025-04-19
CUST_002563,ryan.sorensen@online.no,004742804471,2022-09-22,basic,active,2025-05-22
CUST_002564,harperjacobsen@broadpark.no,96237886/47327760,2023-11-01,premium,active,2025-02-10
CUST_002565,mia.jackson@hotmail.com,974-16-984,2023-12-17,standard,active,2025-05-05
CUST_002566,owen48smith@get.no,78592,2023-11-13,basic,active,2025-05-22
CUST_002567,mason_jones@telia.no,+47 948 92 396,2025-02-25,basic,active,2025-03-22
CUST_002568,emma50pettersen@protonmail.com,+3716103763,2023-09-09,premium,active,2025-06-28
CUST_002569,theodore_martin@gmail.com,+47 912 69 808,2023-10-09,standard,active,2025-07-01
CUST_002570,lincoln14moen@me.com,98393132,2024-01-02,basic,active,2024-10-01
CUST_002571,olav.jacobsen@yahoo.com,95755574,2024-03-11,basic,churned,2025-06-22
CUST_002572,liam86taylor@fastmail.com,+370109600661,2024-05-19,premium,active,2025-04-08
CUST_002573,isabella.iversen@live.no,8143,2024-08-30,premium,active,2024-10-10
CUST_002574,violethenriksen@mail.com,468-34-260,2024-06-08,basic,churned,2024-10-26
CUST_002575,magnus56jackson@telenor.no,481-87-588,2025-02-27,basic,active,2025-06-28
CUST_002576,thomas68haugen@icloud.com,004791261937,2024-01-09,basic,active,2025-06-16
CUST_002577,astridanderson@get.no,+4742134557,2024-01-13,premium,active,2025-06-24
CUST_002578,h!enry50henriksen@live.no,465-78-371,2023-12-15,standard,active,2025-06-27
CUST_002579,charlotte63hagen@live.no,+47 979 59 322,2024-08-04,premium,active,2024-11-08
CUST_002580,jaxon54pedersen@telenor.no,97 91 20 94,2024-06-30,premium,active,2025-05-14
CUST_002581,ragnamartinez@fastmail.com,004748826976,2024-02-07,basic,active,2024-09-25
CUST_002582,savannah70andreassen@me.com,99087863/44183590,2023-09-26,premium,active,2025-06-21
CUST_002583,eleanorjacobsen@icloud.com,90725445,2023-10-13,standard,churned,2025-03-02
CUST_002584,magnus_henriksen@icloud.com,94075193/44603782,2022-11-01,basic,active,2025-03-11
CUST_002585,brooklyn.rodrigueztelenor.no,98777075/41399392,2022-10-20,standard,active,2024-07-09
CUST_002586,berit87dahl@me.com,+4747718626,2024-05-20,standard,paused,2025-03-26
CUST_002587,lincoln_moen@outlook.com,2624,2023-11-16,premium,churned,2025-03-20
CUST_002588,helenejohannessen@live.no,43495,2024-07-26,basic,active,2024-09-27
CUST_002589,daniel.larsen@fastmail.com,48934828,2025-04-27,basic,paused,2025-05-09
CUST_002590,olivialund@hotmail.com,95686969,2025-02-22,basic,churned,2025-06-04
CUST_002591,penelope_pedersen@me.com,27686,2022-11-18,basic,churned,2024-07-31
CUST_002592,christopher_martin@mail.com,1844,2023-08-10,standard,active,2024-12-12
CUST_002593,thomasjackson@telia.no,94103184,2025-01-20,premium,churned,2025-02-16
CUST_002594,zoe_halvorsen@mail.com,004795546120,2024-09-06,premium,churned,2025-05-10
CUST_002595,violettaylor@yahoo.com,004741989289,2024-11-26,basic,paused,2025-06-05
CUST_002596,addisonberg@protonmail.com,96286078,2024-12-26,premium,active,2025-01-31
CUST_002597,violet_henriksen@mail.com,4690749185,2025-04-02,premium,churned,2025-04-30
CUST_002598,samuellarsen@me.com,6119,2023-01-25,premium,active,2024-11-08
CUST_002599,jonas_iversen@yahoo.com,9442,2024-02-23,premium,active,2025-02-05
CUST_002600,olivia_larsen@telenor.no,90787305,2023-11-16,standard,active,2025-06-28
CUST_002601,gunnar_andreassen@telia.no,46205555,2023-02-08,premium,active,2025-05-16
CUST_002602,hannah48rodriguez@online.no,31095,2025-01-01,standard,churned,2025-01-25
CUST_002603,hazel.brown@fastmail.com,+331898659,2023-06-05,premium,churned,2025-04-11
CUST_002604,livmartin@gmail.com,92 56 70 32,2024-04-26,standard,churned,2024-10-02
CUST_002605,brooklyn.iversen@mail.com,90743,2024-01-31,premium,active,2025-01-05
CUST_002606,bella_johannessen@online.no,40244407/,2024-08-27,basic,churned,2025-04-02
CUST_002607,ethan_andersen@yahoo.com,6166,2023-12-03,basic,churned,2025-06-28
CUST_002608,savannahmoore@telenor.no,95652083,2024-12-04,premium,paused,2025-03-27
CUST_002609,penelope.hansen@telia.no,4691832152,2022-10-04,basic,active,2024-10-19
CUST_002610,mialee@live.no,+4748604283,2024-12-14,standard,active,2025-06-09
CUST_002611,hannahsorensen@mail.com,004791060606,2024-04-22,premium,active,2024-09-08
CUST_002612,lincoln_jones@fastmail.com,91810072,2023-07-31,basic,churned,2024-08-04
CUST_002613,lars.jones@get.no,+44757903367,2023-05-20,standard,churned,2024-11-10
CUST_002614,berit.johnson@fastmail.com,47848652,2024-09-08,basic,churned,2025-05-22
CUST_002615,jack.eriksen@icloud.com,004740700026,2023-01-13,standard,active,2025-03-30
CUST_002616,christopher91lund@hotmail.com,7230,2024-09-25,standard,churned,2025-05-02
CUST_002617,chloe_sorensen@hotmail.com,44808861,2024-12-03,premium,active,2025-06-27
CUST_002618,hannah.moore@fastmail.com,977-21-127,2024-12-03,standard,churned,2025-04-20
CUST_002619,lincoln85nilsen@mail.com,935-21-526,2024-04-04,premium,active,2025-06-30
CUST_002620,liam1iversen@me.com,98646414/93594689,2024-06-29,premium,active,2025-04-09
CUST_002621,luke59pettersen@protonmail.com,973-95-166,2025-03-02,premium,active,2025-05-06
CUST_002622,maverick.lee@mail.com,004749507151,2024-01-03,standard,paused,2025-04-07
CUST_002623,kari_lee@hotmail.com,97725961,2023-11-02,standard,churned,2024-10-08
CUST_002624,tor_taylor@telia.no,5660,2023-12-04,basic,active,2025-06-26
CUST_002625,isabellawilson@broadpark.no,+4799363568,2025-01-22,standard,churned,2025-02-07
CUST_002626,savannahkarlsen@icloud.com,97621874,2024-08-23,premium,active,2025-02-28
CUST_002627,hannah_jensen@telenor.no,98348709,2023-10-19,premium,active,2025-04-19
CUST_002628,thomas.taylor@yahoo.com,95482627/93312581,2024-11-12,premium,churned,2024-12-01
CUST_002629,riley.andreassen@gmail.com,94476522/,2024-07-17,premium,active,2025-01-25
CUST_002630,amelia.moen@telenor.no,+47 917 13 528,2024-07-20,basic,churned,2024-10-17
CUST_002631,emma46wilson@gmail.com,004798076648,2024-04-19,basic,active,2025-05-14
CUST_002632,bjorn23hagen@outlook.com,478-33-594,2024-02-28,premium,active,2025-03-17
CUST_002633,harper.jacobsen@mail.com,435-34-176,2023-11-03,standard,active,2024-12-06
CUST_002634,samuel.nilsen@outlook.com,44739129,2024-03-21,premium,active,2025-02-25
CUST_002635,nora.jacobsen@broadpark.no,+49685390917,2024-07-29,standard,churned,2024-11-24
CUST_002636,liam_brown@gmail.com,42906419,2024-01-06,standard,active,2025-04-28
CUST_002637,michael32moore@telenor.no,952-65-872,2024-03-09,basic,active,2024-10-13
CUST_002638,thomas.pettersen@live.no,45980188/40300537,2024-02-29,standard,active,2024-07-25
CUST_002639,aria_martin@telia.no,40710816,2024-02-07,basic,active,2025-05-03
CUST_002640,olav83overland@live.no,45415198,2025-01-24,basic,paused,2025-04-06
CUST_002641,harper_overland@get.no,4692863583,2024-07-15,basic,paused,2025-03-11
CUST_002642,gabriel75eriksen@broadpark.no,+4635588572,2023-04-22,premium,active,2025-03-12
CUST_002643,erik.berg@telia.no,490-55-875,2024-09-14,premium,churned,2025-05-10
CUST_002644,logan.andreassen@get.no,7989,2023-11-18,premium,active,2025-03-21
CUST_002645,samuel.jones@outlook.com,+47 484 58 487,2024-08-05,basic,active,2025-06-22
CUST_002646,chloe71moen@yahoo.com,47 20 08 05,2024-04-20,basic,active,2024-10-21
CUST_002647,laylathompson@telia.no,+47 929 25 556,2024-03-25,premium,paused,2025-04-22
CUST_002648,lily.gundersen@mail.com,45812362,2024-08-03,basic,active,2025-01-22
CUST_002649,maverick_taylor@gmail.com,49 06 72 44,2023-08-24,basic,churned,2024-08-03
CUST_002650,livjohnson@fastmail.com,97476308/45728909,2024-12-16,premium,active,2025-06-20
CUST_002651,liv35moen@hotmail.com,004748042022,2024-09-23,standard,paused,2025-03-12
CUST_002652,sigrid45smith@fastmail.com,+4746828765,2023-01-03,standard,paused,2025-05-17
CUST_002653,aubrey66jensen@protonmail.com,96850664/98264871,2024-09-03,basic,active,2025-05-27
CUST_002654,andrewjohannessen@live.no,43 47 98 52,2024-01-29,premium,churned,2024-11-07
CUST_002655,eleanor.overland@gmail.com,4695056337,2025-02-20,premium,active,2025-06-18
CUST_002656,mia76brown@outlook.com,+371229813324,2025-01-04,premium,churned,2025-02-03
CUST_002657,logan.pedersen@@broadpark.no,+47 943 60 489,2022-11-29,premium,churned,2025-06-12
CUST_002658,hazel29nilsen@icloud.com,97493476/,2023-11-06,standard,churned,2024-07-18
CUST_002659,thomas.pedersen@live.no,4697645808,2024-07-23,basic,churned,2024-10-22
CUST_002660,aria89martin@outlook.com,40531260/,2024-06-10,premium,churned,2025-06-14
CUST_002661,karijones@me.com,98769559/,2023-05-20,basic,churned,2025-04-26
CUST_002662,logan_haugen@gmail.com,+47 418 35 941,2024-10-10,basic,paused,2025-03-28
CUST_002663,samuel_jorgensen@telenor.no,+4745802455,2023-06-29,basic,active,2024-11-18
CUST_002664,sven_overland@icloud.com,44 92 86 32,2024-03-27,basic,active,2025-06-11
CUST_002665,jaxon_johannessen@telia.no,40607634/93346026,2022-12-04,basic,active,2025-03-13
CUST_002666,ryan_andersen@get.no,90252151/,2024-08-06,premium,paused,2025-06-02
CUST_002667,aubrey_nilsen@online.no,+460235472240,2023-04-23,premium,active,2025-06-15
CUST_002668,gunnar.jakobsen@fastmail.com,+4740458927,2024-06-13,premium,active,2025-05-31
CUST_002669,sophiawilliams@online.no,435-55-638,2024-06-10,standard,active,2025-05-13
CUST_002670,samuel73berg@telenor.no,004799800557,2023-10-25,basic,active,2025-06-24
CUST_002671,lars52lee@yahoo.com,90447501,2024-04-21,standard,active,2025-03-11
CUST_002672,freya.jakobsen@protonmail.com,+3342043006,2024-08-24,basic,churned,2025-06-27
CUST_002673,leah_miller@online.no,459-11-420,2022-11-19,basic,churned,2025-06-14
CUST_002674,evelyn71berg@yahoo.com,+46922430232,2023-08-31,basic,active,2025-06-30
CUST_002675,penelope_jensen@online.no,44350979/43532956,2024-11-24,standard,active,2025-05-11
CUST_002676,ryanlee@get.no,964-08-977,2024-02-01,standard,active,2024-12-16
CUST_002677,ryan.hansen@broadpark.no,+88073156726,2025-01-13,premium,paused,2025-06-06
CUST_002678,leahpettersen@telenor.no,97 73 82 43,2023-01-26,basic,active,2025-03-08
CUST_002679,daniel_rodriguez@yahoo.com,43813852,2023-10-17,basic,active,2025-06-25
CUST_002680,evelynjohnson@telia.no,44412452,2024-09-30,basic,active,2025-03-14
CUST_002681,hazel_taylor@gmail.com,45046293/,2024-09-22,standard,active,2025-06-26
CUST_002682,sebastian_henriksen@broadpark.no,+4798959190,2024-06-26,premium,active,2025-03-20
CUST_002683,einarsmith@protonmail.com,45723230,2025-05-09,basic,churned,2025-06-02
CUST_002684,joshuarodriguez@mail.com,947-52-914,2024-02-23,premium,active,2024-10-02
CUST_002685,elijah99garcia@telia.no,42702525/,2023-08-03,premium,paused,2025-04-02
CUST_002686,samuel.wilson@outlook.com,76809,2023-07-09,basic,paused,2025-05-22
CUST_002687,sigrid.jakobsen@icloud.com,+4746424532,2025-03-22,standard,active,2025-06-09
CUST_002688,zoe_wilson@outlook.com,004743715243,2023-08-11,basic,churned,2025-04-06
CUST_002689,zoe.jones@hotmail.com,93122526/,2024-08-02,standard,active,2024-08-15
CUST_002690,jaxon57larsen@live.no,004792863070,2024-04-18,basic,paused,2025-06-26
CUST_002691,per.andersen@get.no,94805694,2023-02-02,basic,active,2024-10-16
CUST_002692,arne.davis@telia.no,004799100723,2023-11-14,premium,active,2025-06-16
CUST_002693,eleanor.miller@telenor.no,4694041210,2024-04-19,premium,active,2025-06-13
CUST_002694,noah_lund@protonmail.com,98878506,2024-05-15,premium,active,2024-10-03
CUST_002695,maritkristiansen@icloud.com,45156095/44277021,2024-06-25,basic,churned,2025-06-18
CUST_002696,addison11kristiansen@outlook.com,91435934,2024-11-29,standard,active,2024-12-06
CUST_002697,kari_johannessen@get.no,93 10 73 71,2024-09-29,basic,active,2025-05-28
CUST_002698,perolsen@broadpark.no,44 08 86 09,2024-05-07,premium,active,2025-01-24
CUST_002699,aiden.hagen@live.no,+340998129,2024-04-23,premium,active,2025-05-06
CUST_002700,sven67anderson@yahoo.com,004745949254,2023-12-23,basic,paused,2025-05-20
CUST_002701,elijahkarlsen@live.no,+341051292,2023-11-05,standard,active,2025-04-08
CUST_002702,olivia64lee@live.no,+47 467 78 107,2025-05-22,premium,active,2025-06-14
CUST_002703,helene.haugen@telia.no,4643157920,2024-02-13,premium,active,2024-09-26
CUST_002704,isabella_jackson@live.no,47295126,2023-12-17,standard,active,2024-08-05
CUST_002705,leah.white@outlook.com,90390927/97360863,2023-04-28,basic,active,2025-04-27
CUST_002706,natalie52jakobsen@get.no,455-08-005,2023-07-04,basic,paused,2025-04-15
CUST_002707,sophia6garcia@hotmail.com,+1419941243,2024-05-14,standard,active,2025-05-01
CUST_002708,sven.pettersen@telenor.no,+47 919 18 149,2023-05-12,basic,active,2024-08-22
CUST_002709,samuel_martinez@gmail.com,97491176,2024-05-01,standard,active,2025-06-27
CUST_002710,penelope_johnson@protonmail.com,4645752295,2025-02-03,standard,active,2025-02-16
CUST_002711,ingrid55larsen@hotmail.com,004797567535,2023-02-02,standard,active,2025-02-07
CUST_002712,sven_johnson@icloud.com,+47 481 20 780,2023-09-11,premium,active,2025-05-17
CUST_002713,mateo.pedersen@mail.com,42082341,2023-07-24,standard,active,2025-06-22
CUST_002714,jaxonlund@online.no,96190764,2024-07-12,premium,active,2025-04-04
CUST_002715,olav86jacobsen@get.no,4646222772,2024-05-05,basic,active,2025-01-23
CUST_002716,marit93olsen@yahoo.com,48465592,2023-04-07,premium,churned,2024-09-18
CUST_002717,mateowilliams@me.com,43974539/,2022-12-21,standard,active,2025-06-03
CUST_002718,mateo57jacobsen@broadpark.no,94433736,2023-09-03,premium,active,2025-06-23
CUST_002719,addison29iversen@protonmail.com,97631834/,2024-10-04,standard,active,2025-06-29
CUST_002720,eleanor83davis@yahoo.com,92346151/41676089,2024-05-19,basic,active,2024-09-15
CUST_002721,lillian80williams@fastmail.com,44256582/48540445,2025-04-03,basic,churned,2025-04-26
CUST_002722,sebastian49lee@icloud.com,48144986/,2022-08-26,basic,churned,2024-10-15
CUST_002723,riley_pettersen@telia.no,93070791,2024-01-05,basic,paused,2025-04-25
CUST_002724,sven.johnson@broadpark.no,90833451,2024-10-04,standard,active,2025-03-19
CUST_002725,lily_thompson@outlook.com,+4798814742,2023-05-04,basic,active,2025-04-04
CUST_002726,lincolnjensen@gmail.com,+440535760,2023-12-11,standard,active,2025-06-04
CUST_002727,gabrielandersen@icloud.com,+47 915 16 329,2024-07-10,standard,paused,2025-06-23
CUST_002728,marit_andreassen@broadpark.no,4693648517,2024-03-07,premium,active,2025-01-27
CUST_002729,adrian8smith@hotmail.com,96017419,2024-06-05,basic,paused,2025-06-24
CUST_002730,lucasmartin@telenor.no,459-62-783,2023-12-31,standard,churned,2024-09-19
CUST_002731,addison_johannessen@gmail.com,004791451374,2023-12-06,basic,paused,2025-06-15
CUST_002732,bella21anderson@me.com,95 29 36 75,2024-05-30,standard,active,2025-03-20
CUST_002733,freyajohannessen@gmail.com,49759553/,2024-05-24,basic,churned,2024-12-31
CUST_002734,torlarsen@mail.com,+47 454 47 658,2023-05-13,premium,active,2025-06-30
CUST_002735,einar60martin@telia.no,8715,2023-09-05,standard,active,2025-02-08
CUST_002736,erik.white@icloud.com,93854424,2025-01-23,premium,paused,2025-05-29
CUST_002737,bella39thompson@gmail.com,99890876/44272477,2024-12-07,standard,active,2024-12-29
CUST_002738,bella.pedersen@protonmail.com,417-36-713,2023-09-29,premium,churned,2025-05-25
CUST_002739,olivia.moore@telia.no,46661624/,2023-09-25,premium,active,2024-09-02
CUST_002740,natalie.pettersen@fastmail.com,42479224/96867071,2024-05-28,standard,active,2025-02-25
CUST_002741,bjorn_miller@protonmail.com,98 52 35 29,2024-03-23,basic,churned,2025-06-23
CUST_002742,rileywhite@online.no,92 47 11 55,2024-03-13,basic,active,2025-06-23
CUST_002743,amelia11miller@protonmail.com,47067769,2024-09-21,basic,active,2025-06-19
CUST_002744,natalie_dahl@protonmail.com,+4794255035,2024-08-21,premium,paused,2025-03-28
CUST_002745,greta.pettersen@mail.com,42546759,2025-01-13,standard,churned,2025-02-07
CUST_002746,gunnar.thompson@online.no,+4747056825,2024-02-20,basic,active,2025-06-27
CUST_002747,jack48henriksen@icloud.com,36444,2023-04-14,standard,active,2025-06-21
CUST_002748,anthony17eriksen@me.com,+47 492 06 042,2023-05-24,standard,active,2025-05-09
CUST_002749,helene.jensen@me.com,44743506/,2024-01-17,standard,churned,2025-03-03
CUST_002750,kristian27davis@get.no,41203829,2024-01-07,basic,churned,2025-03-13
CUST_002751,alexanderhalvorsen@fastmail.com,94761680/,2023-10-15,standard,churned,2025-06-01
CUST_002752,ava.dahl@get.no,96 80 13 14,2024-09-12,basic,active,2025-06-26
CUST_002753,adrian.johannessen@hotmail.com,4641549599,2024-11-12,basic,paused,2025-04-05
CUST_002754,aurora14rodriguez@get.no,49136417/,2023-12-18,standard,paused,2025-04-20
CUST_002755,harperjohansen@fastmail.com,46090168/41153609,2024-06-01,basic,churned,2025-04-12
CUST_002756,sebastian78anderson@icloud.com,+4740096015,2024-09-22,basic,churned,2025-03-19
CUST_002757,andrewhaugen@yahoo.com,448-88-804,2022-09-09,standard,active,2025-03-11
CUST_002758,,46 93 24 05,2023-04-22,premium,active,2025-04-20
CUST_002759,isabellawilson@telenor.no,+4740389166,2024-03-26,premium,active,2025-04-13
CUST_002760,mason43williams@fastmail.com,44394290/48892585,2024-04-04,basic,churned,2025-03-10
CUST_002761,penelope28smith@gmail.com,+47 412 05 886,2024-02-10,premium,active,2025-04-06
CUST_002762,liv33larsen@online.no,43409514/45018136,2025-01-06,basic,active,2025-06-27
CUST_002763,theodore.lund@icloud.com,4643481094,2023-11-21,basic,active,2025-01-09
CUST_002764,owen_moore@telenor.no,96 14 41 29,2024-02-27,basic,active,2025-06-22
CUST_002765,penelopethomas@yahoo.com,91761114,2024-03-15,basic,active,2025-01-26
CUST_002766,ragnaolsen@telenor.no,81001,2025-01-18,premium,active,2025-05-04
CUST_002767,olivia59kristiansen@live.no,96 73 23 83,2024-05-31,basic,active,2025-04-02
CUST_002768,caleb_jacobsen@live.no,5950,2024-01-08,premium,active,2025-05-15
CUST_002769,marit_andersen@live.no,457-72-108,2024-03-31,standard,active,2025-07-01
CUST_002770,isaac45davis@outlook.com,45551849/,2024-06-17,standard,active,2024-10-29
CUST_002771,owen_wilson@protonmail.com,93284248,2024-04-06,premium,paused,2025-06-10
CUST_002772,sigrid_jones@gmail.com,49172651,2023-12-10,basic,paused,2025-05-29
CUST_002773,evelynolsen@icloud.com,+47 431 45 625,2024-09-01,basic,active,2025-05-31
CUST_002774,mia.haugen@gmail.com,41464421,2024-07-29,standard,churned,2025-03-19
CUST_002775,isaac_henriksen@telia.no,4647702604,2024-02-12,standard,churned,2024-08-03
CUST_002776,helene67davis@get.no,4645696411,2024-09-11,basic,active,2024-10-20
CUST_002777,lars_martinez@live.no,4696339680,2023-01-27,standard,active,2025-06-22
CUST_002778,eleanorjohnson@protonmail.com,+3425933238,2024-12-25,basic,active,2025-06-10
CUST_002779,zoe52andersen@live.no,004796970711,2024-01-16,standard,paused,2025-04-18
CUST_002780,addison.andersen@me.com,98 72 39 03,2024-03-28,standard,churned,2025-04-26
CUST_002781,anthonyhansen@yahoo.com,46245884,2023-10-25,premium,churned,2024-08-17
CUST_002782,mia83andreassen@online.no,48 05 71 17,2024-03-06,premium,active,2025-04-26
CUST_002783,lucaskarlsen@get.no,66044,2024-02-29,standard,paused,2025-05-04
CUST_002784,amelia.kristiansen@broadpark.no,482-77-347,2024-04-16,premium,active,2024-08-23
CUST_002785,hilde_jacobsen@protonmail.com,+47 431 88 156,2024-03-27,basic,active,2025-05-27
CUST_002786,ryanwilson@me.com,99 70 79 07,2023-04-20,premium,active,2025-02-11
CUST_002787,jonas.halvorsen@protonmail.com,47314127,2024-10-10,standard,churned,2025-04-11
CUST_002788,henrymiller@@telia.no,+47 440 55 525,2023-06-12,basic,churned,2024-07-04
CUST_002789,andrew20gundersen@protonmail.com,004744374282,2023-08-24,basic,active,2025-06-14
CUST_002790,ryanandersen@gmail.com,90726520/,2023-01-11,premium,active,2025-02-26
CUST_002791,jaxon80moen@gmail.com,+47 472 50 093,2022-09-25,basic,paused,2025-04-19
CUST_002792,luke_sorensen@get.no,15884,2024-08-04,standard,active,2025-05-23
CUST_002793,nora.davis@fastmail.com,40208967,2024-05-22,basic,active,2025-06-19
CUST_002794,zoe.karlsen@hotmail.com,47 51 96 79,2023-08-13,standard,active,2025-06-26
CUST_002795,brooklyn.gundersen@protonmail.com,004744220704,2024-09-08,premium,active,2024-09-20
CUST_002796,danielkarlsen@broadpark.no,98936742/,2024-02-27,standard,active,2025-06-24
CUST_002797,natalie61moore@telia.no,+4741113052,2023-11-14,standard,active,2025-05-15
CUST_002798,riley_halvorsen@fastmail.com,+4797504480,2024-05-25,basic,churned,2025-05-27
CUST_002799,clairetaylor@telenor.no,441-26-165,2024-07-05,basic,active,2024-08-06
CUST_002800,owen76eriksen@telia.no,41461690,2024-07-12,premium,active,2025-07-01
CUST_002801,michaelmartinez@mail.com,004791904377,2023-05-25,basic,churned,2024-08-11
CUST_002802,avahenriksen@gmail.com,437-24-645,2022-10-31,standard,active,2025-02-23
CUST_002803,gunnar.lund@mail.com,46563226/,2024-04-03,basic,paused,2025-06-17
CUST_002804,mason.johnson@broadpark.no,99272916,2024-01-20,basic,paused,2025-06-13
CUST_002805,harper_rodriguez@yahoo.com,91875761/96572245,2023-06-24,standard,active,2024-09-14
CUST_002806,liam_johnson@telenor.no,+4790833783,2024-05-28,premium,active,2025-01-16
CUST_002807,jonas50miller@yahoo.com,96808079/96530002,2023-07-25,standard,active,2025-06-22
CUST_002808,sebastian.moore@live.no,004790928033,2024-04-23,basic,active,2025-05-05
CUST_002809,ameliaberg@me.com,+47 479 39 226,2022-10-03,premium,churned,2024-10-17
CUST_002810,samuel_johnsen@online.no,43698324/,2025-03-10,standard,active,2025-06-19
CUST_002811,helene.lund@telenor.no,+3704093362,2024-05-02,basic,paused,2025-05-24
CUST_002812,addisonjensen@yahoo.com,92673272/,2024-09-30,basic,active,2025-03-19
CUST_002813,zoey.karlsen@protonmail.com,429-74-511,2023-10-31,standard,active,2025-06-25
CUST_002814,emmajones@live.no,91339660/,2023-01-20,standard,active,2025-01-14
CUST_002815,michael52anderson@telenor.no,4697118132,2023-12-06,standard,active,2025-05-12
CUST_002816,ethandavis@get.no,950-63-698,2024-06-26,basic,active,2024-09-17
CUST_002817,erik.halvorsen@protonmail.com,96976022/,2024-09-21,basic,active,2025-02-04
CUST_002818,,+4792491626,2024-09-21,standard,active,2024-10-25
CUST_002819,ragna_andreassen@yahoo.com,44219738,2024-12-18,premium,paused,2025-04-19
CUST_002820,noah_haugen@icloud.com,95102958,2024-08-26,standard,active,2025-06-23
CUST_002821,hilde22berg@hotmail.com,44535135,2023-12-13,premium,active,2025-04-04
CUST_002822,mia.moore@online.no,435-47-154,2023-05-27,basic,active,2025-05-28
CUST_002823,hannah_nilsen@online.no,4640682994,2024-06-26,standard,paused,2025-06-26
CUST_002824,chloewilliams@fastmail.com,+47 486 91 981,2024-05-08,basic,active,2025-02-15
CUST_002825,magnuseriksen@outlook.com,+4795133861,2023-08-19,standard,active,2025-01-14
CUST_002826,gabriel13pedersen@live.no,94337073,2024-06-03,basic,active,2024-07-07
CUST_002827,samuelsmith@gmail.com,+4742178940,2023-12-03,standard,churned,2025-01-21
CUST_002828,astrid.gundersen@online.no,004748629319,2023-09-17,basic,churned,2025-05-06
CUST_002829,claire41wilson@online.no,4697401925,2024-06-24,basic,active,2025-03-22
CUST_002830,emma14johannessen@live.no,93840397,2024-11-16,standard,churned,2025-05-18
CUST_002831,hazel.moen@mail.com,91425095/,2024-05-28,standard,paused,2025-03-30
CUST_002832,lucasberg@broadpark.no,43132996,2024-04-02,basic,active,2025-05-26
CUST_002833,bellamoore@telia.no,49776385/,2024-03-17,standard,paused,2025-03-21
CUST_002834,solveigmiller@yahoo.com,4693763662,2024-03-23,basic,active,2024-12-04
CUST_002835,joshuahalvorsen@mail.com,95394506/,2023-12-01,standard,churned,2025-04-08
CUST_002836,harper69rodriguez@icloud.com,+4749972855,2023-11-08,basic,active,2024-08-07
CUST_002837,laylamoore@mail.com,+4744914215,2024-08-16,premium,active,2024-09-06
CUST_002838,gabrielkarlsen@icloud.com,+47 904 05 277,2022-09-22,basic,active,2025-03-31
CUST_002839,jaxon.gundersen@live.no,+47 999 75 109,2025-03-13,premium,churned,2025-06-19
CUST_002840,lars_jacobsen@gmail.com,7082,2024-02-12,basic,active,2025-05-28
CUST_002841,logan.thompson@get.no,49501147,2024-08-13,premium,active,2025-05-09
CUST_002842,kristianlarsen@get.no,43 78 39 04,2024-01-09,standard,active,2024-07-07
CUST_002843,beritjacobsen@protonmail.com,004746333388,2023-04-23,premium,active,2025-04-24
CUST_002844,kristianolsen@hotmail.com,40824130/46064490,2024-09-18,premium,paused,2025-04-20
CUST_002845,owen16jacobsen@fastmail.com,+37018216063,2024-02-09,basic,active,2024-09-06
CUST_002846,jonas.thomas@broadpark.no,+10257953564,2024-08-05,basic,active,2025-05-26
CUST_002847,nathan_white@online.no,93996240/43849203,2025-01-11,premium,active,2025-06-27
CUST_002848,dylan.hansen@telenor.no,+33391067333,2023-03-13,basic,active,2024-10-13
CUST_002849,jack.thompson@icloud.com,99668992,2024-08-27,standard,active,2025-01-30
CUST_002850,addison.lee@yahoo.com,45444847,2024-01-22,basic,active,2025-04-25
CUST_002851,ellie94nilsen@me.com,42217759,2024-01-09,basic,active,2025-01-27
CUST_002852,kari.rodriguez@broadpark.no,42041037,2024-11-11,premium,active,2025-06-29
CUST_002853,annerodriguez@online.no,+47 951 26 370,2023-12-18,standard,paused,2025-04-15
CUST_002854,leah_white@fastmail.com,+4742251766,2024-05-02,standard,churned,2025-02-01
CUST_002855,daniel_johnson@icloud.com,43459582,2023-12-21,standard,active,2025-03-13
CUST_002856,ariaandersen@telenor.no,49944147/,2024-06-13,basic,paused,2025-05-06
CUST_002857,leah_eriksen@me.com,94 85 86 47,2024-05-02,standard,active,2025-02-05
CUST_002858,adrianjohnson@get.no,95067996,2023-03-07,standard,active,2025-06-26
CUST_002859,ingrid_anderson@gmail.com,98 70 42 64,2024-06-05,premium,churned,2025-03-10
CUST_002860,per39jones@gmail.com,463-82-850,2023-10-21,basic,active,2025-05-19
CUST_002861,addison_hansen@mail.com,42521238,2025-04-17,standard,paused,2025-05-03
CUST_002862,samuel_moore@mail.com,+47 935 14 874,2024-01-25,standard,churned,2025-04-07
CUST_002863,charlottejensen@telia.no,004798938533,2024-07-01,premium,active,2025-06-25
CUST_002864,olavlund@hotmail.com,48751209,2023-11-09,basic,churned,2025-04-07
CUST_002865,hannah_thompson@telenor.no,09891,2023-02-25,basic,active,2025-06-27
CUST_002866,freya78thompson@protonmail.com,+48834459421,2025-04-06,basic,active,2025-06-21
CUST_002867,theodore_jacobsen@mail.com,95490787/45505415,2022-09-18,basic,churned,2025-06-05
CUST_002868,violet58halvorsen@mail.com,99606169,2024-08-02,basic,paused,2025-05-16
CUST_002869,charlottejohnsen@mail.com,7706,2024-01-30,basic,active,2024-08-02
CUST_002870,solveig48kristiansen@mail.com,99060827/,2024-05-09,basic,active,2025-05-03
CUST_002871,riley_lund@mail.com,95969157,2024-09-16,basic,churned,2025-06-07
CUST_002872,einar82lund@fastmail.com,+4747598491,2024-08-22,standard,paused,2025-05-02
CUST_002873,ragna.brown@online.no,41133795/43314324,2024-12-29,standard,active,2025-01-09
CUST_002874,savannah99williams@online.no,+4748790813,2023-11-24,basic,active,2025-06-18
CUST_002875,audreykarlsen@yahoo.com,004793519788,2024-12-12,basic,churned,2025-06-17
CUST_002876,gunnar_olsen@me.com,+4641701831,2024-08-25,standard,paused,2025-05-27
CUST_002877,layla.johannessen@gmail.com,99 25 17 33,2024-08-20,standard,churned,2025-05-10
CUST_002878,audrey.johnsen@me.com,92979685,2022-07-27,standard,active,2025-06-30
CUST_002879,gabriel.iversen@gmail.com,408-21-240,2024-04-20,premium,churned,2025-05-26
CUST_002880,greta_wilson@telia.no,492-13-501,2024-12-05,basic,active,2025-01-03
CUST_002881,ingrid_jorgensen@gmail.com,48489945/,2024-08-04,premium,churned,2025-04-16
CUST_002882,hazel38karlsen@protonmail.com,44744217,2023-06-29,standard,active,2025-02-16
CUST_002883,emmajohannessen@mail.com,94446574,2024-03-14,basic,paused,2025-05-22
CUST_002884,aria91jorgensen@yahoo.com,004795089304,2024-08-25,basic,churned,2024-11-03
CUST_002885,michael.andersen@hotmail.com,+4799975483,2024-01-07,standard,churned,2025-01-25
CUST_002886,harald.white@online.no,92 24 12 50,2023-10-21,standard,paused,2025-06-05
CUST_002887,ryanthompson@outlook.com,+47 423 72 074,2023-03-22,premium,churned,2025-05-01
CUST_002888,sophia_taylor@gmail.com,49988773,2024-09-02,standard,active,2025-07-01
CUST_002889,lincoln_henriksen@fastmail.com,+49510885899,2024-03-15,premium,paused,2025-06-20
CUST_002890,lincolnkristiansen@fastmail.com,47834206,2024-08-14,basic,churned,2024-10-21
CUST_002891,luke_eriksen@me.com,+4799719720,2024-08-05,standard,paused,2025-06-04
CUST_002892,henry_jacobsen@yahoo.com,+3324308724,2024-08-15,standard,active,2025-06-24
CUST_002893,ethanjensen@outlook.com,+47 991 02 419,2022-10-04,premium,active,2024-11-22
CUST_002894,ryanjacobsen@telia.no,47699152,2023-07-21,standard,active,2025-06-30
CUST_002895,sigridoverland@online.no,96501800,2024-06-09,basic,active,2025-05-19
CUST_002896,hazel_sorensen@gmail.com,+4746257510,2022-10-28,basic,active,2024-09-19
CUST_002897,annejones@protonmail.com,+4793847184,2023-08-04,standard,churned,2025-05-13
CUST_002898,aiden.larsen@fastmail.com,48236372,2024-07-02,basic,active,2025-05-10
CUST_002899,solveig_brown@fastmail.com,06748,2023-10-16,basic,paused,2025-05-18
CUST_002900,ariakarlsen@telenor.no,004795476316,2024-01-17,basic,active,2025-01-07
CUST_002901,astridlarsen@hotmail.com,+4794237246,2024-05-10,standard,paused,2025-03-15
CUST_002902,harper90johnsen@live.no,474-79-045,2022-09-04,standard,active,2025-05-30
CUST_002903,greta.thompson@yahoo.com,94 25 49 78,2025-02-02,basic,active,2025-02-28
CUST_002904,erik_jakobsen@gmail.com,004793116015,2024-06-04,standard,active,2025-04-09
CUST_002905,logannilsen@me.com,004744015043,2023-06-24,standard,churned,2025-03-02
CUST_002906,ragna.brown@live.no,45855836/95487597,2024-02-05,premium,paused,2025-04-01
CUST_002907,maverickjohannessen@yahoo.com,44368275,2024-05-22,basic,churned,2024-07-06
CUST_002908,dylan89larsen@me.com,97253081/98086789,2024-08-10,basic,active,2025-05-05
CUST_002909,aria.jacobsen@live.no,+88095963518,2023-06-17,standard,active,2025-06-26
CUST_002910,layla_pettersen@gmail.com,430-14-464,2023-08-16,basic,churned,2025-01-12
CUST_002911,ragnamillermail.com,+37128940117,2025-01-03,basic,active,2025-05-03
CUST_002912,savannah.johansen@telenor.no,96790877/47316927,2024-06-24,basic,churned,2025-06-25
CUST_002913,isabella52olsen@gmail.com,+47 900 97 018,2024-09-09,standard,churned,2024-09-11
CUST_002914,stella.lee@mail.com,408-53-700,2024-03-25,basic,active,2025-06-29
CUST_002915,anne.jensen@yahoo.com,98390510,2024-11-20,basic,paused,2025-03-06
CUST_002916,mateo_andersen@get.no,10149,2024-07-16,basic,paused,2025-05-08
CUST_002917,aiden_pettersen@broadpark.no,49 64 29 58,2023-12-27,basic,active,2024-11-26
CUST_002918,alexander.andersen@fastmail.com,2421,2023-06-20,premium,active,2025-01-16
CUST_002919,samuelwilson@broadpark.no,4695950242,2022-12-09,premium,paused,2025-06-14
CUST_002920,thomas_berg@hotmail.com,+4747548771,2023-06-21,basic,active,2025-06-29
CUST_002921,olivia_jakobsen@outlook.com,40318676/,2023-07-04,standard,active,2025-02-25
CUST_002922,daniel96pettersen@broadpark.no,47390049/93096667,2023-09-15,standard,active,2024-12-25
CUST_002923,kari91johnsen@me.com,+1954584465,2024-04-14,premium,active,2025-05-04
CUST_002924,jonas_iversen@outlook.com,004747893287,2023-09-04,basic,paused,2025-06-09
CUST_002925,jaxonwhite@live.no,004792749464,2024-06-25,basic,churned,2025-06-28
CUST_002926,greta.johansen@yahoo.com,004746659453,2024-02-19,standard,active,2025-06-09
CUST_002927,owen_dahl@me.com,+4796682289,2022-12-21,premium,active,2025-01-24
CUST_002928,maverick_thomas@protonmail.com,+481915770141,2024-11-26,basic,active,2025-06-21
CUST_002929,stellakarlsen@hotmail.com,+4792811587,2023-05-14,standard,active,2025-06-22
CUST_002930,mia77sorensen@hotmail.com,+499810094,2024-07-22,basic,active,2025-05-19
CUST_002931,savannah.haugen@yahoo.com,+338263267,2024-05-14,basic,paused,2025-04-10
CUST_002932,charlotte.pedersen@icloud.com,4647539871,2024-08-01,basic,active,2024-08-17
CUST_002933,jacob4davis@hotmail.com,+497428954058,2024-07-28,standard,active,2025-05-13
CUST_002934,ingrid_jacobsen@online.no,2455,2023-11-10,basic,paused,2025-04-09
CUST_002935,ryan.karlsen@outlook.com,99961177,2024-03-08,basic,active,2025-05-12
CUST_002936,hildeanderson@gmail.com,+47 962 69 233,2024-02-10,basic,paused,2025-03-17
CUST_002937,liam_olsen@get.no,+337312524587,2023-07-30,basic,active,2025-06-20
CUST_002938,amelia.andersen@online.no,+47 435 83 624,2023-07-03,premium,active,2025-06-26
CUST_002939,loganhenriksen@live.no,004748787171,2024-08-30,premium,churned,2025-04-03
CUST_002940,bjorn.williams@telia.no,94825627,2024-09-11,standard,active,2025-05-05
CUST_002941,sebastian_kristiansenlive.no,+485153672097,2023-05-31,premium,active,2025-06-18
CUST_002942,gabriel.sorensen@telenor.no,+346493311,2024-12-23,standard,paused,2025-04-11
CUST_002943,ragna.jones@protonmail.com,92180603,2023-09-22,standard,active,2025-06-03
CUST_002944,torhalvorsen@get.no,49165613,2023-11-07,basic,active,2025-05-09
CUST_002945,theodoreiversen@outlook.com,95443007/95777414,2023-04-13,premium,active,2025-06-23
CUST_002946,layla_nilsen@live.no,57866,2023-05-15,standard,active,2025-05-27
CUST_002947,olivia49overland@get.no,469-50-852,2024-05-08,basic,active,2024-09-29
CUST_002948,aubrey18lee@hotmail.com,4396,2024-03-12,standard,active,2025-02-17
CUST_002949,berit.sorensen@gmail.com,40871638,2023-04-29,basic,churned,2025-04-06
CUST_002950,ingrid19wilson@telia.no,48993819,2024-03-03,premium,active,2025-06-25
CUST_002951,addison.hansen@outlook.com,+47 976 01 808,2024-05-06,standard,paused,2025-03-16
CUST_002952,lillian17lee@yahoo.com,99152893,2024-10-13,basic,active,2024-11-12
CUST_002953,isabella.johnson@online.no,+4749749313,2024-07-04,premium,paused,2025-04-30
CUST_002954,freyagundersen@me.com,47 65 11 82,2024-07-07,premium,active,2025-04-18
CUST_002955,gabriel15berg@telenor.no,91548362,2024-03-02,premium,active,2025-04-17
CUST_002956,aiden_henriksen@gmail.com,004790749687,2024-07-04,basic,churned,2024-08-26
CUST_002957,svenjorgensen@icloud.com,41873982/42558877,2024-07-31,basic,paused,2025-05-18
CUST_002958,lucasberg@me.com,44650865,2023-11-09,premium,churned,2024-12-11
CUST_002959,mateojohnson@me.com,+47 913 41 253,2023-12-19,standard,paused,2025-03-05
CUST_002960,jonas.hagen@icloud.com,972-99-766,2024-06-12,premium,active,2025-06-25
CUST_002961,adrian_wilson@gmail.com,+4797774410,2023-05-30,premium,churned,2025-04-18
CUST_002962,aurora.kristiansen@get.no,40034093/98271732,2023-07-21,basic,active,2025-06-21
CUST_002963,liamgundersen@@live.no,4691847887,2023-10-21,premium,churned,2024-07-14
CUST_002964,hannah65lund@mail.com,97971149/,2024-12-24,premium,active,2025-01-20
CUST_002965,helene_larsen@fastmail.com,86686,2024-02-27,premium,churned,2024-10-30
CUST_002966,evelyn_johansen@gmail.com,903-05-241,2024-12-13,premium,active,2025-06-20
CUST_002967,hazel_moen@protonmail.com,+4792949576,2025-02-02,premium,churned,2025-03-03
CUST_002968,mason_johansen@broadpark.no,61297,2024-05-17,standard,active,2025-06-21
CUST_002969,sebastianhenriksen@icloud.com,443-15-383,2023-11-17,basic,churned,2024-09-29
CUST_002970,owen.andersen@yahoo.com,99040024/47036423,2023-08-08,premium,active,2025-06-13
CUST_002971,layla_dahl@mail.com,004744718976,2024-10-17,basic,paused,2025-05-01
CUST_002972,aurorarodriguez@mail.com,4649210172,2024-03-27,basic,churned,2025-02-20
CUST_002973,ragna12henriksen@fastmail.com,4049,2024-05-30,basic,churned,2024-10-21
CUST_002974,logan_martinez@live.no,+47 445 70 658,2023-04-09,standard,paused,2025-04-28
CUST_002975,joshua_johnsen@mail.com,+47 977 17 121,2024-02-04,standard,active,2025-06-24
CUST_002976,stella.martin@get.no,+46452784300,2024-09-06,standard,churned,2025-03-13
CUST_002977,thomasjacobsen@live.no,4648684987,2023-11-06,premium,paused,2025-06-07
CUST_002978,sven_pettersen@gmail.com,98687037,2024-06-12,premium,churned,2024-11-07
CUST_002979,dylan89smith@get.no,40 92 46 43,2025-04-03,standard,active,2025-06-09
CUST_002980,michaelpettersen@protonmail.com,91226643,2023-11-10,standard,paused,2025-03-26
CUST_002981,emmamiller@icloud.com,4693149266,2024-10-06,premium,active,2024-10-26
CUST_002982,emma.eriksen@broadpark.no,+47 400 24 588,2023-11-22,standard,active,2025-06-21
CUST_002983,violet31anderson@telenor.no,99339338/,2024-09-22,basic,churned,2024-10-16
CUST_002984,theodore93berg@broadpark.no,45817386/46522350,2024-03-30,premium,churned,2024-12-03
CUST_002985,maverickjones@online.no,49980684,2023-03-07,premium,active,2025-06-21
CUST_002986,sebastian_berg@fastmail.com,90867226/,2023-12-03,standard,active,2025-07-01
CUST_002987,christopher59jakobsen@online.no,5974,2023-04-01,standard,churned,2024-12-07
CUST_002988,jack28olsen@protonmail.com,004746242610,2023-10-27,basic,active,2025-02-20
CUST_002989,,99198661,2024-09-11,standard,active,2025-06-25
CUST_002990,zoeyhalvorsen@online.no,+47 939 85 726,2023-12-05,standard,active,2025-07-01
CUST_002991,jaxonjensen@broadpark.no,+4798009998,2024-05-07,premium,paused,2025-04-20
CUST_002992,ariamoore@icloud.com,4645149048,2023-09-17,premium,active,2025-01-30
CUST_002993,magnus_johnson@protonmail.com,004793649961,2023-10-22,standard,churned,2024-08-18
CUST_002994,violet_karlsen@yahoo.com,4694615330,2025-04-23,standard,active,2025-05-19
CUST_002995,ellie61lee@gmail.com,53869,2023-11-22,basic,active,2025-06-29
CUST_002996,gunnar.olsen@online.no,46991558,2023-05-02,standard,churned,2025-04-18
CUST_002997,solveigjohnsen@mail.com,004795652322,2024-12-14,premium,churned,2024-12-29
CUST_002998,beritpedersen@hotmail.com,+335695907,2025-04-15,premium,churned,2025-05-11
CUST_002999,isaac2jackson@outlook.com,+4791128740,2023-10-31,standard,churned,2025-05-04
CUST_003000,penelope_johansen@telia.no,41452878/92893028,2024-07-26,standard,active,2025-06-23
CUST_003001,andrew.larsen@protonmail.com,41912604/98965498,2025-01-14,basic,active,2025-06-22
CUST_003002,zoeyjones@mail.com,004791927054,2024-03-18,basic,churned,2024-10-12
CUST_003003,anthony.sorensen@yahoo.com,5012,2023-06-25,premium,paused,2025-03-24
CUST_003004,greta.haugen@fastmail.com,956-60-505,2024-01-06,standard,active,2025-02-02
CUST_003005,violet_gundersen@protonmail.com,37299,2025-02-18,basic,active,2025-06-12
CUST_003006,liv73white@me.com,14243,2024-10-12,basic,active,2025-06-29
CUST_003007,joshua_anderson@live.no,+4797381330,2024-01-10,standard,active,2025-06-27
CUST_003008,isaac.johnsen@hotmail.com,+4796332874,2023-12-25,standard,active,2025-03-12
CUST_003009,claire.jakobsen@live.no,4698000589,2023-12-07,premium,paused,2025-06-04
CUST_003010,mateokristiansen@protonmail.com,45438578,2024-12-04,premium,active,2024-12-30
CUST_003011,arne.andreassen@telenor.no,61995,2024-08-16,standard,active,2025-07-01
CUST_003012,zoe19halvorsen@live.no,988-54-553,2023-08-28,premium,paused,2025-05-11
CUST_003013,riley64johnson@fastmail.com,999-59-902,2023-12-03,basic,active,2025-06-03
CUST_003014,einar_nilsen@mail.com,96484918,2023-12-14,basic,active,2024-11-22
CUST_003015,claire_brown@hotmail.com,4698053315,2024-12-29,basic,active,2025-05-26
CUST_003016,joshua14kristiansen@mail.com,47847344,2024-04-21,standard,active,2024-11-20
CUST_003017,harald.pettersen@hotmail.com,+47 919 68 225,2024-03-10,standard,paused,2025-04-26
CUST_003018,lily_thomas@hotmail.com,+347397296,2024-12-06,standard,active,2024-12-27
CUST_003019,savannah8davis@telenor.no,44425118,2025-02-25,standard,active,2025-03-23
CUST_003020,mason_davis@fastmail.com,004745286348,2024-08-17,basic,active,2025-06-21
CUST_003021,christopher84larsen@fastmail.com,004744453375,2023-06-21,basic,active,2025-03-15
CUST_003022,helene.nilsen@icloud.com,915-73-376,2023-04-17,standard,active,2025-06-20
CUST_003023,lars.pedersen@hotmail.com,+371714514951,2024-07-30,premium,churned,2025-04-24
CUST_003024,penelope28jones@online.no,47296618/48438816,2023-07-08,basic,churned,2025-05-03
CUST_003025,arne.johnsen@hotmail.com,47046445/,2025-05-21,basic,churned,2025-05-28
CUST_003026,samuel.lund@get.no,+88076327223,2023-08-23,basic,active,2025-04-25
CUST_003027,samuel84berg@yahoo.com,99047353,2024-07-03,basic,active,2024-07-18
CUST_003028,ellie.johannessen@telenor.no,5996,2024-07-21,standard,active,2024-12-18
CUST_003029,arne72johansen@telenor.no,94051431,2023-03-17,standard,active,2025-06-19
CUST_003030,mia_rodriguez@telenor.no,964-02-542,2024-05-08,basic,active,2025-05-14
CUST_003031,anne_anderson@telenor.no,48435799,2024-09-28,premium,churned,2025-04-19
CUST_003032,hannah_halvorsen@fastmail.com,91747529,2024-08-05,standard,active,2025-03-13
CUST_003033,elliejorgensen@@outlook.com,+4746766570,2024-09-12,premium,active,2025-06-29
CUST_003034,harper_wilson@outlook.com,+37054574988,2023-10-25,basic,churned,2024-07-10
CUST_003035,sebastiangarcia@get.no,94309353,2023-02-21,standard,active,2025-06-26
CUST_003036,miajohnson@hotmail.com,71575,2024-05-15,basic,active,2025-06-21
CUST_003037,mason.olsen@me.com,41239551,2024-10-05,standard,churned,2025-01-23
CUST_003038,penelopekarlsen@broadpark.no,92263262,2024-11-27,basic,active,2025-05-18
CUST_003039,alexanderhenriksen@telia.no,49 67 87 78,2024-03-25,basic,paused,2025-03-17
CUST_003040,isabellataylor@outlook.com,6355,2023-08-13,standard,churned,2024-12-17
CUST_003041,penelope_jackson@live.no,45719732,2024-09-19,standard,active,2025-03-26
CUST_003042,luke59henriksen@yahoo.com,460-23-564,2025-03-25,premium,churned,2025-04-13
CUST_003043,helene69thompson@telenor.no,49507867/99999381,2022-08-06,premium,active,2025-02-20
CUST_003044,tor.overland@icloud.com,41900241,2024-06-14,basic,churned,2024-10-17
CUST_003045,brooklyn28thompson@live.no,+4793327028,2023-08-30,premium,churned,2024-08-23
CUST_003046,audreygundersen@me.com,93116210/95149473,2023-08-19,standard,paused,2025-05-16
CUST_003047,tor.jacobsen@get.no,95771030,2022-08-09,premium,active,2024-10-10
CUST_003048,kristianmoen@gmail.com,99793584/44231494,2023-09-05,basic,paused,2025-06-19
CUST_003049,daniel71lund@get.no,92098180,2023-11-18,basic,churned,2025-02-02
CUST_003050,lillian.kristiansen@me.com,004745085013,2023-11-24,standard,churned,2025-06-11
CUST_003051,astrid29moore@live.no,004742264725,2023-11-10,premium,active,2025-05-30
CUST_003052,luke93berg@telenor.no,92408174,2023-10-28,basic,active,2025-02-05
CUST_003053,zoey90miller@get.no,92768209/48812246,2024-05-30,basic,active,2025-06-22
CUST_003054,savannah2hansen@yahoo.com,49635159/,2025-01-03,standard,active,2025-06-02
CUST_003055,ethaniversen@gmail.com,+4747970860,2024-07-14,premium,active,2024-09-02
CUST_003056,aubreygarcia@online.no,+4791720153,2024-08-24,basic,active,2025-06-06
CUST_003057,lukesorensen@telenor.no,+47 913 31 151,2024-01-22,standard,active,2025-02-22
CUST_003058,anne_moore@icloud.com,931-54-309,2023-05-08,premium,active,2025-05-07
CUST_003059,erik.dahl@get.no,+4745653667,2024-12-22,standard,active,2025-01-04
CUST_003060,addisonpedersen@get.no,48232534,2024-03-17,standard,paused,2025-06-08
CUST_003061,arne_rodriguez@online.no,4699657758,2024-08-24,premium,active,2025-04-10
CUST_003062,ethan.thomas@telenor.no,+49402447830,2023-05-04,standard,active,2025-06-30
CUST_003063,anthony.eriksen@yahoo.com,+4799141052,2024-06-04,premium,churned,2025-05-10
CUST_003064,hannah.johnsen@online.no,94543676,2024-03-19,premium,churned,2024-08-24
CUST_003065,maverick50thomas@icloud.com,+3332798821,2023-07-06,basic,active,2024-07-16
CUST_003066,maverick73kristiansen@telenor.no,99491851,2024-07-14,standard,active,2024-12-02
CUST_003067,thomaslee@gmail.com,92606822/,2022-12-03,standard,churned,2025-05-11
CUST_003068,mason.dahl@me.com,96159293/,2024-10-20,standard,active,2025-06-23
CUST_003069,audrey6henriksen@me.com,43034711/,2024-10-01,basic,churned,2025-04-09
CUST_003070,jacobhaugen@mail.com,+4603358233,2024-02-04,premium,paused,2025-05-17
CUST_003071,mia_nilsen@get.no,+3706782360842,2024-11-12,premium,active,2024-11-22
CUST_003072,hannah34johannessen@telia.no,94 30 62 06,2024-03-07,basic,paused,2025-04-06
CUST_003073,einar.wilson@icloud.com,92029811/,2024-09-14,premium,active,2025-04-02
CUST_003074,maritberg@telenor.no,41796330,2023-12-31,basic,active,2025-02-18
CUST_003075,lukelarsen@mail.com,+4747192980,2024-11-02,standard,active,2025-01-25
CUST_003076,amelia87moen@outlook.com,46240885/,2022-11-01,basic,churned,2024-12-04
CUST_003077,harper_hagen@broadpark.no,+47 457 41 037,2024-05-18,basic,active,2024-10-09
CUST_003078,astridandreassen@outlook.com,98385163,2024-07-10,standard,active,2025-06-25
CUST_003079,eleanor92white@icloud.com,971-32-901,2023-08-29,basic,churned,2024-10-11
CUST_003080,brooklynwhite@mail.com,+49602353596,2024-03-19,standard,churned,2025-05-28
CUST_003081,sophia_jones@outlook.com,93 16 76 60,2024-11-02,basic,active,2025-05-19
CUST_003082,lincolnwilson@broadpark.no,+47 918 19 383,2024-07-15,premium,active,2025-06-26
CUST_003083,loganhansen@telia.no,+47 408 02 821,2024-09-09,premium,active,2025-01-15
CUST_003084,theodore.pettersen@icloud.com,4693044469,2024-04-16,premium,churned,2025-05-21
CUST_003085,sigrid.moen@hotmail.com,4500,2024-08-12,premium,active,2025-06-21
CUST_003086,logan_eriksen@telia.no,96617061,2024-05-31,premium,active,2025-01-13
CUST_003087,zoe_dahl@me.com,8186,2024-02-05,premium,active,2025-05-31
CUST_003088,norajohannessen@gmail.com,+47 447 72 139,2024-05-18,basic,churned,2025-01-14
CUST_003089,noah10jackson@telenor.no,99417231,2023-04-19,basic,active,2024-12-19
CUST_003090,sven68sorensen@live.no,+4792185893,2023-06-22,standard,active,2025-06-19
CUST_003091,caleb47smith@gmail.com,46565641,2023-11-19,standard,active,2024-09-17
CUST_003092,violet.nilsen@protonmail.com,42070180,2023-11-10,premium,churned,2024-12-25
CUST_003093,gunnar55halvorsen@telenor.no,+15033598,2023-12-16,standard,active,2024-12-17
CUST_003094,audrey_gundersen@telia.no,85321,2023-11-11,basic,active,2025-06-03
CUST_003095,ingrid.jones@telenor.no,44003765/,2024-02-19,premium,churned,2025-03-25
CUST_003096,alexander44dahl@gmail.com,42 57 87 09,2025-02-11,standard,churned,2025-04-05
CUST_003097,jaxon.lee@telenor.no,004793691991,2024-03-14,basic,paused,2025-04-26
CUST_003098,thomas_andreassen@broadpark.no,469-61-636,2023-01-12,premium,churned,2024-08-12
CUST_003099,ragna24overland@protonmail.com,4692691548,2023-12-26,standard,churned,2025-02-16
CUST_003100,bjorn_wilson@icloud.com,004792770508,2023-08-01,standard,active,2025-04-27
CUST_003101,dylangundersen@,97895013,2023-04-29,basic,churned,2025-05-03
CUST_003102,lucas.iversen@fastmail.com,004740134984,2024-09-11,premium,active,2025-06-27
CUST_003103,oliviajacobsen@live.no,+47 935 72 362,2024-04-05,basic,active,2025-06-23
CUST_003104,solveigmiller@gmail.com,94 68 43 21,2022-11-17,basic,churned,2025-04-16
CUST_003105,gabriel14garcia@live.no,+47 407 90 991,2023-11-08,premium,churned,2024-07-20
CUST_003106,ryan.jakobsen@online.no,+47 499 51 103,2023-10-22,standard,active,2025-05-28
CUST_003107,maverick.moore@live.no,42805795,2024-06-08,basic,active,2025-03-25
CUST_003108,ryan55andersen@protonmail.com,+4602175892,2023-07-14,standard,active,2025-06-26
CUST_003109,penelope_overland@@gmail.com,4690720324,2024-03-12,premium,active,2025-06-03
CUST_003110,maritoverland@fastmail.com,979-46-685,2024-09-16,basic,active,2025-06-19
CUST_003111,nathan20williams@icloud.com,+370785645192,2024-08-01,standard,churned,2025-05-13
CUST_003112,bellataylor@yahoo.com,95228735,2024-12-03,standard,active,2024-12-22
CUST_003113,,97747639/91031887,2023-06-11,basic,churned,2024-08-31
CUST_003114,lucas70moen@@telia.no,+342216346518,2023-10-17,standard,paused,2025-06-17
CUST_003115,aubrey.haugen@outlook.com,004743829879,2025-02-10,premium,paused,2025-05-07
CUST_003116,solveig.williams@live.no,+37196701552,2024-10-01,basic,active,2025-06-01
CUST_003117,gabrielhalvorsen@protonmail.com,4698735168,2024-08-25,basic,active,2025-05-19
CUST_003118,arne.kristiansen@outlook.com,40214980/48475557,2023-11-16,basic,active,2025-06-08
CUST_003119,einar.pettersen@hotmail.com,+4741836694,2024-01-01,basic,active,2025-06-23
CUST_003120,lily67sorensen@telenor.no,+4749758456,2024-11-03,basic,churned,2025-06-25
CUST_003121,kari39karlsen@icloud.com,95989090/,2024-06-04,basic,churned,2025-04-25
CUST_003122,sebastian_larsen@mail.com,965-88-998,2024-03-25,basic,active,2025-03-14
CUST_003123,owenpedersen@yahoo.com,9811,2024-11-01,basic,active,2025-06-26
CUST_003124,eriknilsen@yahoo.com,46840541,2023-10-22,premium,active,2025-06-03
CUST_003125,savannah99hansen@gmail.com,+47 951 90 032,2024-10-20,premium,active,2025-06-24
CUST_003126,zoeyjacobsen@me.com,+4746748464,2022-08-25,basic,active,2025-06-18
CUST_003127,laylajensen@hotmail.com,82196,2023-05-01,basic,paused,2025-05-19
CUST_003128,magnus_martinez@live.no,93121255,2023-02-03,standard,churned,2025-01-06
CUST_003129,liv.berg@gmail.com,004742570670,2024-04-20,premium,paused,2025-04-06
CUST_003130,per_martin@telia.no,004795475971,2024-12-07,basic,active,2024-12-29
CUST_003131,layla_kristiansen@telia.no,004746459639,2023-01-27,standard,churned,2025-04-27
CUST_003132,jack.jackson@outlook.com,+4798587263,2023-11-19,premium,churned,2025-06-08
CUST_003133,savannah_wilson@outlook.com,921-02-387,2023-07-23,standard,churned,2025-05-31
CUST_003134,joshuamoen@fastmail.com,90695990/,2023-10-11,premium,churned,2025-05-11
CUST_003135,solveig_wilson@mail.com,4645623950,2024-10-10,basic,active,2025-01-01
CUST_003136,tor_olsen@gmail.com,40532208,2024-01-28,standard,paused,2025-05-17
CUST_003137,gabriel.white@gmail.com,004796171014,2024-04-12,standard,active,2025-01-19
CUST_003138,jaxon.lund@fastmail.com,6888,2024-06-13,premium,active,2025-06-29
CUST_003139,jaxon.eriksen@outlook.com,+4790245063,2024-11-15,standard,active,2025-04-13
CUST_003140,ryanpedersen@telia.no,46914,2024-10-14,standard,active,2025-07-01
CUST_003141,emma.hansen@mail.com,+4794378471,2025-04-05,standard,active,2025-06-05
CUST_003142,henry_karlsen@protonmail.com,+4796223345,2025-02-14,standard,active,2025-06-24
CUST_003143,adrian60jakobsen@protonmail.com,400-00-591,2023-06-11,basic,churned,2025-01-09
CUST_003144,marit_martin@icloud.com,43489140/,2024-11-14,premium,churned,2024-12-08
CUST_003145,loganjorgensen@get.no,+443183823,2024-03-30,premium,paused,2025-04-24
CUST_003146,ryanandreassen@icloud.com,43813854,2023-06-11,standard,active,2025-05-09
CUST_003147,rileyjohnsen@live.no,90 17 73 37,2023-12-04,basic,active,2024-10-02
CUST_003148,penelopejakobsen@gmail.com,6277,2024-07-11,premium,paused,2025-04-16
CUST_003149,magnus.jackson@telenor.no,441-86-960,2024-01-11,standard,active,2024-12-08
CUST_003150,isabella_lee@mail.com,41075864/45830975,2024-09-04,basic,paused,2025-05-14
CUST_003151,sebastian_kristiansen@icloud.com,99186175/98634549,2022-12-30,basic,paused,2025-04-05
CUST_003152,daniel_pettersen@gmail.com,98 30 03 58,2025-01-25,premium,paused,2025-04-22
CUST_003153,violet_halvorsen@live.no,004799108853,2024-07-24,standard,churned,2025-06-21
CUST_003154,magnus24thompson@fastmail.com,4647783407,2024-01-30,premium,churned,2025-01-22
CUST_003155,audrey12pedersen@broadpark.no,+342073617,2024-07-13,standard,paused,2025-05-29
CUST_003156,alexander.smith@telia.no,98000001/43021489,2025-04-02,basic,active,2025-06-20
CUST_003157,owen_white@telia.no,98192772,2024-08-07,basic,churned,2024-08-30
CUST_003158,eleanorjorgensen@live.no,458-33-659,2023-09-13,basic,churned,2025-02-08
CUST_003159,nathan.williams@online.no,49083382/,2023-06-22,standard,active,2024-12-02
CUST_003160,sigrid82smith@broadpark.no,42666991/99927708,2023-07-25,standard,paused,2025-03-23
CUST_003161,stella38lund@online.no,97 59 77 67,2024-09-10,premium,churned,2025-03-13
CUST_003162,jaxon94jorgensen@gmail.com,43373393/97412678,2024-03-25,standard,active,2025-06-24
CUST_003163,owenanderson@mail.com,004790521732,2025-01-15,basic,active,2025-02-26
CUST_003164,hazel_taylor@broadpark.no,0888,2024-09-09,premium,active,2024-10-09
CUST_003165,ingrid.martin@outlook.com,431-54-344,2023-12-31,standard,churned,2025-05-04
CUST_003166,emma37wilson@broadpark.no,+47 417 24 985,2023-07-07,standard,active,2025-04-07
CUST_003167,leah.halvorsen@mail.com,91626724/,2025-04-22,premium,active,2025-05-13
CUST_003168,bjorn_johnson@gmail.com,45667019,2025-01-04,standard,active,2025-01-11
CUST_003169,lily_henriksen@get.no,4647189802,2024-10-09,basic,active,2024-12-25
CUST_003170,lillian40olsen@hotmail.com,47341741,2024-07-31,standard,active,2025-03-22
CUST_003171,isabellapettersen@hotmail.com,46 49 15 66,2024-09-24,premium,active,2024-11-12
CUST_003172,aidenwilliams@live.no,95007443/92501916,2024-06-12,standard,active,2024-12-28
CUST_003173,natalie79anderson@live.no,24486,2024-08-02,standard,active,2025-04-05
CUST_003174,aubreyjohansen@telenor.no,+4791840639,2024-10-24,premium,active,2024-11-03
CUST_003175,layla.karlsen@fastmail.com,44991264,2022-11-09,basic,churned,2025-05-02
CUST_003176,arne.johansen@get.no,40509163/,2024-08-24,premium,paused,2025-06-12
CUST_003177,solveig_hagen@mail.com,42 86 57 11,2022-10-30,premium,active,2025-02-18
CUST_003178,harald_nilsen@yahoo.com,46238183,2023-03-26,premium,churned,2025-05-16
CUST_003179,amelia.moen@online.no,+47 961 96 079,2023-07-27,basic,churned,2025-06-12
CUST_003180,zoey.haugen@get.no,+4745315356,2024-10-13,premium,churned,2025-01-22
CUST_003181,arne.dahl@protonmail.com,6828,2023-11-30,standard,active,2025-06-23
CUST_003182,erik37jensen@icloud.com,41636297/43864732,2022-12-02,basic,active,2025-06-09
CUST_003183,nora_johnsen@mail.com,+47 468 12 541,2024-07-22,basic,churned,2024-11-10
CUST_003184,mavericklund@telenor.no,004794176434,2024-08-06,basic,active,2024-08-22
CUST_003185,bjornmartin@gmail.com,93293244,2023-06-30,premium,churned,2024-11-11
CUST_003186,perhalvorsen@outlook.com,48 97 75 47,2024-11-07,standard,active,2025-02-06
CUST_003187,christopher55johansen@fastmail.com,90162204,2024-09-23,standard,active,2025-06-27
CUST_003188,helene_jacobsen@broadpark.no,004799261528,2023-05-19,premium,paused,2025-06-01
CUST_003189,emma_jorgensen@me.com,4648082078,2023-06-09,premium,churned,2024-12-30
CUST_003190,danielolsen@telenor.no,40942354,2024-03-30,basic,active,2025-06-20
CUST_003191,aria_johnson@mail.com,42510022/,2024-04-07,standard,active,2025-01-15
CUST_003192,jaxon_miller@me.com,93 26 03 22,2024-07-19,standard,active,2024-09-03
CUST_003193,marit30olsen@gmail.com,4608,2024-03-18,standard,churned,2025-04-19
CUST_003194,ariataylor@gmail.com,91228660,2025-03-26,standard,churned,2025-04-24
CUST_003195,nathan.miller@icloud.com,37259,2023-11-25,premium,paused,2025-06-29
CUST_003196,anne41nilsen@yahoo.com,98343297/97154295,2023-11-25,premium,paused,2025-03-09
CUST_003197,dylanjohnson@outlook.com,+47 900 71 910,2024-08-29,basic,active,2024-11-06
CUST_003198,aubrey15martinez@yahoo.com,44051558,2022-12-24,standard,churned,2024-08-30
CUST_003199,owenkristiansen@telia.no,+3411889594,2024-01-20,basic,churned,2025-05-13
CUST_003200,dylan.thomas@telenor.no,+47 436 66 481,2024-07-31,basic,active,2024-10-27
CUST_003201,olivia.thompson@get.no,41106382/,2024-10-03,basic,active,2025-05-24
CUST_003202,aubreywhite@icloud.com,49785517,2024-01-19,standard,active,2025-05-23
CUST_003203,ingrid_garcia@fastmail.com,004799489304,2024-01-06,basic,churned,2025-06-23
CUST_003204,avahansen@live.no,498-33-316,2024-04-12,premium,active,2024-09-26
CUST_003205,eleanor_johansen@me.com,4647505999,2025-03-15,standard,active,2025-06-23
CUST_003206,amelia.larsen@live.no,47965105,2024-01-14,basic,churned,2025-06-04
CUST_003207,gretajohnson@icloud.com,98 39 31 85,2023-05-24,premium,active,2024-07-03
CUST_003208,addison_johannessen@fastmail.com,004798126888,2023-10-08,basic,churned,2024-09-22
CUST_003209,ragna_wilson@telia.no,49703078,2024-11-21,premium,active,2025-06-02
CUST_003210,arne.pettersen@protonmail.com,42776151,2024-02-24,standard,churned,2024-10-25
CUST_003211,harper60johannessen@live.no,71254,2024-07-20,standard,churned,2025-05-06
CUST_003212,sigrid.thomas@me.com,91499014/,2025-03-13,premium,active,2025-03-25
CUST_003213,marit74dahl@icloud.com,92165389,2024-04-20,premium,paused,2025-06-04
CUST_003214,ingrid59taylor@gmail.com,975-24-420,2022-12-12,basic,active,2025-03-02
CUST_003215,olav2davis@online.no,41 24 50 77,2024-02-21,standard,active,2025-04-27
CUST_003216,freya.martinez@live.no,42716623,2023-06-06,premium,churned,2025-06-08
CUST_003217,thomas60hansen@outlook.com,95581326,2024-12-12,standard,churned,2025-01-23
CUST_003218,christopher_hansen@outlook.com,+4742002530,2024-08-02,premium,active,2024-10-15
CUST_003219,oliviawhite@online.no,+4741156483,2024-07-05,standard,active,2024-10-08
CUST_003220,penelopetaylor@outlook.com,43649215/49645871,2024-06-05,basic,churned,2025-03-09
CUST_003221,layla13jensen@yahoo.com,74125,2024-12-10,basic,churned,2024-12-24
CUST_003222,nathan.hansen@mail.com,+47 494 45 576,2023-10-04,standard,paused,2025-04-01
CUST_003223,stella26karlsen@protonmail.com,+47 417 12 034,2022-11-21,premium,churned,2025-01-30
CUST_003224,kariiversen@protonmail.com,3716,2022-09-24,basic,active,2025-05-06
CUST_003225,pereriksen@get.no,92111529,2024-10-18,premium,active,2025-06-14
CUST_003226,thomassmith@live.no,41173101,2025-02-20,basic,active,2025-03-13
CUST_003227,ava_larsen@mail.com,+440389537,2023-11-15,basic,active,2024-07-06
CUST_003228,lincoln_haugen@mail.com,4642532448,2024-02-25,basic,churned,2024-09-05
CUST_003229,astridmartin@get.no,+47 965 43 959,2023-01-09,standard,churned,2025-05-08
CUST_003230,zoeythompson@outlook.com,44 74 91 16,2025-03-02,standard,active,2025-03-30
CUST_003231,ethan_garcia@yahoo.com,+4794944748,2024-07-17,standard,paused,2025-05-12
CUST_003232,larslee@icloud.com,92157299,2024-12-17,basic,active,2025-06-24
CUST_003233,mia.haugen@hotmail.com,004748276461,2023-02-03,basic,active,2025-03-22
CUST_003234,samuel_halvorsen@get.no,43 72 06 77,2023-12-21,premium,active,2025-06-22
CUST_003235,freya_overland@broadpark.no,44686207/,2024-06-25,basic,churned,2025-04-16
CUST_003236,logan_thompson@telia.no,48918350/93984855,2025-04-21,basic,active,2025-06-26
CUST_003237,charlotte34taylor@outlook.com,98566217,2023-02-16,premium,paused,2025-05-12
CUST_003238,aria_taylor@online.no,004748144565,2024-12-27,basic,churned,2025-01-09
CUST_003239,erikolsen@outlook.com,438-45-545,2023-08-06,basic,active,2025-06-09
CUST_003240,masonmartinez@telia.no,43120593/48989309,2023-11-02,premium,active,2025-05-03
CUST_003241,elijah.johnsen@get.no,8282,2024-06-05,standard,active,2025-04-25
CUST_003242,tor1johansen@@telia.no,+4794962595,2024-01-24,premium,active,2025-06-12
CUST_003243,jack.halvorsen@protonmail.com,45343646,2024-05-07,basic,active,2025-06-25
CUST_003244,aurorawilson@protonmail.com,004743148221,2025-01-07,premium,active,2025-01-26
CUST_003245,svenjohnson@yahoo.com,93 21 68 55,2024-07-09,basic,active,2025-01-20
CUST_003246,isaac_hansen@protonmail.com,4690722884,2023-08-24,standard,active,2025-05-14
CUST_003247,jonas92garcia@get.no,410-65-285,2024-07-27,basic,paused,2025-06-06
CUST_003248,ava_jorgensen@yahoo.com,4691416370,2024-04-18,basic,churned,2025-01-21
CUST_003249,noaholsen@mail.com,49407993,2024-01-17,standard,churned,2024-07-14
CUST_003250,isabellalarsen@fastmail.com,45905424/,2024-02-17,standard,churned,2025-06-26
CUST_003251,caleb40nilsen@me.com,90887795,2023-06-17,basic,active,2024-07-30
CUST_003252,olav.johnsen@yahoo.com,+344763309,2023-11-10,standard,active,2024-07-22
CUST_003253,astridnilsen@icloud.com,+346537466,2023-09-10,standard,churned,2025-05-09
CUST_003254,layla13taylor@online.no,004746111685,2024-01-27,standard,active,2025-04-23
CUST_003255,adrian67kristiansen@live.no,004798256343,2024-10-09,basic,active,2025-06-18
CUST_003256,isabella_johansen@yahoo.com,4644914101,2024-12-21,basic,active,2025-06-21
CUST_003257,violet.dahl@online.no,99 61 94 23,2023-08-27,basic,active,2025-06-29
CUST_003258,nora_jorgensen@me.com,004790807092,2024-04-18,premium,active,2024-10-26
CUST_003259,pereriksen@live.no,94247026,2024-01-01,basic,churned,2025-04-08
CUST_003260,nathan_jakobsen@live.no,92972231,2023-10-18,standard,churned,2025-03-20
CUST_003261,theodore_moen@get.no,004795397508,2024-10-09,premium,active,2025-05-16
CUST_003262,greta.jorgensen@live.no,94027836,2023-11-10,premium,active,2025-02-12
CUST_003263,nathannilsen@telia.no,37926,2023-04-20,basic,paused,2025-05-07
CUST_003264,olivia_jones@me.com,+8807824655309,2024-10-29,basic,active,2025-06-29
CUST_003265,theodore.garcia@outlook.com,+4798322327,2024-11-01,basic,active,2025-05-31
CUST_003266,mason.white@fastmail.com,48814899/98223322,2024-03-23,premium,active,2024-09-23
CUST_003267,ethan73rodriguez@telenor.no,48186321,2024-08-24,basic,active,2025-01-31
CUST_003268,torpettersen@outlook.com,+880899744225,2024-01-09,standard,active,2025-06-28
CUST_003269,savannah.johannessen@broadpark.no,47432006/48307736,2023-09-25,standard,churned,2024-07-17
CUST_003270,andrew57davis@broadpark.no,97333538,2024-09-11,premium,churned,2024-12-29
CUST_003271,owenjones@get.no,7812,2023-09-28,basic,active,2024-11-24
CUST_003272,ryanjones@gmail.com,44275617,2023-10-21,standard,active,2025-06-30
CUST_003273,aurora.martin@get.no,95556774,2024-04-06,standard,active,2025-06-25
CUST_003274,violetjackson@icloud.com,4647167788,2025-02-03,basic,active,2025-02-28
CUST_003275,jacob.haugen@telia.no,43418715,2023-10-29,premium,active,2025-05-09
CUST_003276,kari.eriksen@gmail.com,+4794313731,2024-10-26,premium,churned,2025-04-04
CUST_003277,noah.white@icloud.com,7809,2024-01-25,standard,active,2024-11-10
CUST_003278,kristian5nilsen@telia.no,44678630,2023-09-05,standard,active,2024-08-07
CUST_003279,mia33miller@me.com,+47 476 98 644,2023-07-11,premium,active,2025-06-23
CUST_003280,aubreypedersen@gmail.com,004747255730,2023-10-04,standard,paused,2025-06-26
CUST_003281,lincolnjohnson@yahoo.com,40227275,2024-10-20,premium,active,2025-05-17
CUST_003282,per.thomas@yahoo.com,93416638,2024-10-20,standard,active,2025-01-21
CUST_003283,ingrid60iversen@yahoo.com,+47 498 46 053,2023-11-02,basic,active,2025-02-10
CUST_003284,hazel.jacobsen@fastmail.com,98348698/,2024-03-31,standard,paused,2025-05-25
CUST_003285,anne_jakobsen@me.com,47736053/,2023-09-17,premium,active,2025-06-30
CUST_003286,liam62johansen@gmail.com,41826374/49870322,2024-07-09,premium,churned,2025-06-06
CUST_003287,aiden_martinez@@telia.no,004795454472,2024-04-28,standard,paused,2025-04-16
CUST_003288,chloe57jacobsen@icloud.com,94066867,2024-02-09,standard,paused,2025-05-29
CUST_003289,harper99hansen@telia.no,47698237,2024-06-07,standard,active,2025-01-30
CUST_003290,magnus4berg@fastmail.com,99091281/41263581,2024-06-12,standard,active,2025-06-29
CUST_003291,gabrieljohnsen@yahoo.com,43728,2024-10-01,standard,active,2025-06-20
CUST_003292,charlotte_johnsen@protonmail.com,44320918,2024-10-21,premium,churned,2025-05-25
CUST_003293,maverick85martinez@live.no,983-03-172,2024-01-20,basic,active,2025-05-18
CUST_003294,aubrey63pedersen@hotmail.com,+3718451920,2024-03-19,basic,churned,2024-10-05
CUST_003295,owenwilliams@protonmail.com,96845934,2025-01-31,basic,active,2025-02-12
CUST_003296,claire78iversen@get.no,45750225,2024-01-06,premium,active,2025-06-06
CUST_003297,aurorajohnsen@protonmail.com,+37054677239,2024-06-07,premium,churned,2025-03-28
CUST_003298,hazel11jorgensen@fastmail.com,+4746626794,2025-04-15,premium,churned,2025-05-06
CUST_003299,layla_overland@get.no,47648036/,2025-01-13,premium,paused,2025-03-25
CUST_003300,andrew_dahl@icloud.com,49565058/,2024-07-30,basic,active,2025-02-18
CUST_003301,chloejensen@broadpark.no,4690229351,2024-12-29,standard,paused,2025-05-24
CUST_003302,theodore25wilson@live.no,48058460/,2024-04-09,premium,active,2025-05-27
CUST_003303,bjornmoore@outlook.com,41726108/,2023-11-25,basic,active,2024-11-12
CUST_003304,marit33andersen@me.com,+3715585379978,2023-02-19,basic,active,2024-08-24
CUST_003305,jonasolsen@telenor.no,49888744,2023-10-30,basic,active,2025-06-24
CUST_003306,jonasiversen@broadpark.no,004797477060,2024-03-11,premium,active,2025-02-21
CUST_003307,gretawilliams@telia.no,96432754/41565277,2025-02-04,basic,churned,2025-05-13
CUST_003308,aria.sorensen@live.no,45279200/94631646,2025-02-22,premium,active,2025-03-07
CUST_003309,ariahagen@online.no,4648833314,2024-01-31,premium,active,2025-01-14
CUST_003310,eleanor_williams@protonmail.com,40666534/99710900,2024-10-25,standard,active,2025-07-01
CUST_003311,olivia22berg@fastmail.com,917-80-886,2023-08-10,basic,paused,2025-04-13
CUST_003312,ragna9davis@fastmail.com,97650294,2023-02-18,basic,active,2025-06-19
CUST_003313,isabella.karlsen@yahoo.com,45 37 59 27,2025-01-08,premium,active,2025-01-18
CUST_003314,stella_johnsen@icloud.com,+4741070177,2023-09-18,basic,active,2024-12-28
CUST_003315,mateo72haugen@icloud.com,004747507831,2023-02-27,basic,active,2025-06-18
CUST_003316,lillian35taylor@hotmail.com,417-41-037,2024-06-22,basic,active,2024-10-23
CUST_003317,einar53martin@get.no,43973278/90284963,2023-04-29,standard,active,2025-06-30
CUST_003318,evelyn.andersen@telia.no,004792535953,2023-01-31,basic,paused,2025-04-19
CUST_003319,gabriel73halvorsen@icloud.com,99445991,2024-08-11,basic,paused,2025-03-04
CUST_003320,mason_hansen@yahoo.com,90713604/41210046,2024-02-27,premium,churned,2025-06-21
CUST_003321,elijah37larsen@broadpark.no,92 55 68 62,2024-10-02,premium,active,2025-01-19
CUST_003322,lily13jacobsen@me.com,45673929,2024-09-08,premium,active,2025-06-24
CUST_003323,liam87sorensen@icloud.com,45838951,2024-04-17,standard,churned,2025-05-24
CUST_003324,jaxonsmith@gmail.com,40762732/95382743,2024-02-16,basic,paused,2025-03-19
CUST_003325,natalie_thompson@me.com,46 34 83 73,2023-04-09,premium,paused,2025-06-14
CUST_003326,aiden34hansen@outlook.com,004797503809,2022-11-13,premium,active,2025-06-23
CUST_003327,lillian_moore@yahoo.com,91010443/,2024-09-07,standard,paused,2025-06-26
CUST_003328,ingrid_jones@gmail.com,004749600876,2024-03-22,premium,churned,2025-05-21
CUST_003329,brooklyn_thomas@icloud.com,47 76 85 75,2024-06-12,standard,paused,2025-03-10
CUST_003330,nathan_dahl@yahoo.com,+47 950 19 325,2024-11-12,standard,active,2025-02-13
CUST_003331,ryan_jensen@mail.com,96095238,2023-08-14,basic,churned,2025-02-23
CUST_003332,liv.jacobsen@yahoo.com,4645777931,2024-10-06,basic,active,2025-05-15
CUST_003333,gabriel_jackson@hotmail.com,4776,2024-09-07,premium,paused,2025-05-07
CUST_003334,lillian_jones@protonmail.com,+47 954 69 915,2023-11-23,standard,churned,2025-03-19
CUST_003335,jonashagen@get.no,44429836/96190750,2024-07-09,basic,active,2025-01-24
CUST_003336,andrew.halvorsen@me.com,+47 998 18 869,2023-05-17,basic,active,2025-02-20
CUST_003337,lincoln9rodriguez@gmail.com,92970126,2024-03-20,premium,active,2025-01-25
CUST_003338,anthony_johnsen@telia.no,90511697,2024-05-14,basic,active,2025-04-01
CUST_003339,addison_thompson@yahoo.com,4649471902,2023-11-30,basic,churned,2025-03-17
CUST_003340,sven_smith@me.com,95 92 12 30,2023-07-30,basic,active,2025-06-26
CUST_003341,zoe.jackson@icloud.com,+47 410 46 311,2024-03-09,standard,paused,2025-03-10
CUST_003342,per.overland@mail.com,98350544/,2024-06-15,basic,active,2025-06-28
CUST_003343,charlotte38karlsen@protonmail.com,93413505,2024-07-31,basic,active,2024-10-29
CUST_003344,anne84smith@outlook.com,4649436813,2024-12-22,standard,active,2025-02-21
CUST_003345,erik_hansen@me.com,02227,2023-10-18,standard,paused,2025-07-01
CUST_003346,harper7nilsen@broadpark.no,44519,2025-02-23,standard,churned,2025-06-13
CUST_003347,mia_martin@mail.com,93443710,2023-11-17,standard,active,2025-05-27
CUST_003348,hazel_martin@protonmail.com,4868,2024-01-05,standard,churned,2024-12-24
CUST_003349,daniel_johnsen@fastmail.com,42 27 74 69,2025-05-03,basic,churned,2025-06-17
CUST_003350,rileysmith@fastmail.com,97522212/40402342,2022-12-16,basic,active,2025-05-05
CUST_003351,mateosmith@telia.no,45 00 21 56,2024-08-24,basic,active,2024-09-18
CUST_003352,sigrid_andreassen@telia.no,986-94-919,2024-02-03,standard,paused,2025-03-11
CUST_003353,dylanmoore@outlook.com,004795329677,2024-09-27,standard,churned,2025-06-12
CUST_003354,mateo65berg@outlook.com,96633428,2023-07-26,premium,active,2025-06-26
CUST_003355,samuel_martin@outlook.com,004797054911,2023-03-06,premium,active,2025-06-18
CUST_003356,leah35halvorsen@telia.no,912-67-490,2024-04-20,basic,active,2025-06-28
CUST_003357,theodore47hagen@icloud.com,43495651,2024-06-29,standard,active,2025-05-03
CUST_003358,jack39larsen@telenor.no,459-67-656,2024-12-27,basic,churned,2025-01-10
CUST_003359,hannah40johannessen@outlook.com,+47 993 89 252,2023-06-16,basic,active,2025-05-18
CUST_003360,jack_thompson@protonmail.com,48311686/,2024-04-26,basic,active,2024-08-21
CUST_003361,joshua_brown@fastmail.com,47181169,2024-08-15,basic,churned,2025-01-19
CUST_003362,natalie.thompson@telenor.no,90153987/90541919,2023-07-31,premium,churned,2024-07-03
CUST_003363,jonas.jorgensen@telia.no,+47 926 14 227,2024-07-13,basic,active,2025-06-29
CUST_003364,daniel_brown@telia.no,+3418910049,2023-02-26,basic,active,2025-06-18
CUST_003365,gunnarkristiansen@fastmail.com,004792631508,2025-01-10,standard,active,2025-01-18
CUST_003366,lilytaylor@me.com,+3482359848,2024-03-23,standard,active,2025-06-23
CUST_003367,arnemoen@icloud.com,41234960,2024-06-21,premium,active,2024-12-23
CUST_003368,ragna_jakobsen@yahoo.com,+4792643611,2024-08-20,standard,churned,2024-10-20
CUST_003369,aurora_nilsen@fastmail.com,97548700/,2024-02-09,basic,active,2025-06-27
CUST_003370,stella_miller@telenor.no,77895,2024-08-30,basic,active,2024-10-08
CUST_003371,jack_martinez@hotmail.com,+88086157423,2023-05-27,standard,active,2024-08-21
CUST_003372,liam.taylor@hotmail.com,+47 486 58 807,2024-07-27,standard,active,2025-06-15
CUST_003373,noramoen@protonmail.com,966-36-363,2022-11-20,standard,paused,2025-03-27
CUST_003374,amelia_berg@fastmail.com,7998,2023-07-22,basic,active,2024-08-11
CUST_003375,arne.lee@hotmail.com,75901,2024-10-05,basic,churned,2025-01-26
CUST_003376,lars.karlsen@fastmail.com,+4747045740,2023-12-04,standard,active,2024-07-06
CUST_003377,nathan.rodriguez@telia.no,+4748236964,2024-01-02,standard,active,2024-08-12
CUST_003378,riley.pedersen@hotmail.com,4643383367,2023-09-25,basic,paused,2025-05-11
CUST_003379,miadahl@get.no,+47 919 45 615,2024-03-02,standard,active,2025-07-01
CUST_003380,nataliemoore@telenor.no,+370893201089,2023-08-13,premium,active,2025-06-24
CUST_003381,aria_haugen@yahoo.com,+34108834442,2024-06-27,standard,active,2025-05-31
CUST_003382,astrid12thompson@icloud.com,98477023/48310915,2024-05-01,basic,churned,2025-03-28
CUST_003383,nathan95anderson@hotmail.com,05963,2024-12-04,standard,paused,2025-06-11
CUST_003384,leah.garcia@icloud.com,97689617/98729620,2024-07-18,premium,churned,2025-02-16
CUST_003385,lucas.pedersen@get.no,48259230,2024-05-31,basic,active,2024-09-19
CUST_003386,einar.johnsen@mail.com,48 80 04 96,2023-02-04,standard,active,2024-08-11
CUST_003387,noahhalvorsen@mail.com,+4808788752,2024-06-01,basic,active,2025-03-26
CUST_003388,amelia_haugen@hotmail.com,42 10 37 70,2025-03-13,basic,active,2025-03-24
CUST_003389,sebastian4henriksen@me.com,94157088,2024-09-18,standard,active,2025-06-27
CUST_003390,charlotte_sorensen@outlook.com,93 49 18 92,2023-06-24,standard,paused,2025-05-22
CUST_003391,christopher84martin@icloud.com,+880818158535,2025-05-21,standard,active,2025-05-25
CUST_003392,bellathomas@gmail.com,49437333/,2025-01-15,premium,active,2025-02-01
CUST_003393,anthony.white@broadpark.no,40805384,2023-09-17,premium,paused,2025-04-19
CUST_003394,svenkarlsen@online.no,42465183,2023-11-17,premium,active,2025-03-08
CUST_003395,amelia.wilson@yahoo.com,4690798340,2025-05-10,standard,active,2025-05-18
CUST_003396,charlotte_lee@gmail.com,1553,2023-12-12,basic,churned,2024-10-20
CUST_003397,sebastian_nilsen@online.no,91224000/45937581,2024-03-03,standard,active,2025-06-29
CUST_003398,evelyngarcia@online.no,95784235,2024-12-30,standard,paused,2025-06-27
CUST_003399,ragnajohnsen@me.com,44928841,2024-05-31,basic,paused,2025-05-27
CUST_003400,eleanor_johnson@online.no,+47 993 92 055,2023-07-07,standard,paused,2025-04-09
CUST_003401,jaxonhansen@me.com,4643043494,2024-02-18,standard,churned,2024-07-15
CUST_003402,evelyn67moore@live.no,004793373140,2024-11-02,basic,active,2025-07-01
CUST_003403,mateo.nilsen@me.com,+4741140755,2022-11-23,standard,churned,2025-01-06
CUST_003404,masonmoen@fastmail.com,94305344/95508238,2024-10-30,premium,churned,2024-11-08
CUST_003405,aidenoverland@telia.no,+33542846863,2023-09-12,premium,paused,2025-03-07
CUST_003406,mateo_iversen@yahoo.com,48322704,2024-01-11,basic,active,2024-07-09
CUST_003407,nathanjohansen@yahoo.com,99 24 58 02,2024-08-27,premium,active,2025-07-01
CUST_003408,audreynilsen@broadpark.no,4645143882,2024-04-10,standard,churned,2024-11-17
CUST_003409,ingridolsen@telenor.no,+8802146133547,2024-09-27,premium,active,2024-12-18
CUST_003410,danielwhite@protonmail.com,71807,2023-03-20,standard,active,2025-05-06
CUST_003411,marit55eriksen@telenor.no,48 51 41 90,2024-03-17,basic,paused,2025-05-05
CUST_003412,ryanjorgensen@telia.no,95 99 25 07,2024-05-07,basic,active,2024-07-10
CUST_003413,aidenmoen@icloud.com,7009,2022-10-11,standard,active,2025-06-27
CUST_003414,daniel70white@me.com,+4743102655,2023-02-02,standard,active,2024-10-27
CUST_003415,tor26jacobsen@telenor.no,935-21-608,2024-08-19,basic,active,2024-10-23
CUST_003416,emma_martinez@hotmail.com,004794793539,2023-10-26,standard,active,2025-06-11
CUST_003417,hilde20jorgensen@icloud.com,97188926,2023-10-06,basic,active,2025-05-21
CUST_003418,mia53davis@outlook.com,+47 422 17 759,2024-08-01,basic,active,2025-03-01
CUST_003419,mavericklee@yahoo.com,43 76 97 91,2023-11-07,basic,active,2024-11-25
CUST_003420,lily.hagen@telenor.no,3891,2024-04-10,standard,paused,2025-06-05
CUST_003421,bjorn_wilson@protonmail.com,41187816/,2024-11-02,premium,churned,2024-11-16
CUST_003422,addison.lee@telia.no,93 44 68 50,2025-02-26,basic,active,2025-03-05
CUST_003423,anne_thomas@me.com,46166290/,2024-02-25,standard,active,2024-08-17
CUST_003424,gabriel55haugen@telia.no,+47 939 66 352,2024-04-09,standard,active,2025-06-19
CUST_003425,christopherhalvorsen@protonmail.com,91383890,2024-12-12,standard,active,2025-05-14
CUST_003426,marit83jensen@gmail.com,47798861/,2023-03-18,basic,active,2024-07-06
CUST_003427,mia.moen@live.no,42802224,2024-07-22,standard,active,2025-06-20
CUST_003428,zoejorgensen@outlook.com,96626570/93883392,2024-09-21,premium,paused,2025-04-26
CUST_003429,samuel.johansen@telenor.no,99176498,2024-06-12,standard,active,2025-05-20
CUST_003430,laylajorgensen@telenor.no,90547209,2024-11-10,basic,active,2025-01-19
CUST_003431,evelyndavis@live.no,+47 489 16 680,2024-03-31,premium,active,2025-07-01
CUST_003432,isabella61iversen@telenor.no,900-22-003,2023-11-13,standard,active,2025-06-04
CUST_003433,theodorejohnsen@yahoo.com,42 09 41 24,2022-11-30,premium,paused,2025-05-11
CUST_003434,henry_wilson@telia.no,4642540941,2024-12-31,basic,churned,2025-01-15
CUST_003435,aubreyjohnsen@protonmail.com,96569836,2024-07-17,premium,active,2025-06-18
CUST_003436,astrid23anderson@fastmail.com,95720314,2023-11-10,basic,active,2025-06-27
CUST_003437,zoeypettersen@,97099069/,2024-02-04,premium,churned,2025-04-20
CUST_003438,harper.haugen@me.com,94907113,2023-12-05,basic,active,2025-06-25
CUST_003439,ragna68jones@fastmail.com,98039127/99053875,2025-01-05,premium,churned,2025-01-18
CUST_003440,per24thompson@icloud.com,+8804143269,2023-04-29,premium,active,2025-06-19
CUST_003441,liam_johannessen@me.com,40865862,2023-11-07,premium,active,2025-06-01
CUST_003442,einar_johnson@broadpark.no,004741147467,2024-07-10,standard,active,2025-05-04
CUST_003443,lillianpedersen@get.no,96173124,2024-09-02,basic,paused,2025-04-18
CUST_003444,violet33miller@yahoo.com,0568,2022-10-18,basic,active,2025-05-17
CUST_003445,layla51andreassen@gmail.com,5089,2024-11-11,premium,churned,2025-04-17
CUST_003446,michael_karlsen@outlook.com,+4790450386,2022-11-30,standard,active,2025-04-08
CUST_003447,ava65moen@yahoo.com,+4795129519,2024-04-29,premium,active,2025-03-21
CUST_003448,mateo_sorensen@online.no,90278634,2024-03-02,standard,active,2025-01-30
CUST_003449,natalie.lee@outlook.com,952-11-095,2024-09-11,standard,active,2025-03-15
CUST_003450,nataliesmith@get.no,91341129/,2024-10-29,standard,paused,2025-03-16
CUST_003451,brooklyn_andersen@gmail.com,+4792479655,2024-07-24,standard,active,2025-03-22
CUST_003452,samuel.jones@broadpark.no,443-98-788,2024-02-28,premium,churned,2024-10-29
CUST_003453,berit1andreassen@mail.com,46909594,2025-02-08,premium,churned,2025-04-20
CUST_003454,lincoln_miller@telenor.no,97730881,2024-07-02,basic,active,2025-06-04
CUST_003455,sebastian60sorensen@me.com,92979253,2024-02-27,basic,paused,2025-03-24
CUST_003456,evelyn.moore@online.no,04162,2024-04-02,basic,active,2025-06-29
CUST_003457,,+491681071,2024-08-19,standard,churned,2024-09-02
CUST_003458,liammartinez@telia.no,96073720,2024-07-14,basic,churned,2025-04-06
CUST_003459,hannah.hansen@icloud.com,41785634,2024-09-19,basic,active,2025-03-17
CUST_003460,ava.pedersen@yahoo.com,004741286866,2024-04-20,standard,active,2025-03-12
CUST_003461,helene_williams@me.com,432-09-481,2024-05-20,standard,active,2025-06-22
CUST_003462,ingrid1thomas@telenor.no,44618702,2024-04-08,basic,churned,2025-05-13
CUST_003463,,4694250882,2024-08-25,premium,active,2025-05-09
CUST_003464,zoemiller@live.no,4697323724,2023-05-27,premium,paused,2025-04-01
CUST_003465,daniel.rodriguez@yahoo.com,+4742406186,2023-11-16,premium,active,2024-12-28
CUST_003466,andrew20jakobsen@telenor.no,004790569582,2024-06-03,standard,paused,2025-04-18
CUST_003467,charlotte.eriksen@icloud.com,98025621,2024-01-18,basic,churned,2024-10-31
CUST_003468,per_dahl@gmail.com,004744265626,2025-01-11,standard,active,2025-03-12
CUST_003469,hannah.hagen@gmail.com,+47 447 66 053,2025-01-09,basic,churned,2025-01-22
CUST_003470,jaxon49jacobsen@online.no,7841,2024-10-07,standard,paused,2025-04-30
CUST_003471,jonas_moen@me.com,79994,2023-12-06,standard,active,2025-02-03
CUST_003472,ava.moen@get.no,95610408,2024-05-09,basic,active,2025-01-21
CUST_003473,brooklyn.jakobsen@broadpark.no,92471656,2024-01-07,premium,paused,2025-04-03
CUST_003474,bella.lee@live.no,45415280,2023-10-10,standard,active,2025-03-04
CUST_003475,berit15smith@gmail.com,92023362/,2024-03-30,basic,active,2025-01-24
CUST_003476,owen_taylor@broadpark.no,35129,2022-11-01,basic,active,2024-11-07
CUST_003477,ragnagarcia@protonmail.com,90500451,2023-09-25,basic,paused,2025-05-11
CUST_003478,marit.sorensen@me.com,49 59 24 39,2023-12-20,premium,churned,2025-04-25
CUST_003479,kari_williams@hotmail.com,90 21 16 86,2024-05-22,premium,active,2025-05-14
CUST_003480,magnus.thomas@get.no,004795691781,2023-01-09,standard,active,2025-05-24
CUST_003481,loganlee@me.com,+4743664493,2024-07-29,premium,active,2025-06-14
CUST_003482,aiden19jacobsen@telia.no,+47 956 61 155,2024-05-24,premium,active,2025-01-02
CUST_003483,astrid.sorensen@icloud.com,98 76 60 17,2023-02-20,basic,paused,2025-04-13
CUST_003484,stella37nilsen@mail.com,+4747480279,2024-03-26,premium,paused,2025-06-14
CUST_003485,adrian15eriksen@gmail.com,96521745/,2023-12-11,standard,churned,2024-07-02
CUST_003486,lily71eriksen@me.com,94380684/44579557,2024-09-21,basic,active,2024-10-12
CUST_003487,kristian_rodriguez@online.no,45613023/47639169,2024-07-28,premium,churned,2025-04-19
CUST_003488,christopher60jakobsen@broadpark.no,94 71 81 75,2022-12-03,basic,active,2024-12-06
CUST_003489,jonas82miller@fastmail.com,06021,2025-03-01,basic,active,2025-05-21
CUST_003490,helene54moen@telenor.no,98332263,2022-11-21,basic,active,2024-08-23
CUST_003491,chloe.dahl@hotmail.com,6715,2022-12-17,standard,active,2025-01-30
CUST_003492,arne.overland@me.com,49454164,2024-05-31,standard,paused,2025-06-18
CUST_003493,aubrey56olsen@gmail.com,48 53 00 45,2024-06-07,premium,churned,2024-09-10
CUST_003494,bella_henriksen@telenor.no,40065977,2024-07-15,basic,active,2025-04-15
CUST_003495,jonas.larsen@outlook.com,+4792068721,2023-03-06,basic,active,2024-09-18
CUST_003496,lincoln.smith@telia.no,2304,2024-05-30,standard,churned,2025-05-12
CUST_003497,ellie.rodriguez@telenor.no,4646658136,2023-08-08,premium,active,2025-06-08
CUST_003498,ava.jones@live.no,43050963,2024-01-17,basic,churned,2024-11-03
CUST_003499,lincolngarcia@outlook.com,482-47-407,2024-02-10,basic,active,2025-03-24
CUST_003500,eleanorkristiansen@telia.no,961-96-213,2024-10-11,basic,churned,2024-10-18
CUST_003501,amelia76taylor@mail.com,8726,2023-11-28,premium,active,2025-02-07
CUST_003502,mason_martin@outlook.com,40904581/97291930,2024-08-05,premium,active,2025-06-23
CUST_003503,elliedavis@gmail.com,93118765,2023-05-22,standard,active,2025-05-31
CUST_003504,alexanderjohnsen@broadpark.no,4643841019,2024-06-19,standard,churned,2024-12-28
CUST_003505,aria_pettersen@icloud.com,4694406615,2024-02-05,basic,paused,2025-06-15
CUST_003506,jacob76larsen@fastmail.com,986-18-382,2024-06-22,standard,paused,2025-04-17
CUST_003507,ethan.jacobsen@hotmail.com,8208,2023-12-21,standard,active,2025-06-19
CUST_003508,christopher68williams@gmail.com,45384732,2022-10-29,basic,active,2025-03-04
CUST_003509,lucaslee@hotmail.com,99257072/,2023-08-16,standard,churned,2025-01-12
CUST_003510,astrid34hansen@get.no,4641721370,2024-10-03,standard,paused,2025-06-22
CUST_003511,gabriel50johnson@outlook.com,90224102,2024-05-13,basic,active,2025-06-17
CUST_003512,claire.berg@mail.com,5311,2023-10-29,standard,churned,2025-06-25
CUST_003513,maverick30haugen@outlook.com,92877130,2024-07-17,basic,churned,2024-09-10
CUST_003514,audrey.johansen@get.no,97964277,2023-10-03,premium,active,2025-04-13
CUST_003515,isaac.hagen@mail.com,+4794131744,2024-03-01,premium,active,2025-06-19
CUST_003516,ingrid_lund@icloud.com,+370510889217,2024-12-14,basic,churned,2025-01-07
CUST_003517,dylan44hagen@outlook.com,004790872547,2023-05-28,standard,active,2025-05-16
CUST_003518,gunnar96garcia@outlook.com,1016,2024-10-26,premium,churned,2024-11-10
CUST_003519,eleanor_moen@telenor.no,98151649,2024-11-26,premium,active,2024-12-21
CUST_003520,kariandreassen@fastmail.com,94923066,2025-01-17,premium,active,2025-06-24
CUST_003521,erikandreassen@me.com,92467193,2025-01-21,premium,churned,2025-02-03
CUST_003522,liv99davis@gmail.com,45 89 83 24,2022-12-20,standard,paused,2025-04-15
CUST_003523,greta_halvorsen@fastmail.com,+4741695432,2024-08-21,basic,active,2025-05-26
CUST_003524,andrew79kristiansen@live.no,47772043/91888427,2023-06-18,premium,active,2024-10-14
CUST_003525,thomasjacobsen@fastmail.com,4649284034,2024-04-02,premium,active,2025-01-28
CUST_003526,isaac.moore@icloud.com,989-94-253,2024-10-18,basic,active,2025-06-17
CUST_003527,kari.garcia@gmail.com,+460565723,2024-03-01,premium,active,2024-12-21
CUST_003528,mason.jones@mail.com,43640695/,2023-01-27,basic,active,2025-06-23
CUST_003529,caleb83olsen@icloud.com,+47 450 31 884,2024-01-27,basic,active,2024-11-06
CUST_003530,henryjohnsen@broadpark.no,436-60-235,2024-10-29,premium,active,2024-11-23
CUST_003531,solveig.jensen@fastmail.com,48913051/42719058,2024-12-23,standard,churned,2025-03-07
CUST_003532,ragna_henriksen@live.no,+4749479768,2024-03-08,premium,active,2025-06-01
CUST_003533,maritsorensen@me.com,49546373/43003047,2024-12-11,premium,active,2025-06-02
CUST_003534,eleanor_anderson@yahoo.com,4641281940,2023-09-20,basic,active,2025-05-11
CUST_003535,aubrey.jensen@gmail.com,94146566/47070437,2024-09-23,standard,paused,2025-05-15
CUST_003536,isabella_johannessen@hotmail.com,94 62 22 84,2024-04-19,standard,active,2025-07-01
CUST_003537,helene.johnson@icloud.com,42619358/,2024-12-12,basic,active,2025-06-23
CUST_003538,isaac.martinez@mail.com,98965608,2024-08-17,standard,active,2025-02-06
CUST_003539,lily41rodriguez@mail.com,4697556123,2024-07-23,basic,active,2025-04-15
CUST_003540,chloe.martinez@gmail.com,+461217220,2024-01-24,basic,active,2025-06-06
CUST_003541,noahbrown@fastmail.com,97787341,2023-11-28,basic,active,2025-06-04
CUST_003542,elijah_jackson@get.no,91 36 18 77,2024-08-15,standard,churned,2024-09-30
CUST_003543,laylalee@mail.com,98535599,2024-06-26,standard,active,2025-06-27
CUST_003544,owenmoen@fastmail.com,+4792430884,2024-02-16,standard,paused,2025-06-27
CUST_003545,leahjohannessen@telia.no,004745096933,2023-08-24,standard,paused,2025-04-30
CUST_003546,kristiantaylor@gmail.com,48 80 63 95,2024-03-12,standard,active,2025-05-02
CUST_003547,kari_jorgensen@fastmail.com,95370476/,2023-10-13,basic,churned,2024-09-12
CUST_003548,claire.hagen@fastmail.com,48 34 40 27,2024-06-14,basic,churned,2025-03-06
CUST_003549,ethanandreassen@yahoo.com,43693683,2024-07-19,basic,active,2025-07-01
CUST_003550,lily.lund@icloud.com,+339666349,2024-11-17,standard,active,2025-01-27
CUST_003551,dylan.johnson@online.no,004795436233,2024-12-30,premium,active,2025-06-20
CUST_003552,michael.taylor@outlook.com,41038773/40778981,2023-06-03,premium,active,2024-12-31
CUST_003553,liv50moen@mail.com,93316509/43812724,2024-01-14,basic,active,2025-04-26
CUST_003554,ellie_dahl@hotmail.com,004799898473,2024-03-15,basic,active,2025-01-18
CUST_003555,jack.johnson@yahoo.com,93584962,2023-05-27,basic,active,2025-06-03
CUST_003556,ava_johnsen@gmail.com,901-73-855,2023-11-12,standard,active,2025-06-26
CUST_003557,charlotte12wilson@broadpark.no,+3467704110,2024-03-24,basic,churned,2024-09-13
CUST_003558,ryanmartinez@outlook.com,+4475317791,2025-05-05,premium,active,2025-05-23
CUST_003559,zoe_lund@live.no,+47 443 48 891,2024-01-06,basic,paused,2025-03-17
CUST_003560,anne_johansen@fastmail.com,004740127760,2024-05-30,standard,active,2025-02-06
CUST_003561,ingrid61halvorsen@me.com,004791128484,2024-10-08,standard,paused,2025-06-09
CUST_003562,savannah_johannessen@me.com,90478913,2024-05-05,basic,active,2025-06-21
CUST_003563,thomas.brown@icloud.com,+49550973330,2024-01-16,standard,churned,2025-04-27
CUST_003564,ariajackson@icloud.com,4647049734,2024-07-15,basic,active,2025-05-06
CUST_003565,nathansorensen@icloud.com,95913110/,2025-01-11,premium,active,2025-06-07
CUST_003566,greta.andersen@mail.com,98 81 23 68,2024-03-08,standard,active,2025-06-03
CUST_003567,evelyn.hagen@protonmail.com,+4792254945,2024-04-25,basic,active,2024-09-22
CUST_003568,mateo.thomas@outlook.com,4142,2023-01-21,standard,active,2024-10-24
CUST_003569,ragnahenriksen@telia.no,+346578159166,2023-02-21,standard,active,2025-06-19
CUST_003570,hazel72karlsen@me.com,004741360171,2024-07-16,standard,active,2025-05-05
CUST_003571,harperrodriguez@me.com,41 96 51 64,2023-08-13,basic,churned,2024-10-14
CUST_003572,lilyhansen@gmail.com,4648094207,2023-09-12,standard,paused,2025-06-18
CUST_003573,sven5martinez@telenor.no,95913118/,2023-05-02,basic,churned,2024-08-10
CUST_003574,brooklyn43lee@outlook.com,004746716567,2025-02-07,standard,churned,2025-03-01
CUST_003575,mateo16jones@protonmail.com,40385285/99401541,2023-11-30,basic,active,2025-04-21
CUST_003576,alexander.jones@broadpark.no,97873480,2024-02-15,standard,active,2025-02-13
CUST_003577,anthony48moen@online.no,+4942683969,2024-01-05,standard,active,2025-05-08
CUST_003578,jonas46martinez@mail.com,41684512,2024-10-12,basic,churned,2025-01-03
CUST_003579,riley_brown@me.com,48147604,2025-05-25,standard,paused,2025-06-06
CUST_003580,hilde_gundersen@yahoo.com,99537621,2023-06-05,premium,churned,2024-09-30
CUST_003581,sebastian_pettersen@get.no,+47 406 67 549,2023-12-15,standard,churned,2025-03-25
CUST_003582,zoey_overland@protonmail.com,+47 950 88 306,2024-02-14,basic,churned,2025-06-16
CUST_003583,hazel75larsen@icloud.com,+47 494 27 919,2023-02-12,standard,active,2024-07-09
CUST_003584,helene.brown@me.com,004792028882,2022-10-05,standard,active,2025-01-02
CUST_003585,berit57garcia@fastmail.com,45242443,2024-12-23,basic,churned,2025-01-19
CUST_003586,charlotte28johansen@fastmail.com,+47 900 92 542,2024-03-27,premium,churned,2025-04-04
CUST_003587,theodore_kristiansen@broadpark.no,0545,2025-03-19,standard,active,2025-04-06
CUST_003588,tor91rodriguez@broadpark.no,98197488/96748223,2024-10-10,standard,active,2025-04-11
CUST_003589,addisonhansen@icloud.com,+47 474 26 588,2023-04-14,basic,active,2024-09-13
CUST_003590,isabella.karlsen@icloud.com,46012418,2024-12-05,premium,active,2025-06-24
CUST_003591,natalie.pettersen@get.no,99262168/,2024-08-04,basic,paused,2025-06-29
CUST_003592,aria.larsen@live.no,9540,2023-12-02,standard,churned,2024-11-07
CUST_003593,evelyn.miller@me.com,4692472731,2024-03-09,standard,churned,2024-08-23
CUST_003594,sophia_dahl@icloud.com,47445719,2024-01-01,premium,active,2024-11-12
CUST_003595,eleanor.moore@yahoo.com,004741140781,2023-05-29,standard,churned,2025-05-23
CUST_003596,astrid.jensen@mail.com,+47 438 39 427,2024-11-26,premium,active,2025-04-14
CUST_003597,hannahjohnson@gmail.com,+8804895241,2024-08-08,premium,active,2025-03-09
CUST_003598,caleb_moen@fastmail.com,91801206/,2024-09-14,standard,churned,2025-04-18
CUST_003599,helenejackson@online.no,95675646/,2023-12-05,standard,active,2024-09-12
CUST_003600,nora_miller@get.no,004746940324,2023-08-27,basic,active,2024-07-07
CUST_003601,nora_lee@protonmail.com,+880983590058,2024-12-10,premium,churned,2025-05-16
CUST_003602,mason.thompson@icloud.com,48 37 65 39,2024-04-20,premium,active,2025-06-26
CUST_003603,violetjones@hotmail.com,48075095,2025-01-25,basic,active,2025-02-12
CUST_003604,ameliaberg@fastmail.com,49422085,2024-01-28,basic,active,2025-06-29
CUST_003605,annemoore@mail.com,99 95 92 41,2024-01-13,standard,active,2024-09-24
CUST_003606,luke28jorgensen@fastmail.com,8032,2023-11-09,basic,churned,2025-06-22
CUST_003607,eleanor.andreassen@mail.com,+47 416 51 481,2023-05-15,basic,active,2024-08-14
CUST_003608,adrian.pettersen@live.no,+47 470 21 538,2023-07-03,basic,active,2025-06-18
CUST_003609,layla81halvorsen@protonmail.com,+47 413 12 131,2022-12-04,basic,active,2025-06-01
CUST_003610,ragna49thomas@live.no,43621539,2024-08-02,basic,active,2025-01-02
CUST_003611,mason.jacobsen@live.no,4640584984,2024-08-13,standard,active,2025-05-09
CUST_003612,sebastian.gundersen@fastmail.com,+47 981 33 533,2022-12-27,basic,active,2025-04-24
CUST_003613,hazel.lund@outlook.com,+44838686123,2023-04-23,premium,active,2024-07-30
CUST_003614,emma_henriksen@gmail.com,47294856,2022-11-12,basic,active,2024-09-21
CUST_003615,hazel28eriksen@outlook.com,4648633897,2024-06-30,standard,active,2025-06-21
CUST_003616,isabella_pettersen@outlook.com,4699393942,2023-04-13,basic,churned,2025-01-16
CUST_003617,bellawilliams@outlook.com,996-04-028,2023-12-07,basic,active,2024-09-06
CUST_003618,olivia.sorensen@icloud.com,+4745782992,2024-08-06,premium,active,2025-06-03
CUST_003619,dylanwhite@gmail.com,+4749396062,2023-05-18,basic,churned,2024-12-06
CUST_003620,larskristiansen@telenor.no,+47 945 45 603,2023-12-02,premium,churned,2024-09-04
CUST_003621,audrey_sorensen@protonmail.com,+47 981 29 645,2022-12-02,basic,churned,2025-01-26
CUST_003622,violetjohnson@outlook.com,41994136/,2024-07-20,premium,active,2024-11-22
CUST_003623,ingridnilsen@outlook.com,004741470823,2024-12-22,premium,active,2025-06-24
CUST_003624,erik_karlsen@protonmail.com,+44912899512,2024-12-01,premium,churned,2024-12-22
CUST_003625,isaac_gundersen@me.com,918-37-047,2025-02-17,basic,active,2025-03-16
CUST_003626,liv3johnsen@protonmail.com,9795,2024-12-28,premium,active,2025-05-04
CUST_003627,samuel.halvorsen@yahoo.com,98 97 23 59,2025-01-19,standard,paused,2025-04-13
CUST_003628,theodore_brown@protonmail.com,49770259,2023-08-13,basic,active,2025-01-06
CUST_003629,lillian.jacobsen@yahoo.com,98 72 91 29,2024-03-22,premium,paused,2025-04-20
CUST_003630,anthonyiversen@hotmail.com,+8807195576,2024-09-27,premium,active,2025-06-25
CUST_003631,zoe45jensen@outlook.com,+88003663860,2024-11-15,premium,churned,2025-02-02
CUST_003632,toroverland@protonmail.com,93188658,2024-07-04,basic,churned,2024-08-05
CUST_003633,gabriel_martin@outlook.com,+47 960 03 410,2023-09-11,standard,churned,2025-04-25
CUST_003634,christopherjohansen@mail.com,91994974,2024-06-27,basic,churned,2024-08-27
CUST_003635,lily7thomas@icloud.com,+44524027820,2024-11-27,standard,active,2025-06-28
CUST_003636,noahwilliams@telia.no,+4741695152,2024-10-29,premium,active,2025-03-22
CUST_003637,berit71larsen@mail.com,91376670,2023-12-07,standard,active,2024-12-31
CUST_003638,leah.larsen@fastmail.com,4694051183,2024-10-05,premium,active,2025-06-18
CUST_003639,svenlee@outlook.com,4690790438,2022-09-18,premium,active,2025-04-04
CUST_003640,charlotte_overland@hotmail.com,004791552241,2025-01-15,basic,active,2025-02-08
CUST_003641,alexander_jensen@live.no,983-52-738,2024-09-16,premium,churned,2024-10-09
CUST_003642,mateo4jorgensen@live.no,95684709/,2023-06-11,basic,churned,2025-04-20
CUST_003643,bjorn.davis@live.no,49449493,2025-05-13,premium,paused,2025-05-29
CUST_003644,addisonoverland@mail.com,004742307714,2023-12-08,standard,paused,2025-06-27
CUST_003645,erik20taylor@fastmail.com,41837691,2025-03-07,basic,churned,2025-04-05
CUST_003646,marit.thompson@hotmail.com,40470844,2023-11-05,basic,active,2025-01-13
CUST_003647,aiden_white@mail.com,97 21 19 51,2023-01-02,basic,active,2025-03-17
CUST_003648,greta17taylor@telia.no,41 65 51 46,2024-10-09,basic,active,2025-06-23
CUST_003649,theodore67jones@get.no,+4685569314,2024-02-12,standard,active,2025-06-20
CUST_003650,elijah_martin@fastmail.com,96199037,2023-01-03,standard,active,2025-06-30
CUST_003651,liam_johnsen@mail.com,5149,2024-08-03,premium,active,2024-10-27
CUST_003652,joshua30smith@yahoo.com,05955,2024-03-02,premium,paused,2025-04-05
CUST_003653,jaxon_white@gmail.com,47 76 96 73,2024-11-12,standard,active,2024-11-19
CUST_003654,savannah71hansen@yahoo.com,+4792380571,2022-11-19,basic,active,2024-11-17
CUST_003655,magnus_sorensen@telia.no,+47 442 89 042,2024-05-26,standard,paused,2025-04-05
CUST_003656,nathan1jacobsen@live.no,98993219/43304421,2024-04-07,standard,active,2025-02-03
CUST_003657,bellawhite@protonmail.com,44 46 24 04,2023-11-16,premium,churned,2025-06-19
CUST_003658,anthony55berg@outlook.com,90474,2023-08-08,basic,active,2025-06-25
CUST_003659,freya.jakobsen@gmail.com,4696902891,2023-12-30,basic,churned,2024-07-19
CUST_003660,liamiversen@me.com,47530877,2024-10-30,standard,churned,2024-11-20
CUST_003661,riley41andreassen@telenor.no,45008585,2023-09-14,standard,active,2025-02-03
CUST_003662,gabriel56lund@outlook.com,17186,2024-04-12,premium,churned,2024-11-30
CUST_003663,sven_jackson@get.no,46485471,2024-08-20,basic,paused,2025-05-21
CUST_003664,claire75pedersen@get.no,+4798130043,2023-05-03,basic,active,2024-08-10
CUST_003665,amelia_thomas@protonmail.com,98187624,2025-05-21,standard,active,2025-07-01
CUST_003666,mia.olsen@live.no,98161893/,2023-10-22,standard,paused,2025-04-23
CUST_003667,joshua55jorgensen@hotmail.com,85037,2024-07-18,premium,active,2024-07-21
CUST_003668,masonpettersen@protonmail.com,91891241,2024-07-03,premium,active,2025-06-29
CUST_003669,isabella_anderson@me.com,2897,2024-01-17,premium,active,2024-11-05
CUST_003670,jaxon48lee@online.no,4691089452,2025-03-07,basic,paused,2025-05-19
CUST_003671,magnus_andreassen@get.no,+47 949 41 330,2023-02-16,standard,active,2025-03-17
CUST_003672,michaeljackson@fastmail.com,99 42 28 51,2024-08-12,basic,paused,2025-05-12
CUST_003673,hildeeriksen@yahoo.com,91333305/91311137,2024-11-04,basic,paused,2025-03-12
CUST_003674,thomas.smith@get.no,41352211/41890983,2023-12-03,basic,churned,2024-12-14
CUST_003675,riley.berg@gmail.com,+4749860208,2024-10-24,standard,active,2025-06-23
CUST_003676,ethanandreassen@hotmail.com,+447968076879,2025-02-04,basic,active,2025-02-19
CUST_003677,aria45eriksen@telia.no,004790927029,2025-02-20,standard,active,2025-04-14
CUST_003678,michael.wilson@icloud.com,97689836,2024-09-26,premium,churned,2024-10-13
CUST_003679,lars98jakobsen@protonmail.com,440-34-845,2022-12-21,standard,active,2024-09-08
CUST_003680,sigrid_eriksen@@telia.no,+4744570811,2023-03-10,standard,churned,2025-06-20
CUST_003681,ragna85jacobsen@icloud.com,984-90-895,2024-04-12,basic,churned,2025-06-17
CUST_003682,charlotte_johannessen@mail.com,45960658,2024-06-29,standard,active,2025-05-11
CUST_003683,elliejohansen@telenor.no,004746048848,2023-12-07,premium,paused,2025-05-12
CUST_003684,greta.thompson@outlook.com,+47 957 57 682,2024-05-05,basic,active,2025-06-21
CUST_003685,ava85williams@telenor.no,+4743659077,2024-08-02,standard,active,2025-06-05
CUST_003686,hannah91hansen@telenor.no,95501333,2023-07-21,premium,active,2025-06-12
CUST_003687,berit18smith@get.no,4699631885,2024-08-27,basic,active,2025-05-23
CUST_003688,ethantaylor@gmail.com,4692632310,2024-04-27,standard,paused,2025-04-12
CUST_003689,lukesmith@online.no,405-42-011,2024-03-13,standard,churned,2025-06-10
CUST_003690,anthony.haugen@get.no,44977418,2023-03-26,standard,paused,2025-03-13
CUST_003691,harperoverland@outlook.com,7634,2024-09-13,premium,active,2024-11-04
CUST_003692,isaac14iversen@get.no,+484727479,2023-03-07,basic,paused,2025-04-09
CUST_003693,astrid.jones@gmail.com,43678121,2024-07-01,basic,paused,2025-06-11
CUST_003694,riley76iversen@hotmail.com,+47 441 45 886,2024-12-27,standard,active,2025-06-08
CUST_003695,owen.halvorsen@telenor.no,428-77-554,2023-10-18,standard,active,2025-06-18
CUST_003696,liam.jacobsen@yahoo.com,9666,2023-11-14,standard,active,2025-05-17
CUST_003697,bella25taylor@fastmail.com,+37007983381,2023-05-09,basic,paused,2025-06-07
CUST_003698,anthony_jensen@icloud.com,92646744,2023-03-03,standard,paused,2025-03-10
CUST_003699,penelope_martin@get.no,+345954742,2025-05-03,basic,churned,2025-05-17
CUST_003700,hannah.haugen@telia.no,004744388013,2023-03-27,standard,active,2025-02-14
CUST_003701,aria.jones@broadpark.no,7512,2023-02-15,basic,churned,2025-05-22
CUST_003702,kristian.taylor@broadpark.no,90 22 24 70,2024-08-30,premium,paused,2025-06-21
CUST_003703,zoey25martin@mail.com,40684096/92938555,2025-02-22,premium,churned,2025-07-01
CUST_003704,ava_moore@get.no,+498557041,2024-02-02,standard,active,2025-06-19
CUST_003705,annesorensen@icloud.com,48222413,2023-11-27,basic,paused,2025-03-30
CUST_003706,kristian.halvorsen@gmail.com,42321399,2023-12-22,basic,paused,2025-04-23
CUST_003707,lillianwilliams@fastmail.com,93502214,2023-08-24,premium,active,2024-12-10
CUST_003708,sophiamoore@me.com,+4741059784,2022-07-08,basic,churned,2024-11-03
CUST_003709,erik.hagen@telia.no,4691997981,2024-04-03,basic,active,2025-06-22
CUST_003710,erik.lee@mail.com,94316701,2023-11-29,basic,active,2025-02-05
CUST_003711,einar4brown@yahoo.com,004796200983,2023-12-26,premium,churned,2025-05-15
CUST_003712,evelyn_anderson@get.no,92520565/,2024-05-17,premium,active,2025-06-19
CUST_003713,leah_iversen@mail.com,+47 940 13 059,2024-04-24,standard,active,2025-05-07
CUST_003714,harald99johnsen@icloud.com,86192,2023-02-03,basic,paused,2025-04-06
CUST_003715,,90261668,2023-12-08,standard,paused,2025-06-24
CUST_003716,charlotte_jorgensen@me.com,98481906,2025-04-15,standard,churned,2025-05-14
CUST_003717,hazel37garcia@outlook.com,96497172,2024-01-31,basic,active,2025-06-26
CUST_003718,owen_haugen@icloud.com,+4793092697,2024-03-21,premium,active,2025-06-10
CUST_003719,sophia.jackson@yahoo.com,92056459/43440585,2024-05-02,premium,churned,2025-02-21
CUST_003720,ingrid_smith@get.no,45549,2024-12-24,premium,churned,2025-06-19
CUST_003721,christophermoore@telenor.no,004742832995,2023-11-30,standard,active,2025-05-20
CUST_003722,astrid.moen@get.no,004795094786,2023-10-26,basic,active,2025-05-14
CUST_003723,claire.johnsen@broadpark.no,99251211,2023-05-20,standard,churned,2024-11-09
CUST_003724,stella.johnsen@hotmail.com,955-63-630,2025-02-08,premium,active,2025-06-05
CUST_003725,lillian.davis@mail.com,94 07 55 69,2024-07-27,basic,active,2024-09-11
CUST_003726,layla_henriksen@telenor.no,4692577416,2024-11-19,standard,active,2024-12-08
CUST_003727,anne60jorgensen@fastmail.com,004746336558,2024-05-28,standard,active,2025-07-01
CUST_003728,leah53miller@mail.com,99392496/,2023-02-26,basic,active,2025-04-07
CUST_003729,leahrodriguez@fastmail.com,96283794,2024-04-28,premium,active,2025-06-24
CUST_003730,hilde_berg@hotmail.com,410-78-676,2023-09-02,basic,active,2025-05-30
CUST_003731,haraldhenriksen@gmail.com,46549806/48464876,2025-05-07,standard,paused,2025-05-15
CUST_003732,christopher.jakobsen@icloud.com,+4793242866,2024-10-05,standard,active,2025-06-12
CUST_003733,violethaugen@live.no,973-90-607,2023-04-07,standard,paused,2025-04-29
CUST_003734,anne_johnsen@fastmail.com,976-14-766,2024-06-20,premium,churned,2024-09-01
CUST_003735,nora_johansen@fastmail.com,423-49-457,2024-10-08,premium,active,2025-06-24
CUST_003736,joshua_andreassen@broadpark.no,448-10-995,2023-03-15,standard,churned,2024-11-28
CUST_003737,layla.brown@telia.no,+47 433 15 667,2025-04-26,basic,active,2025-06-23
CUST_003738,addison_pedersen@telenor.no,90696249/96911030,2023-01-31,premium,active,2025-02-24
CUST_003739,gabriel.berg@broadpark.no,004744416166,2023-12-23,premium,active,2025-06-17
CUST_003740,natalieeriksen@protonmail.com,+4791048088,2023-03-16,standard,churned,2024-11-19
CUST_003741,tor91davis@broadpark.no,90 24 93 87,2025-01-15,basic,churned,2025-01-20
CUST_003742,violetmiller@get.no,+4801995261,2023-09-07,premium,active,2024-07-23
CUST_003743,brooklynjohnsen@mail.com,4696363051,2024-11-05,basic,active,2025-05-20
CUST_003744,lars.davis@live.no,+47 433 85 683,2024-05-27,premium,churned,2025-06-26
CUST_003745,per.martin@telia.no,43 43 16 29,2024-10-06,premium,active,2024-11-16
CUST_003746,ethan_hagen@icloud.com,91 20 57 49,2024-11-14,basic,active,2025-01-02
CUST_003747,stella68williams@yahoo.com,53107,2024-05-25,standard,paused,2025-06-24
CUST_003748,maverick99johansen@gmail.com,97443593,2024-08-01,premium,churned,2024-09-06
CUST_003749,sven47taylor@outlook.com,+4746061013,2023-11-16,basic,active,2025-06-05
CUST_003750,olivia52haugen@fastmail.com,98473081,2024-05-17,basic,active,2025-04-29
CUST_003751,layla_martin@get.no,92895804,2024-11-07,standard,active,2025-06-21
CUST_003752,mason_thomas@live.no,41143678/,2024-06-23,standard,active,2025-05-05
CUST_003753,samuel62sorensen@live.no,4698293007,2024-09-13,basic,active,2024-09-29
CUST_003754,joshuaandreassen@hotmail.com,45704455,2024-08-15,standard,active,2025-02-10
CUST_003755,theodorejones@online.no,40943805,2023-08-29,premium,active,2025-01-27
CUST_003756,theodore.davis@broadpark.no,90807539,2024-08-31,premium,paused,2025-04-17
CUST_003757,claire49halvorsen@me.com,9654,2023-10-04,standard,churned,2024-10-31
CUST_003758,kari_eriksen@telia.no,78047,2023-12-11,standard,active,2025-02-11
CUST_003759,to;rmoore@icloud.com,44 91 48 08,2024-04-26,standard,churned,2025-04-09
CUST_003760,audrey.miller@hotmail.com,96 86 94 61,2024-02-21,basic,active,2024-10-12
CUST_003761,per.johnson@outlook.com,+126246302,2023-02-09,standard,paused,2025-03-29
CUST_003762,tor70wilson@online.no,45 78 66 67,2023-04-09,standard,paused,2025-06-28
CUST_003763,riley.karlsen@mail.com,+48418519968,2024-09-17,basic,churned,2025-01-20
CUST_003764,"be,lla_davis@telia.no",99602339,2024-03-19,basic,active,2025-06-08
CUST_003765,savannah_pettersen@yahoo.com,4695811625,2024-02-06,premium,churned,2024-08-17
CUST_003766,mia.williams@protonmail.com,004797716315,2024-01-07,basic,churned,2025-05-11
CUST_003767,evelyn60anderson@get.no,4402,2024-05-04,premium,active,2025-05-27
CUST_003768,solveig94garcia@fastmail.com,004745408584,2024-10-20,basic,active,2025-02-11
CUST_003769,nora65martinez@yahoo.com,956-75-386,2024-05-19,standard,active,2025-03-20
CUST_003770,marit_berg@me.com,+1081944489,2022-12-24,premium,active,2025-06-23
CUST_003771,nathan_jensen@me.com,49 21 57 86,2023-07-20,basic,paused,2025-05-27
CUST_003772,arne_brown@mail.com,91205287/,2025-03-14,basic,churned,2025-06-11
CUST_003773,eleanor_gundersen@me.com,42562443,2024-04-18,basic,churned,2025-03-14
CUST_003774,leahmoen@fastmail.com,96 70 37 07,2025-02-10,basic,churned,2025-03-11
CUST_003775,ellie_smith@me.com,45784371/47185691,2023-11-13,premium,paused,2025-05-02
CUST_003776,mateo72pedersen@broadpark.no,23937,2024-03-13,basic,churned,2025-02-27
CUST_003777,kristianhalvorsen@online.no,410-00-471,2023-08-17,premium,active,2025-06-25
CUST_003778,erikhenriksen@fastmail.com,63910,2024-11-03,standard,churned,2025-06-04
CUST_003779,aurora58williams@hotmail.com,41470126,2023-11-15,premium,active,2024-07-06
CUST_003780,sven17johnsen@telenor.no,436-20-134,2024-11-03,basic,active,2024-11-17
CUST_003781,noah76karlsen@get.no,41803196,2023-11-14,standard,active,2025-05-25
CUST_003782,olavandersen@hotmail.com,46374788/44591987,2024-03-03,premium,active,2025-05-12
CUST_003783,ethan_johnson@yahoo.com,43927541/48705544,2025-03-15,standard,paused,2025-05-24
CUST_003784,savannah_jorgensen@protonmail.com,004743690702,2023-10-14,basic,churned,2025-02-01
CUST_003785,ryan2taylor@outlook.com,98789675,2023-10-01,premium,active,2025-07-01
CUST_003786,ryanwhite@protonmail.com,99 42 75 37,2024-09-09,basic,active,2024-10-04
CUST_003787,,004791226951,2024-07-24,premium,active,2024-08-03
CUST_003788,aria.olsen@gmail.com,08953,2024-03-20,premium,churned,2024-08-23
CUST_003789,solveig_johannessen@gmail.com,+47 989 67 826,2023-06-29,standard,active,2025-06-01
CUST_003790,natalie_andersen@gmail.com,44479405,2025-02-24,premium,paused,2025-05-21
CUST_003791,alexander.henriksen@telenor.no,435-62-706,2025-01-05,premium,active,2025-07-01
CUST_003792,berit.rodriguez@outlook.com,93728177/,2022-09-01,basic,active,2025-03-03
CUST_003793,kristian_iversen@protonmail.com,45451643,2023-09-26,premium,churned,2025-01-26
CUST_003794,brooklyn50jones@hotmail.com,49741886,2024-02-20,basic,paused,2025-04-22
CUST_003795,torjackson@fastmail.com,+47 498 87 230,2023-11-14,standard,paused,2025-03-05
CUST_003796,aubrey71smith@mail.com,+88022064620,2024-05-12,standard,churned,2025-04-28
CUST_003797,zoeymoen@me.com,4640282963,2023-10-17,standard,paused,2025-07-01
CUST_003798,chloe_gundersen@icloud.com,81772,2024-01-31,premium,churned,2025-05-03
CUST_003799,lincoln30eriksen@live.no,42305325/46001181,2023-04-27,basic,active,2024-11-09
CUST_003800,lincoln.brown@mail.com,42124365,2023-01-30,basic,active,2025-07-01
CUST_003801,hazel_wilson@icloud.com,90099119,2023-12-29,standard,active,2025-02-27
CUST_003802,noah.williams@me.com,45041225,2025-01-24,basic,active,2025-05-16
CUST_003803,violet.white@me.com,46703909/93807991,2024-07-28,basic,churned,2025-02-06
CUST_003804,astridpedersen@gmail.com,91468817,2024-07-09,standard,active,2025-06-22
CUST_003805,aubrey_garcia@hotmail.com,42 75 36 24,2023-03-07,standard,churned,2025-03-05
CUST_003806,andrew_pettersen@me.com,4697509178,2024-09-24,premium,active,2025-05-07
CUST_003807,stellaandreassen@mail.com,98811855/97170775,2024-04-11,standard,active,2024-12-15
CUST_003808,lucas.jackson@live.no,004740307353,2024-02-13,standard,active,2025-06-26
CUST_003809,lars.overland@broadpark.no,4698616900,2023-07-15,standard,active,2025-01-31
CUST_003810,jaxon8jorgensen@protonmail.com,004744443944,2024-05-18,premium,active,2024-09-22
CUST_003811,chloemoen@me.com,43833494,2023-01-20,standard,active,2025-05-12
CUST_003812,hilde60martinez@yahoo.com,+47 913 58 996,2024-11-24,standard,active,2025-06-30
CUST_003813,layla32nilsen@outlook.com,91879789/49309077,2024-11-03,standard,churned,2025-06-25
CUST_003814,magnus_anderson@gmail.com,+446890255,2023-10-06,standard,churned,2024-08-12
CUST_003815,sebastianoverland@telia.no,90419024,2023-07-14,standard,paused,2025-03-24
CUST_003816,alexander_johnson@online.no,+47 930 90 533,2023-09-13,basic,paused,2025-04-17
CUST_003817,aria68henriksen@outlook.com,004790485502,2024-09-17,basic,paused,2025-05-05
CUST_003818,annewhite@get.no,+47 456 50 371,2024-07-06,premium,paused,2025-03-07
CUST_003819,noah_hansen@online.no,46820120/41526207,2023-12-06,premium,paused,2025-05-08
CUST_003820,tor47smith@telenor.no,91 86 97 25,2025-04-08,basic,active,2025-04-28
CUST_003821,lukewilliams@online.no,43151108/,2025-01-02,standard,churned,2025-06-02
CUST_003822,addison.overland@outlook.com,46617658/,2022-11-15,basic,churned,2024-12-01
CUST_003823,jaxon.sorensen@gmail.com,+370939178264,2023-01-18,standard,active,2025-01-03
CUST_003824,solveigandreassen@icloud.com,48855991,2025-01-28,standard,active,2025-06-24
CUST_003825,lillian_gundersen@live.no,99 03 81 86,2023-09-12,basic,active,2025-07-01
CUST_003826,jaxon71martin@hotmail.com,93 70 11 26,2023-07-24,standard,active,2024-07-21
CUST_003827,jacob74jensen@icloud.com,493-48-776,2025-02-15,basic,active,2025-06-20
CUST_003828,lars_jones@fastmail.com,004793115718,2023-01-29,premium,active,2025-04-15
CUST_003829,henry.overland@outlook.com,966-65-658,2024-08-17,basic,active,2025-06-21
CUST_003830,lucasberg@mail.com,93645671/,2024-10-19,basic,paused,2025-06-11
CUST_003831,hannah94rodriguez@broadpark.no,915-57-213,2023-01-03,basic,paused,2025-04-13
CUST_003832,isabella_hagen@telenor.no,2071,2023-09-04,premium,active,2025-05-25
CUST_003833,noah_anderson@get.no,989-49-492,2024-03-28,basic,active,2024-09-01
CUST_003834,ryan_jacobsen@online.no,004797195549,2023-09-13,standard,churned,2025-06-11
CUST_003835,violettaylor@live.no,48177171,2024-06-01,standard,churned,2024-11-07
CUST_003836,lily_dahl@yahoo.com,93247004/,2024-10-13,premium,churned,2024-10-20
CUST_003837,greta.jackson@icloud.com,40731680,2024-03-01,standard,churned,2025-06-13
CUST_003838,owen77martinez@telia.no,+37191875990,2024-06-14,standard,active,2025-06-22
CUST_003839,gunnaranderson@me.com,44641188/43467006,2024-12-03,standard,churned,2025-05-29
CUST_003840,savannah.hagen@broadpark.no,08226,2025-01-18,basic,active,2025-06-26
CUST_003841,eleanorsorensen@icloud.com,41752400/,2025-01-09,standard,active,2025-06-27
CUST_003842,olav42thomas@hotmail.com,44127701/93387928,2024-08-25,premium,active,2025-06-29
CUST_003843,zoey.williams@telia.no,+184323760,2023-01-04,premium,active,2025-03-15
CUST_003844,aurorajensen@telenor.no,97222647,2024-10-27,basic,churned,2025-05-23
CUST_003845,harald81hagen@yahoo.com,42227561,2024-03-25,standard,churned,2025-04-05
CUST_003846,lily10thomas@fastmail.com,+4749818192,2024-07-25,premium,active,2025-04-18
CUST_003847,danielrodriguez@live.no,9397,2023-09-05,premium,churned,2025-06-28
CUST_003848,magnus30pettersen@telenor.no,+47 985 14 554,2023-09-04,premium,active,2025-03-29
CUST_003849,per77dahl@yahoo.com,+4792683233,2022-11-22,basic,churned,2025-04-30
CUST_003850,freya89lund@protonmail.com,+496531264,2024-06-23,standard,paused,2025-03-28
CUST_003851,helene46sorensen@online.no,97171591,2023-12-11,basic,active,2025-06-03
CUST_003852,elliejakobsen@yahoo.com,41 35 84 10,2023-10-29,basic,paused,2025-05-29
CUST_003853,isabella30andersen@fastmail.com,+4740220173,2022-12-20,standard,active,2025-05-08
CUST_003854,joshua51white@gmail.com,+1886399875,2023-01-10,standard,active,2025-05-09
CUST_003855,sigrid.thompson@protonmail.com,42984938,2023-06-02,standard,active,2025-06-08
CUST_003856,hazel17halvorsen@hotmail.com,98632013/,2023-10-13,premium,active,2024-10-12
CUST_003857,sebastian31eriksen@yahoo.com,41866411/,2024-06-27,premium,active,2025-01-16
CUST_003858,sven33white@telia.no,82690,2025-02-03,basic,active,2025-03-05
CUST_003859,emma21eriksen@yahoo.com,48884391,2024-09-19,basic,churned,2025-02-01
CUST_003860,olivia_halvorsen@hotmail.com,49044282,2024-08-25,standard,active,2024-12-25
CUST_003861,gunnar85pedersen@gmail.com,48212101,2022-12-13,premium,active,2025-06-25
CUST_003862,sophialee@telenor.no,90420977/,2023-07-02,standard,active,2025-06-11
CUST_003863,avalarsen@telenor.no,+4749422365,2023-09-28,basic,active,2024-12-13
CUST_003864,samuel_smith@me.com,+48094448317,2023-02-18,premium,paused,2025-05-26
CUST_003865,harald28davis@fastmail.com,46168763,2023-10-04,standard,active,2024-11-22
CUST_003866,michaelthomas@protonmail.com,98363917/41389881,2025-05-09,standard,active,2025-06-01
CUST_003867,harper_pettersen@telia.no,+33226410144,2023-01-13,basic,active,2025-06-26
CUST_003868,stella44sorensen@me.com,+47 906 12 517,2024-08-12,basic,active,2025-07-01
CUST_003869,mateo_dahl@hotmail.com,4643169646,2024-05-05,standard,active,2025-05-23
CUST_003870,bjornmartin@broadpark.no,4691176612,2024-07-30,premium,active,2025-01-22
CUST_003871,liv49davis@online.no,004799265902,2024-02-21,basic,churned,2024-08-13
CUST_003872,svendahl@live.no,4645457634,2024-07-22,standard,paused,2025-04-21
CUST_003873,daniel_olsen@gmail.com,+47 983 52 813,2024-04-03,premium,active,2025-06-15
CUST_003874,eleanor_moen@get.no,41 70 57 26,2023-08-11,standard,churned,2025-03-11
CUST_003875,sophia.karlsen@get.no,+4744330779,2023-06-25,premium,active,2025-06-29
CUST_003876,logan_halvorsen@fastmail.com,+4790995550,2023-02-26,standard,active,2024-12-02
CUST_003877,einar_kristiansen@gmail.com,94480667,2023-04-22,standard,active,2024-11-28
CUST_003878,jonas.martinez@me.com,+44737042141,2024-06-14,basic,churned,2024-07-06
CUST_003879,adrian.larsen@me.com,94506935/,2023-12-31,standard,active,2025-05-16
CUST_003880,erikkristiansen@yahoo.com,004743606203,2024-03-29,standard,active,2025-05-08
CUST_003881,ava5wilson@online.no,+4793668031,2024-05-04,premium,churned,2025-03-25
CUST_003882,christopherjackson@telenor.no,900-55-931,2024-01-29,basic,churned,2024-11-13
CUST_003883,lily.martinez@get.no,+37162255574,2023-05-07,basic,churned,2024-10-08
CUST_003884,jonas.olsen@broadpark.no,903-63-409,2023-12-16,premium,paused,2025-05-14
CUST_003885,isabella.moen@telenor.no,+4743634528,2025-03-08,premium,active,2025-06-06
CUST_003886,hildethompson@live.no,004798164946,2023-03-27,standard,active,2024-08-14
CUST_003887,amelia.jorgensen@fastmail.com,97 40 79 49,2024-12-15,premium,paused,2025-03-10
CUST_003888,helene.moore@gmail.com,+37124897147,2025-02-04,standard,churned,2025-05-12
CUST_003889,addison.olsen@me.com,49797647,2025-05-04,basic,paused,2025-05-24
CUST_003890,solveigjohansen@outlook.com,424-66-256,2022-08-16,standard,active,2025-05-25
CUST_003891,mia.gundersen@me.com,91422847,2024-07-26,premium,churned,2025-01-30
CUST_003892,laylagundersen@broadpark.no,2729,2024-12-17,basic,active,2025-06-30
CUST_003893,jacob.nilsen@yahoo.com,91 93 62 63,2024-12-19,basic,paused,2025-05-24
CUST_003894,ingrid4johannessen@live.no,48295219/48522293,2024-11-20,basic,active,2025-06-03
CUST_003895,isabella40pedersen@protonmail.com,90499883/,2025-01-02,premium,active,2025-06-25
CUST_003896,solveigolsen@protonmail.com,8788,2024-08-05,basic,active,2024-10-20
CUST_003897,kristian68pedersen@icloud.com,927-30-092,2025-02-03,premium,active,2025-02-23
CUST_003898,jonas_rodriguez@get.no,44011628,2023-02-23,basic,paused,2025-05-09
CUST_003899,mateo_olsen@fastmail.com,49750772,2025-01-07,standard,churned,2025-01-27
CUST_003900,aubreyanderson@gmail.com,953-40-026,2023-11-17,standard,active,2024-12-16
CUST_003901,violet59jensen@me.com,49 95 43 16,2024-12-16,basic,churned,2024-12-26
CUST_003902,ryan.white@get.no,99293004/99229468,2023-12-31,standard,churned,2025-05-10
CUST_003903,ethan48kristiansen@broadpark.no,41092073,2024-04-29,premium,active,2024-10-12
CUST_003904,andrew.thomas@fastmail.com,95729034/,2025-01-12,basic,churned,2025-01-21
CUST_003905,jaxon_sorensen@online.no,+33931215100,2024-01-14,premium,active,2025-05-09
CUST_003906,olavbrown@yahoo.com,91311035/47710912,2025-01-26,premium,active,2025-02-23
CUST_003907,ingridhaugen@broadpark.no,93845354/,2023-05-31,standard,active,2024-09-26
CUST_003908,chloe.eriksen@fastmail.com,47363757,2023-02-20,basic,churned,2025-06-23
CUST_003909,liv.jones@mail.com,4697833682,2024-05-18,basic,paused,2025-03-16
CUST_003910,arnedahl@live.no,95 31 00 26,2023-05-26,standard,churned,2024-10-26
CUST_003911,henry.smith@protonmail.com,004742552916,2024-06-24,premium,churned,2024-11-12
CUST_003912,christopherjohannessen@gmail.com,96849272/94528324,2025-03-11,basic,active,2025-06-23
CUST_003913,hilde.davis@fastmail.com,49439715,2022-10-28,basic,active,2025-05-06
CUST_003914,owenmiller@icloud.com,+484919283249,2024-06-10,basic,active,2025-06-22
CUST_003915,arne90gundersen@fastmail.com,44911699,2024-09-04,basic,paused,2025-05-04
CUST_003916,marit58garcia@me.com,497-46-793,2023-03-22,premium,active,2025-06-10
CUST_003917,berit_lee@fastmail.com,47900684,2023-01-19,standard,active,2025-05-14
CUST_003918,adrian47hagen@icloud.com,458-73-111,2023-05-20,standard,active,2025-05-28
CUST_003919,einarsorensen@online.no,943-13-281,2023-05-17,standard,active,2025-06-28
CUST_003920,thomas_williams@yahoo.com,+14072480187,2024-01-01,premium,churned,2025-04-30
CUST_003921,magnus.johansen@broadpark.no,47 71 15 27,2024-07-07,basic,active,2025-05-21
CUST_003922,isabellahagen@yahoo.com,93223628,2022-11-02,premium,paused,2025-03-29
CUST_003923,ingrid.overland@telenor.no,9671,2024-02-02,premium,active,2024-08-21
CUST_003924,mia52sorensen@yahoo.com,+47 441 68 265,2024-02-01,basic,active,2024-11-08
CUST_003925,aria18kristiansen@me.com,41519709,2023-06-21,premium,active,2024-11-07
CUST_003926,alexandergundersen@online.no,48426786/,2023-10-05,standard,churned,2025-03-29
CUST_003927,dylan.dahl@broadpark.no,46126873,2024-04-12,basic,active,2025-02-12
CUST_003928,freya.williams@online.no,4698927812,2023-11-14,premium,churned,2025-04-20
CUST_003929,tor76miller@outlook.com,4646864215,2025-01-14,premium,active,2025-01-21
CUST_003930,olav_martin@outlook.com,47756539/47673264,2022-09-02,basic,active,2024-09-09
CUST_003931,hazelberg@gmail.com,45279434,2025-02-25,standard,active,2025-03-27
CUST_003932,savannah34jakobsen@live.no,98605641/41066602,2024-01-09,standard,active,2025-03-21
CUST_003933,ethan46eriksen@get.no,41480681,2025-01-25,standard,churned,2025-04-17
CUST_003934,harald_halvorsen@telia.no,+880432260278,2024-08-03,standard,paused,2025-03-06
CUST_003935,henry8jacobsen@mail.com,4647594587,2023-06-16,basic,active,2025-06-16
CUST_003936,aurora.wilson@me.com,4696400674,2024-12-04,standard,active,2024-12-21
CUST_003937,freya.jensen@icloud.com,+484496392148,2023-08-08,standard,active,2025-04-11
CUST_003938,ryanjackson@fastmail.com,00222,2024-05-08,standard,paused,2025-05-08
CUST_003939,adrian21rodriguez@telenor.no,443-41-781,2023-06-15,standard,paused,2025-03-29
CUST_003940,elijah91jones@telenor.no,91 46 92 11,2023-06-16,basic,paused,2025-05-14
CUST_003941,bella47overland@me.com,004742287670,2023-11-21,basic,active,2024-12-15
CUST_003942,bella.sorensen@telenor.no,+4744080862,2023-10-24,standard,paused,2025-03-21
CUST_003943,arnehaugen@protonmail.com,+492125953,2023-01-19,basic,churned,2025-05-26
CUST_003944,ethan55johnsen@mail.com,406-85-660,2023-06-22,premium,churned,2025-06-12
CUST_003945,theodore.garcia@protonmail.com,41201502,2023-08-24,basic,active,2025-01-11
CUST_003946,nora60martin@yahoo.com,+3706468809049,2023-11-09,basic,active,2025-06-26
CUST_003947,ragnanilsen@get.no,004794137281,2024-12-05,basic,active,2025-06-27
CUST_003948,samuel_garcia@broadpark.no,980-29-554,2023-03-11,standard,paused,2025-04-20
CUST_003949,ragna82lee@me.com,46 57 00 56,2024-11-04,premium,active,2025-01-12
CUST_003950,penelope.karlsen@telenor.no,4641609629,2023-11-15,standard,paused,2025-05-21
CUST_003951,per.lee@telia.no,+4791510037,2024-08-13,premium,churned,2025-01-29
CUST_003952,michael54hansen@telenor.no,47757155,2023-08-20,standard,active,2025-05-04
CUST_003953,penelope37miller@telia.no,969-14-578,2023-08-11,premium,paused,2025-03-12
CUST_003954,solveigmartin@gmail.com,49599056,2025-04-03,basic,active,2025-04-14
CUST_003955,per.moore@protonmail.com,41530870,2024-08-25,basic,active,2025-03-11
CUST_003956,maverick86smith@live.no,90641080/40729967,2024-10-10,basic,paused,2025-04-25
CUST_003957,luke44lund@outlook.com,44349171,2023-12-02,basic,active,2025-01-18
CUST_003958,adrian_wilson@gmail.com,+446368539,2024-01-01,premium,active,2024-07-02
CUST_003959,layla_sorensen@fastmail.com,004741525641,2023-12-13,standard,active,2024-10-19
CUST_003960,jackjackson@hotmail.com,004746965148,2024-11-03,standard,active,2024-11-27
CUST_003961,luke_moen@me.com,49224117,2024-04-10,standard,active,2025-05-21
CUST_003962,savannah91hagen@outlook.com,6936,2025-05-04,premium,churned,2025-06-07
CUST_003963,helene.martinez@protonmail.com,+4740398688,2023-02-10,standard,active,2025-02-15
CUST_003964,nathan.nilsen@yahoo.com,+489642256,2024-09-14,premium,active,2025-06-25
CUST_003965,noah.eriksen@outlook.com,40327,2023-10-23,basic,active,2025-03-08
CUST_003966,norapettersen@yahoo.com,42719207/,2024-07-17,basic,paused,2025-06-18
CUST_003967,nathan_taylor@broadpark.no,98328453/,2024-03-11,premium,active,2025-06-21
CUST_003968,joshuagundersen@me.com,4640989368,2023-10-06,basic,active,2024-11-26
CUST_003969,masonhalvorsen@get.no,+332226492,2024-09-05,standard,active,2025-02-10
CUST_003970,calebwhite@telia.no,48934764,2023-01-02,standard,active,2025-05-03
CUST_003971,penelope_karlsen@mail.com,4697422671,2024-06-04,standard,active,2025-05-26
CUST_003972,ethan37jacobsen@protonmail.com,90553855,2024-06-21,standard,active,2025-06-20
CUST_003973,jonas.brown@telenor.no,+4797744995,2023-08-20,standard,active,2025-05-03
CUST_003974,magnus.thompson@me.com,6176,2024-11-04,basic,paused,2025-03-22
CUST_003975,kristian.overland@hotmail.com,+1281007498,2024-02-22,premium,churned,2025-03-29
CUST_003976,andrew.johannessen@broadpark.no,004748008666,2024-07-02,premium,active,2025-01-14
CUST_003977,layla_martinez@hotmail.com,43936469,2024-06-21,standard,paused,2025-05-23
CUST_003978,joshua_halvorsen@get.no,94888507,2023-04-09,basic,active,2024-08-02
CUST_003979,logan.moen@yahoo.com,+47 926 92 523,2023-03-09,basic,churned,2024-09-07
CUST_003980,thomaskarlsen@online.no,07588,2024-10-18,basic,churned,2025-05-23
CUST_003981,theodore_jorgensen@telenor.no,98587873,2024-08-03,standard,active,2024-09-02
CUST_003982,liv.jakobsen@online.no,+3703671999,2024-08-17,standard,paused,2025-05-15
CUST_003983,avapedersen@yahoo.com,+47 423 94 970,2023-03-05,basic,active,2025-06-25
CUST_003984,michaelsorensen@yahoo.com,+484599418836,2024-03-15,premium,active,2025-06-22
CUST_003985,gunnar3eriksen@yahoo.com,94481755/,2022-12-27,standard,paused,2025-06-02
CUST_003986,astridandersen@telia.no,45 00 30 89,2023-11-13,standard,active,2024-09-20
CUST_003987,sophia61thomas@yahoo.com,43215836,2024-09-14,basic,paused,2025-03-13
CUST_003988,lars45jensen@broadpark.no,+47 936 04 898,2024-03-12,basic,active,2025-05-13
CUST_003989,toranderson@outlook.com,90947188,2024-03-14,premium,paused,2025-05-13
CUST_003990,freyamartinez@telia.no,41914296,2024-04-26,basic,paused,2025-06-30
CUST_003991,christopher71johannessen@live.no,4648646107,2024-02-22,premium,active,2025-05-20
CUST_003992,violet.rodriguez@icloud.com,+47 955 89 882,2024-09-06,premium,active,2024-09-17
CUST_003993,maverick.olsen@icloud.com,004748562333,2024-03-04,premium,active,2025-06-25
CUST_003994,adrian.pettersen@telenor.no,+4792470941,2023-10-13,standard,active,2025-06-14
CUST_003995,savannah_dahl@protonmail.com,40359205/,2023-03-30,premium,active,2025-05-11
CUST_003996,tor_jensen@mail.com,403-07-837,2025-01-16,premium,active,2025-04-14
CUST_003997,per94rodriguez@icloud.com,45798123,2024-09-27,basic,paused,2025-05-09
CUST_003998,noah_eriksen@gmail.com,+49308040276,2025-01-09,standard,churned,2025-02-07
CUST_003999,theodore_davis@hotmail.com,+4795422317,2023-11-19,standard,active,2024-11-18
CUST_004000,amelia21martin@icloud.com,965-70-762,2025-01-14,basic,active,2025-01-31
CUST_004001,lucastaylor@yahoo.com,40611410,2023-09-24,standard,active,2025-03-20
CUST_004002,audreypettersen@gmail.com,65370,2024-01-01,basic,paused,2025-04-27
CUST_004003,bjorn_smith@telenor.no,34251,2024-03-27,basic,active,2025-02-27
CUST_004004,bella.pedersen@telia.no,95 24 89 93,2023-06-01,premium,churned,2024-12-19
CUST_004005,liam.thompson@outlook.com,44112126/40906102,2023-10-13,premium,active,2024-10-26
CUST_004006,thomas61jackson@telenor.no,43493163/44835574,2024-02-04,standard,active,2024-10-18
CUST_004007,savannah.pedersen@online.no,96 48 96 43,2024-10-25,premium,active,2024-11-13
CUST_004008,aiden.nilsen@me.com,90 99 32 63,2024-08-16,basic,churned,2025-06-11
CUST_004009,oliviajacobsen@broadpark.no,45217381,2025-02-05,premium,churned,2025-02-19
CUST_004010,hilde_berg@get.no,004791525899,2022-09-28,premium,paused,2025-04-02
CUST_004011,anthony.white@online.no,+4746972818,2023-08-31,standard,active,2025-04-28
CUST_004012,violet_hagen@me.com,48573469,2022-12-08,premium,churned,2024-08-23
CUST_004013,ragna88overland@protonmail.com,45422709,2022-12-28,premium,active,2025-03-03
CUST_004014,violet.anderson@me.com,93688908,2024-02-04,basic,active,2025-01-06
CUST_004015,arne_thompson@hotmail.com,48776712,2023-05-15,standard,active,2025-01-29
CUST_004016,mason.andersen@protonmail.com,42707366/,2024-10-05,standard,churned,2025-01-15
CUST_004017,adrian36jensen@icloud.com,97450716,2024-10-31,premium,active,2025-04-15
CUST_004018,joshuataylor@protonmail.com,95 76 81 12,2023-06-27,basic,active,2025-03-10
CUST_004019,dylan_taylor@protonmail.com,90743938,2024-04-19,premium,active,2025-06-24
CUST_004020,erik_halvorsen@telenor.no,+4799242384,2024-08-17,basic,active,2025-05-14
CUST_004021,olav96hansen@outlook.com,46378118,2024-05-06,premium,active,2025-05-11
CUST_004022,torjackson@mail.com,03840,2023-05-23,standard,churned,2025-03-30
CUST_004023,nora_martinez@get.no,9509,2024-05-16,basic,active,2025-05-29
CUST_004024,lily_johansen@telia.no,43337873/45805829,2023-12-28,standard,churned,2024-10-11
CUST_004025,sigridlee@broadpark.no,45951556/94642273,2025-02-03,standard,active,2025-02-24
CUST_004026,ava68andreassen@me.com,92804891,2024-01-15,premium,active,2025-03-07
CUST_004027,leah82berg@hotmail.com,+47 480 47 013,2023-06-25,basic,active,2024-12-31
CUST_004028,lily.davis@outlook.com,4699970579,2023-04-18,premium,active,2025-06-11
CUST_004029,olivia_williams@gmail.com,+47 436 22 557,2024-03-12,basic,churned,2025-06-12
CUST_004030,harper_jensen@outlook.com,4699186607,2025-04-11,basic,active,2025-04-23
CUST_004031,beritjohannessen@outlook.com,4695369810,2022-11-30,standard,active,2025-05-01
CUST_004032,elliehaugen@icloud.com,43081079/,2024-01-30,basic,active,2025-03-12
CUST_004033,andrew.andersen@mail.com,+47 467 45 339,2024-06-07,standard,paused,2025-04-19
CUST_004034,olav.miller@outlook.com,+4826386171,2024-06-04,basic,active,2025-05-27
CUST_004035,lincoln.nilsen@me.com,92450357,2023-02-07,standard,active,2025-03-24
CUST_004036,chloe_andersen@me.com,+8805799798,2024-07-17,basic,active,2025-06-07
CUST_004037,savannah.jackson@telenor.no,94655065,2023-09-10,basic,active,2025-05-07
CUST_004038,emma69johansen@live.no,22470,2024-08-10,standard,active,2025-04-26
CUST_004039,mason_eriksen@live.no,004790893200,2024-03-07,premium,paused,2025-04-22
CUST_004040,tor.iversen@protonmail.com,42694464/,2024-09-06,basic,active,2025-06-20
CUST_004041,jacob63johansen@telenor.no,+108927997,2024-01-07,basic,churned,2025-04-20
CUST_004042,norabrown@gmail.com,98901750,2024-12-15,standard,active,2025-03-06
CUST_004043,aubrey.olsen@hotmail.com,457-36-640,2023-11-28,premium,paused,2025-05-09
CUST_004044,einar.hansen@outlook.com,49081970,2023-11-27,standard,active,2025-02-12
CUST_004045,addison.jacobsen@mail.com,90372193/44180848,2024-11-10,premium,active,2025-06-20
CUST_004046,arne.jacobsen@live.no,63439,2023-05-07,standard,active,2025-05-08
CUST_004047,aubrey.jensen@mail.com,97 43 29 95,2023-01-02,standard,active,2025-04-02
CUST_004048,lincoln4haugen@protonmail.com,91 39 07 44,2024-08-18,standard,churned,2025-04-01
CUST_004049,henry.thompson@yahoo.com,02600,2023-12-24,basic,active,2024-12-04
CUST_004050,noahthompson@mail.com,46977753,2023-04-20,basic,churned,2025-04-07
CUST_004051,jonas27smith@online.no,4692178572,2023-06-04,standard,paused,2025-04-07
CUST_004052,olivia_martin@icloud.com,474-23-808,2024-05-03,basic,churned,2024-07-09
CUST_004053,sophia.miller@fastmail.com,+47 955 27 537,2023-06-02,basic,active,2025-07-01
CUST_004054,chloe29lee@hotmail.com,7703,2023-01-27,premium,active,2025-06-21
CUST_004055,rileymoore@telia.no,43657168/,2024-03-12,standard,active,2025-06-13
CUST_004056,astrid.johansen@outlook.com,95405744/90381717,2023-07-21,standard,active,2025-06-19
CUST_004057,berit_smith@telenor.no,93373623,2025-03-19,standard,paused,2025-05-06
CUST_004058,anthony.karlsen@fastmail.com,4692669318,2023-10-21,standard,paused,2025-05-19
CUST_004059,chloe13jackson@telia.no,93956394,2023-02-04,standard,churned,2025-06-14
CUST_004060,nora.berg@get.no,44269263/,2023-05-13,basic,active,2025-02-20
CUST_004061,layla.hansen@icloud.com,95 89 60 19,2024-09-02,standard,churned,2025-01-06
CUST_004062,claire41sorensen@online.no,473-45-710,2024-04-16,standard,churned,2025-05-17
CUST_004063,dylanolsen@yahoo.com,+47 423 14 642,2025-02-11,basic,active,2025-03-05
CUST_004064,kristian97gundersen@live.no,43 43 44 77,2023-07-01,standard,paused,2025-06-10
CUST_004065,aiden90jakobsen@get.no,478-61-204,2022-12-31,premium,churned,2024-09-05
CUST_004066,maverick.martin@telia.no,004790692519,2023-02-11,basic,active,2025-02-07
CUST_004067,isaac_gundersen@protonmail.com,+47 436 24 804,2024-05-04,standard,churned,2025-06-06
CUST_004068,einar.hagen@telenor.no,98626314,2023-03-22,basic,active,2025-06-28
CUST_004069,livrodriguez@online.no,91201190,2024-06-01,standard,active,2024-08-16
CUST_004070,lillian31pettersen@telia.no,97384,2025-04-25,standard,active,2025-06-18
CUST_004071,lucas.lund@mail.com,90766786,2023-11-02,basic,churned,2024-09-19
CUST_004072,nathan_lund@hotmail.com,+47 431 07 476,2025-03-19,basic,active,2025-06-24
CUST_004073,hazeloverland@hotmail.com,+4749641441,2024-10-15,premium,active,2024-11-08
CUST_004074,claire_hansen@yahoo.com,45251209,2024-03-05,standard,active,2025-01-03
CUST_004075,harald.jakobsen@online.no,97587012,2023-08-18,standard,active,2024-12-25
CUST_004076,penelope16andreassen@outlook.com,+4791010830,2024-12-07,basic,active,2025-05-20
CUST_004077,einarjohansen@gmail.com,488-63-841,2024-01-17,standard,active,2025-01-19
CUST_004078,alexander34rodriguez@icloud.com,004799057923,2024-10-13,premium,active,2025-05-12
CUST_004079,dylansmith@live.no,+4743562419,2024-06-23,standard,paused,2025-04-21
CUST_004080,anthony_hagen@outlook.com,+47 998 56 879,2024-06-02,premium,active,2025-05-19
CUST_004081,livrodriguez@get.no,485-96-652,2024-11-23,standard,active,2025-02-24
CUST_004082,auroragarcia@mail.com,41051184/46410220,2024-06-12,basic,active,2025-02-10
CUST_004083,aurora.white@broadpark.no,4645262738,2024-10-04,standard,active,2024-11-02
CUST_004084,violetolsen@live.no,47926119,2023-01-14,standard,paused,2025-06-24
CUST_004085,magnus.jorgensen@fastmail.com,73654,2023-10-17,basic,active,2024-11-09
CUST_004086,ethan_andersen@outlook.com,47221631,2024-04-01,premium,paused,2025-04-12
CUST_004087,charlotte_martinez@telenor.no,+154692326,2023-08-25,standard,active,2025-04-13
CUST_004088,ingrid96martin@telenor.no,490-74-266,2024-09-17,standard,churned,2025-01-03
CUST_004089,evelyn.brown@fastmail.com,47060931,2024-07-27,standard,paused,2025-05-31
CUST_004090,liv_;hagen@live.no,+4748945497,2024-06-20,basic,paused,2025-03-23
CUST_004091,torhenriksen@yahoo.com,92506713/42370903,2024-12-06,basic,active,2025-03-26
CUST_004092,aiden.rodriguez@gmail.com,43 95 83 32,2023-07-24,standard,active,2025-06-18
CUST_004093,helene.hansen@outlook.com,98936459/43006799,2025-01-14,basic,active,2025-02-13
CUST_004094,elijah4sorensen@telia.no,91 21 74 72,2022-08-13,standard,active,2025-05-29
CUST_004095,ava70gundersen@broadpark.no,+47 475 38 668,2024-01-22,standard,paused,2025-06-24
CUST_004096,hazelberg@mail.com,+137995342,2023-11-20,basic,active,2024-09-21
CUST_004097,audreyjohansen@online.no,5303,2024-05-25,basic,active,2025-02-11
CUST_004098,joshuawilson@fastmail.com,40199500,2024-01-01,standard,paused,2025-05-02
CUST_004099,daniel_jakobsen@icloud.com,+47 467 52 059,2024-08-21,premium,paused,2025-03-16
CUST_004100,addison48johannessen@outlook.com,4643974247,2022-09-16,basic,churned,2025-04-17
CUST_004101,charlottemartinez@mail.com,94651984/,2024-05-10,standard,active,2025-06-10
CUST_004102,natalie_johansen@me.com,+4863528828,2025-04-23,premium,churned,2025-06-04
CUST_004103,charlotte.dahl@hotmail.com,+3714269808,2024-04-07,basic,active,2025-06-01
CUST_004104,stella1johnson@telia.no,+467888816,2023-12-16,standard,active,2024-07-30
CUST_004105,theodore_smith@icloud.com,43844461,2024-12-19,standard,paused,2025-03-26
CUST_004106,lilliandahl@telenor.no,4691170494,2023-12-18,basic,churned,2024-09-28
CUST_004107,penelopesorensen@outlook.com,41321816,2023-08-03,basic,active,2025-06-26
CUST_004108,natalie8nilsen@gmail.com,90768516,2023-05-12,basic,paused,2025-03-10
CUST_004109,lucasanderson@mail.com,45844512,2024-03-23,basic,churned,2025-01-21
CUST_004110,lars.johannessen@me.com,96497248,2023-09-25,basic,active,2025-02-28
CUST_004111,hannah.moore@broadpark.no,58238,2024-03-03,standard,churned,2025-04-17
CUST_004112,norasorensen@get.no,492-47-680,2024-04-11,standard,churned,2024-08-19
CUST_004113,andrew.wilson@outlook.com,96 36 76 21,2024-09-08,standard,active,2024-11-26
CUST_004114,helenejacobsen@mail.com,004792724557,2024-05-30,premium,churned,2024-07-21
CUST_004115,lillianandersen@outlook.com,43363996/41447159,2024-02-05,standard,churned,2025-02-23
CUST_004116,kristianjohannessen@fastmail.com,99 61 40 97,2024-04-22,basic,active,2025-04-19
CUST_004117,evelynsorensen@icloud.com,+4792932276,2024-01-27,standard,active,2025-06-26
CUST_004118,violet66pettersen@outlook.com,004793261691,2024-04-13,basic,churned,2024-11-11
CUST_004119,aubrey22anderson@yahoo.com,4648055470,2025-01-29,standard,paused,2025-04-21
CUST_004120,lincoln.johnson@hotmail.com,+334097628271,2023-03-03,basic,paused,2025-03-22
CUST_004121,einar97garcia@yahoo.com,+4740968725,2023-01-08,basic,active,2024-08-29
CUST_004122,berit.lee@icloud.com,404-32-812,2022-07-28,standard,active,2025-06-19
CUST_004123,violet_thompson@online.no,+4842758140,2023-11-09,standard,active,2025-02-22
CUST_004124,liammartin@fastmail.com,+4746470594,2024-02-21,standard,active,2025-04-08
CUST_004125,sven_andreassen@gmail.com,95688932,2024-11-05,standard,active,2024-12-11
CUST_004126,ava.garcia@yahoo.com,90334977/,2024-06-16,premium,churned,2024-11-27
CUST_004127,jack_sorensen@online.no,95 49 08 67,2023-12-25,standard,active,2025-05-16
CUST_004128,freya.karlsen@me.com,4649676475,2023-11-30,premium,active,2025-05-26
CUST_004129,stella_sorensen@hotmail.com,42706977/97308429,2023-08-21,standard,active,2024-09-12
CUST_004130,ava28wilson@yahoo.com,40463632/41546121,2024-08-14,premium,active,2025-05-08
CUST_004131,henry82jones@telia.no,+37165118580,2023-06-24,basic,active,2025-06-12
CUST_004132,dylan_wilson@me.com,49612492,2025-01-21,basic,churned,2025-02-20
CUST_004133,aiden93jorgensen@get.no,7380,2024-12-07,premium,active,2025-01-14
CUST_004134,elliemoen@hotmail.com,90 53 60 65,2024-05-11,basic,paused,2025-05-21
CUST_004135,samuelwilson@gmail.com,+4634671844,2024-05-14,premium,active,2025-06-09
CUST_004136,christopher4dahl@hotmail.com,974-00-184,2024-04-16,premium,churned,2024-09-17
CUST_004137,ingridrodriguez@mail.com,+4799607124,2023-04-08,basic,churned,2024-08-02
CUST_004138,stella.lund@get.no,3881,2023-07-31,basic,churned,2024-08-12
CUST_004139,alexanderlarsen@fastmail.com,+447975221,2024-04-21,basic,active,2024-08-29
CUST_004140,hazel.dahl@,40163684/,2024-11-16,standard,active,2025-05-21
CUST_004141,isabella.garcia@mail.com,+4795965727,2024-10-31,standard,churned,2025-04-28
CUST_004142,norataylor@outlook.com,+47 923 80 267,2025-01-26,premium,active,2025-02-19
CUST_004143,leah.overland@telia.no,4694181460,2024-08-14,premium,paused,2025-04-19
CUST_004144,ingrid_pedersen@yahoo.com,422-80-297,2024-01-17,standard,active,2025-06-28
CUST_004145,gunnar.dahl@online.no,97386675/,2025-01-14,standard,active,2025-05-20
CUST_004146,gabriel_overland@gmail.com,+47 999 14 383,2024-01-06,standard,paused,2025-05-22
CUST_004147,emma.henriksen@fastmail.com,43601467/45118888,2023-04-21,basic,churned,2025-06-11
CUST_004148,hilde.johnsen@icloud.com,+4790437455,2024-04-25,standard,active,2025-05-12
CUST_004149,hannah_johansen@broadpark.no,+47 984 82 775,2024-01-23,standard,churned,2025-06-10
CUST_004150,jaxon.thomas@fastmail.com,44675957/,2023-07-01,premium,active,2025-06-02
CUST_004151,aurora.kristiansen@fastmail.com,45170871/,2024-05-14,basic,churned,2025-02-05
CUST_004152,jaxon88larsen@hotmail.com,435-24-281,2024-05-08,basic,active,2025-05-04
CUST_004153,ragnajones@icloud.com,004747244753,2023-08-14,premium,churned,2025-01-24
CUST_004154,solveig_olsen@outlook.com,43792599/,2024-06-04,standard,paused,2025-05-21
CUST_004155,liam.sorensen@live.no,95586511,2024-06-23,basic,active,2025-03-17
CUST_004156,isaac.garcia@outlook.com,+463600843,2024-02-28,basic,paused,2025-05-08
CUST_004157,owen_martin@telenor.no,+47 436 91 099,2023-10-14,standard,churned,2025-01-06
CUST_004158,mia_miller@outlook.com,+8804721535,2024-04-11,premium,active,2025-06-22
CUST_004159,layla.henriksen@broadpark.no,+47 420 05 550,2023-12-11,basic,paused,2025-04-23
CUST_004160,christopher.brown@telenor.no,+44433492321,2023-03-08,premium,active,2025-06-17
CUST_004161,evelyn_henriksen@broadpark.no,+4743613227,2023-04-20,premium,churned,2025-05-30
CUST_004162,eriktaylor@get.no,004793098110,2023-06-25,standard,churned,2025-03-27
CUST_004163,per54garcia@online.no,+47 953 34 335,2023-11-21,standard,churned,2025-05-04
CUST_004164,elijah.white@outlook.com,43361363/95060503,2024-08-22,premium,active,2025-06-19
CUST_004165,amelia94jakobsen@hotmail.com,95736253/43426027,2023-06-30,basic,active,2024-07-29
CUST_004166,magnus_jensen@fastmail.com,+3715110293940,2024-02-05,standard,active,2025-03-10
CUST_004167,jaxon46garcia@telenor.no,004799817130,2024-09-04,premium,active,2025-03-25
CUST_004168,chloe_martin@yahoo.com,93321330/40429560,2024-09-27,premium,active,2025-05-05
CUST_004169,emma65davis@protonmail.com,+88055693186,2025-05-04,premium,active,2025-05-08
CUST_004170,amelia68andreassen@hotmail.com,004793730535,2024-01-07,basic,churned,2025-03-26
CUST_004171,ava63lee@telenor.no,74881,2024-08-29,standard,active,2025-04-14
CUST_004172,liam47haugen@online.no,91431401/,2024-08-27,standard,churned,2024-10-26
CUST_004173,aria_martinez@protonmail.com,4691894284,2025-04-18,standard,paused,2025-05-12
CUST_004174,gunnarwhite@mail.com,480-28-521,2024-10-25,basic,active,2025-02-09
CUST_004175,loganjakobsen@icloud.com,4645596487,2023-07-09,basic,active,2025-06-23
CUST_004176,jaxonhansen@hotmail.com,4648888423,2023-11-29,standard,churned,2025-06-14
CUST_004177,per.andersen@live.no,435-63-622,2024-08-05,basic,active,2025-05-21
CUST_004178,addisonhalvorsen@live.no,+464847927059,2024-01-19,basic,active,2025-06-24
CUST_004179,riley.jorgensen@hotmail.com,947-06-740,2024-01-12,basic,paused,2025-06-11
CUST_004180,gabriel82johansen@yahoo.com,+3702325869,2024-01-03,premium,churned,2025-03-02
CUST_004181,mateojones@fastmail.com,98946541/42422960,2024-05-10,premium,active,2025-05-13
CUST_004182,henry_martin@outlook.com,4692186678,2023-06-14,basic,churned,2024-07-29
CUST_004183,dylan59gundersen@get.no,4699486378,2024-04-11,premium,churned,2024-10-13
CUST_004184,olav.martin@online.no,33787,2024-08-10,standard,active,2024-09-11
CUST_004185,greta.berg@yahoo.com,+4791593640,2024-04-04,standard,active,2025-06-20
CUST_004186,kari_pettersen@telia.no,4647495962,2023-09-30,basic,active,2025-06-08
CUST_004187,ryan.henriksen@telenor.no,4643141421,2023-07-25,standard,active,2025-01-14
CUST_004188,nora.white@protonmail.com,004744382500,2024-03-07,premium,active,2025-06-15
CUST_004189,aubreyandersen@gmail.com,4645949283,2024-07-29,basic,active,2025-05-26
CUST_004190,jacob.iversen@gmail.com,+47 914 97 642,2024-08-29,premium,active,2024-09-06
CUST_004191,zoeywhite@mail.com,43417792,2023-09-10,premium,active,2025-06-24
CUST_004192,lucasolsen@protonmail.com,90 90 12 71,2024-04-05,basic,churned,2024-11-06
CUST_004193,oliviajohnsen@online.no,+4745211997,2024-11-19,standard,active,2025-05-26
CUST_004194,erikjakobsen@get.no,468-86-465,2023-12-15,basic,paused,2025-05-21
CUST_004195,stella1miller@live.no,93674928,2023-12-28,basic,churned,2024-08-05
CUST_004196,mason_thompson@outlook.com,4693543133,2023-01-20,basic,paused,2025-06-13
CUST_004197,tor7johnson@get.no,4695478399,2023-06-27,basic,churned,2025-02-16
CUST_004198,olivia_hagen@gmail.com,+4799916185,2023-10-21,basic,churned,2024-08-21
CUST_004199,sophiawhite@live.no,40577614,2022-12-24,standard,churned,2024-09-14
CUST_004200,olivia_olsen@protonmail.com,93574088/91744441,2024-08-22,premium,churned,2025-01-26
CUST_004201,lillian_jones@telia.no,6177,2024-01-06,standard,churned,2025-06-05
CUST_004202,bella.moore@outlook.com,410-59-507,2023-08-24,basic,active,2025-06-21
CUST_004203,samuel65williams@live.no,99073382,2023-08-06,basic,churned,2025-06-26
CUST_004204,lars_nilsen@outlook.com,98509894,2024-04-17,basic,churned,2024-12-11
CUST_004205,bjorn33sorensen@fastmail.com,46109603/,2023-04-17,standard,paused,2025-06-12
CUST_004206,gunnar_karlsen@telia.no,45375572,2024-04-15,basic,active,2025-05-08
CUST_004207,lillian9johansen@telia.no,46965776,2024-04-02,premium,paused,2025-03-10
CUST_004208,jaxon65jones@fastmail.com,40848397,2024-11-12,basic,active,2024-11-23
CUST_004209,lars66henriksen@live.no,94 89 36 70,2024-05-05,basic,churned,2024-07-23
CUST_004210,andrew.hansen@gmail.com,31500,2023-09-20,premium,churned,2025-04-07
CUST_004211,penelopedahl@get.no,+48376018325,2024-04-08,standard,churned,2024-09-18
CUST_004212,astrid_lund@get.no,+3459904019,2023-02-23,standard,active,2025-06-20
CUST_004213,harald_williams@get.no,4644457434,2023-12-13,standard,churned,2025-06-22
CUST_004214,ariakarlsen@broadpark.no,48210628,2024-06-03,standard,active,2025-06-21
CUST_004215,elijah_olsen@get.no,41 32 57 04,2024-07-26,basic,active,2025-06-08
CUST_004216,ryan_thompson@hotmail.com,98 88 55 73,2024-01-22,basic,churned,2025-01-06
CUST_004217,jonasjakobsen@gmail.com,42 62 59 91,2024-08-08,premium,paused,2025-03-17
CUST_004218,zoeywhite@protonmail.com,96917207/,2025-01-22,standard,paused,2025-04-30
CUST_004219,lars_garcia@mail.com,+47 463 01 527,2023-03-17,basic,active,2025-01-31
CUST_004220,mateopedersen@outlook.com,004798905291,2024-02-26,basic,active,2025-06-22
CUST_004221,olivialarsen@mail.com,3022,2023-05-27,basic,active,2024-11-01
CUST_004222,karilund@icloud.com,+370060933719,2024-03-01,standard,churned,2025-02-25
CUST_004223,olivia.jensen@get.no,4696548193,2024-10-09,basic,active,2024-12-16
CUST_004224,andrew.johnsen@telia.no,47798795,2025-03-27,basic,active,2025-07-01
CUST_004225,anthony.pettersen@yahoo.com,97591748,2023-12-17,basic,churned,2024-12-22
CUST_004226,sigridhaugen@live.no,+449652739831,2023-10-09,basic,paused,2025-03-15
CUST_004227,dylan_davis@broadpark.no,90162444,2024-06-24,standard,churned,2025-02-19
CUST_004228,jackjohnson@gmail.com,99785315,2023-10-23,basic,churned,2024-11-04
CUST_004229,zoey.miller@hotmail.com,46545948/,2025-03-21,basic,active,2025-04-01
CUST_004230,hildethompson@online.no,90725093/43020682,2023-08-08,basic,active,2025-05-16
CUST_004231,eleanor.henriksen@me.com,+4799785752,2023-06-25,basic,active,2024-09-28
CUST_004232,isabella_olsen@hotmail.com,48620502,2024-06-09,standard,active,2025-06-14
CUST_004233,sigrid76thompson@telia.no,92649770,2024-04-09,basic,active,2025-03-15
CUST_004234,chloeandersen@protonmail.com,94216919,2023-05-06,premium,churned,2025-04-20
CUST_004235,hannah.kristiansen@telia.no,004794906547,2024-03-08,basic,churned,2025-06-24
CUST_004236,erik67martinez@broadpark.no,49890,2025-04-14,basic,churned,2025-06-27
CUST_004237,penelope48kristiansen@protonmail.com,+47 952 16 359,2023-08-06,basic,churned,2025-05-27
CUST_004238,hannah4white@protonmail.com,947-88-915,2023-08-13,premium,active,2024-08-30
CUST_004239,ellie.taylor@fastmail.com,004745807422,2024-11-27,basic,paused,2025-06-07
CUST_004240,aurora.lee@hotmail.com,44523232,2023-09-12,basic,paused,2025-05-26
CUST_004241,jacobwilson@fastmail.com,30718,2024-07-17,standard,active,2025-06-28
CUST_004242,arnehenriksen@outlook.com,43331393/,2023-04-30,premium,active,2025-02-02
CUST_004243,aurora.karlsen@get.no,+4686582630,2023-08-18,premium,active,2025-06-23
CUST_004244,lucas_eriksen@gmail.com,99426340/94755156,2024-01-03,basic,active,2025-05-10
CUST_004245,ingrid.andersen@get.no,49191770,2024-12-31,premium,churned,2025-04-30
CUST_004246,jaxon15anderson@me.com,96785876/,2024-05-02,basic,active,2024-08-30
CUST_004247,arnelee@get.no,004745657437,2023-04-22,standard,churned,2024-11-03
CUST_004248,bella.andersen@hotmail.com,41295584/95735264,2025-03-01,standard,active,2025-03-28
CUST_004249,kristian.pedersen@hotmail.com,004795274045,2024-05-05,standard,active,2025-06-13
CUST_004250,jonas_pettersen@telenor.no,46512947/49926337,2025-03-05,premium,active,2025-04-17
CUST_004251,mia.berg@mail.com,+3451187422,2024-08-25,standard,active,2025-06-12
CUST_004252,sven22thompson@hotmail.com,90 34 09 71,2023-10-10,standard,active,2025-01-17
CUST_004253,bella30halvorsen@icloud.com,94818731,2024-04-07,standard,paused,2025-05-22
CUST_004254,jacobdavis@online.no,96851926,2025-01-16,premium,paused,2025-03-25
CUST_004255,andrew_taylor@broadpark.no,+47 929 00 391,2024-05-28,basic,active,2025-06-30
CUST_004256,alexandernilsen@online.no,97873748,2025-02-07,basic,active,2025-02-18
CUST_004257,elijah31johnson@fastmail.com,81077,2024-11-29,standard,churned,2024-12-21
CUST_004258,harald88johannessen@outlook.com,464-85-888,2023-12-10,premium,active,2025-02-06
CUST_004259,jacobjacobsen@protonmail.com,4694538684,2024-07-10,basic,active,2025-01-09
CUST_004260,chloe54johnson@fastmail.com,+47 415 52 541,2023-11-08,standard,active,2025-06-12
CUST_004261,isabella.karlsen@live.no,98506345/96977104,2024-06-11,standard,churned,2024-12-30
CUST_004262,joshua_moore@hotmail.com,004743592887,2025-04-19,basic,active,2025-05-26
CUST_004263,isabella24berg@live.no,98618211,2023-12-30,basic,paused,2025-04-22
CUST_004264,lilymartin@broadpark.no,91547121,2023-09-06,standard,active,2024-09-29
CUST_004265,violet_wilson@hotmail.com,46119368,2024-01-11,basic,churned,2024-08-05
CUST_004266,eleanor_white@broadpark.no,4643523584,2023-11-18,premium,active,2025-05-13
CUST_004267,jackthomas@telia.no,474-91-698,2023-06-14,standard,active,2025-03-08
CUST_004268,alexander78eriksen@me.com,25846,2024-06-07,premium,churned,2025-05-31
CUST_004269,luke58smith@outlook.com,93849940/97727972,2024-03-18,premium,active,2024-09-07
CUST_004270,harald.andersen@icloud.com,+493618857524,2023-04-30,basic,active,2024-10-20
CUST_004271,daniel.anderson@gmail.com,48295485,2024-11-09,premium,active,2025-06-10
CUST_004272,liv40halvorsen@telenor.no,+4743817984,2024-10-29,standard,churned,2025-02-10
CUST_004273,jaxon.overland@gmail.com,4693370193,2024-06-05,premium,paused,2025-03-29
CUST_004274,helene89brown@me.com,4691436462,2024-02-09,premium,paused,2025-04-19
CUST_004275,lucaslund@icloud.com,49092671,2024-09-29,standard,churned,2024-11-13
CUST_004276,liam64jacobsen@me.com,00797,2023-10-30,basic,churned,2024-08-04
CUST_004277,joshua98brown@protonmail.com,004799255933,2024-08-15,standard,active,2025-03-24
CUST_004278,zoe_jones@gmail.com,49764653,2025-01-13,premium,churned,2025-02-11
CUST_004279,helene_henriksen@telenor.no,+37043703752,2024-05-28,premium,active,2025-03-02
CUST_004280,andrew9haugen@telenor.no,+3376616398,2024-07-30,basic,active,2024-11-25
CUST_004281,berit.white@yahoo.com,97481532,2024-07-14,premium,active,2024-11-05
CUST_004282,magnus.williams@outlook.com,95420609/49600789,2023-09-27,standard,paused,2025-03-26
CUST_004283,jack1henriksen@me.com,97238207,2024-06-20,basic,active,2025-02-20
CUST_004284,joshua76henriksen@online.no,4640320224,2025-05-22,standard,active,2025-05-31
CUST_004285,lillianmartinez@get.no,0940,2022-10-23,basic,active,2025-06-18
CUST_004286,eleanorandersen@outlook.com,93606340/91300572,2024-08-28,standard,active,2025-05-20
CUST_004287,sigrid_kristiansen@broadpark.no,+4746716299,2024-05-15,premium,paused,2025-04-22
CUST_004288,miathomas@online.no,44423352/45602324,2023-05-05,standard,active,2024-08-21
CUST_004289,maverick.miller@yahoo.com,95137035/99780878,2023-12-25,basic,active,2024-08-24
CUST_004290,thomas_smith@telenor.no,46939499/,2023-12-02,standard,active,2025-06-29
CUST_004291,sophia_berg@fastmail.com,44811468,2023-12-26,basic,churned,2024-12-07
CUST_004292,owen68andersen@hotmail.com,+4799235249,2024-09-22,premium,active,2025-06-27
CUST_004293,charlotteoverland@live.no,4640301640,2023-10-02,basic,active,2024-07-18
CUST_004294,anthony.jensen@outlook.com,443-89-114,2023-12-15,basic,active,2025-06-29
CUST_004295,emmasorensen@yahoo.com,90166415,2023-07-15,basic,churned,2024-07-23
CUST_004296,hilde.henriksen@live.no,44315329,2024-09-04,basic,active,2025-05-10
CUST_004297,jacob_lee@broadpark.no,6247,2024-12-06,premium,paused,2025-03-28
CUST_004298,aidenmiller@outlook.com,97308724,2023-05-11,basic,active,2025-02-24
CUST_004299,anne_olsen@gmail.com,+447277532,2024-02-02,basic,active,2024-10-11
CUST_004300,hildehenriksen@live.no,99300159,2025-06-04,standard,active,2025-06-18
CUST_004301,sophia_davis@yahoo.com,0906,2024-05-08,standard,churned,2025-05-26
CUST_004302,berit3martinez@icloud.com,946-51-571,2024-04-03,standard,active,2025-06-14
CUST_004303,liam_jensen@broadpark.no,7429,2023-11-21,basic,churned,2025-04-30
CUST_004304,ingrid.taylor@icloud.com,41056897,2024-04-10,basic,active,2024-10-29
CUST_004305,magnus_sorensen@icloud.com,+3709797934859,2024-05-05,basic,active,2024-12-01
CUST_004306,harper.thomas@hotmail.com,46 05 79 48,2025-01-13,standard,active,2025-07-01
CUST_004307,avaandersen@get.no,004795124573,2024-04-08,standard,paused,2025-04-23
CUST_004308,lily.williams@mail.com,43287078,2023-08-31,standard,paused,2025-06-23
CUST_004309,maverick_brown@get.no,32222,2024-08-22,basic,active,2025-06-30
CUST_004310,violet19lund@icloud.com,42099124/,2024-10-28,basic,churned,2025-04-13
CUST_004311,marit5thompson@mail.com,95672785,2024-04-06,basic,active,2025-05-06
CUST_004312,haralddavis@mail.com,+47 914 67 339,2023-10-13,basic,churned,2025-05-31
CUST_004313,harald_iversen@gmail.com,94031694,2023-12-21,premium,churned,2024-11-30
CUST_004314,samuel.pedersen@broadpark.no,8645,2024-01-12,basic,active,2025-04-18
CUST_004315,ellie_pedersen@online.no,91890854/43032535,2024-07-06,premium,churned,2024-12-23
CUST_004316,astridiversen@yahoo.com,406-42-092,2023-06-11,standard,churned,2024-11-27
CUST_004317,lars7moen@online.no,2232,2024-08-18,premium,active,2025-06-05
CUST_004318,livjohnson@get.no,+4795602674,2023-05-05,basic,active,2024-11-07
CUST_004319,theodore41johnsen@icloud.com,43972484,2024-09-07,standard,paused,2025-03-29
CUST_004320,sven77martin@gmail.com,4647939105,2023-01-15,standard,churned,2025-05-04
CUST_004321,mia.wilson@mail.com,935-98-515,2023-12-18,basic,churned,2025-03-02
CUST_004322,arne_martinez@yahoo.com,+49280064861,2023-01-16,standard,active,2024-08-05
CUST_004323,ingrid_berg@fastmail.com,004799649289,2024-05-04,premium,churned,2024-09-04
CUST_004324,theodore24hansen@outlook.com,400-54-764,2022-12-09,basic,paused,2025-05-26
CUST_004325,lars_andreassen@icloud.com,48325512/96917827,2024-10-21,standard,active,2025-06-28
CUST_004326,joshua3martinez@get.no,422-96-316,2024-06-18,basic,active,2025-05-31
CUST_004327,lucas_jacobsen@telia.no,004747609713,2023-03-17,standard,churned,2024-12-13
CUST_004328,brooklynsorensen@icloud.com,+47 442 08 664,2024-03-29,standard,active,2025-05-25
CUST_004329,sven_davis@telia.no,42269415,2024-08-21,standard,active,2025-06-10
CUST_004330,audreysmith@me.com,93224,2025-04-28,premium,churned,2025-05-25
CUST_004331,olivia_anderson@online.no,44162325/48744029,2024-11-28,basic,active,2025-06-08
CUST_004332,maverick_gundersen@mail.com,41916580/,2024-05-30,basic,churned,2024-10-15
CUST_004333,hilde79andersen@yahoo.com,418-05-830,2024-01-08,standard,churned,2025-04-08
CUST_004334,nathan.sorensen@hotmail.com,+47 931 88 593,2023-06-01,standard,active,2025-06-04
CUST_004335,aubreyrodriguez@telia.no,+33069844338,2024-01-04,basic,active,2025-02-28
CUST_004336,harald23pedersen@telia.no,46644856/98689268,2024-06-17,standard,active,2025-05-18
CUST_004337,berit.larsen@get.no,46063705/94565154,2023-12-31,basic,active,2025-05-04
CUST_004338,bellamoen@outlook.com,91382258,2025-01-18,premium,active,2025-06-21
CUST_004339,liam.nilsen@telia.no,44 42 81 64,2023-01-12,standard,paused,2025-03-31
CUST_004340,ava.anderson@get.no,93551972,2024-05-24,basic,paused,2025-05-28
CUST_004341,andrew_jorgensen@live.no,004796825845,2024-01-26,basic,active,2025-06-26
CUST_004342,elijah11kristiansen@telia.no,42684967,2024-04-19,standard,active,2025-06-22
CUST_004343,chloe75larsen@yahoo.com,477-55-579,2023-06-07,premium,active,2025-06-21
CUST_004344,tor50rodriguez@hotmail.com,+47 416 25 352,2024-11-08,premium,active,2024-11-21
CUST_004345,kristian69anderson@outlook.com,+443158620,2024-04-11,basic,churned,2024-11-25
CUST_004346,aurorathomas@online.no,004747945393,2024-08-03,basic,active,2025-05-22
CUST_004347,hannahmoen@get.no,99672064,2024-04-18,basic,paused,2025-05-19
CUST_004348,isaac29jackson@gmail.com,41 60 55 70,2024-08-01,standard,churned,2025-03-01
CUST_004349,harper_haugen@online.no,93576856/92965399,2023-12-09,basic,churned,2025-05-02
CUST_004350,isabellajohnson@get.no,4646867448,2024-02-11,standard,active,2025-01-14
CUST_004351,alexander.thomas@telia.no,44435835,2023-10-18,premium,active,2025-07-01
CUST_004352,thomas.thomas@mail.com,7341,2024-06-16,standard,active,2025-06-12
CUST_004353,evelyn_jones@outlook.com,93801808,2022-11-03,premium,active,2025-05-19
CUST_004354,hannah23nilsen@fastmail.com,42674586,2025-01-07,standard,churned,2025-01-18
CUST_004355,annejohansen@live.no,98202825/46552205,2024-09-27,standard,active,2025-06-28
CUST_004356,liampettersen@protonmail.com,+47 461 95 467,2024-10-26,premium,active,2025-03-25
CUST_004357,alexander.jones@protonmail.com,+47 413 83 514,2024-05-03,standard,active,2024-09-22
CUST_004358,isaacjones@icloud.com,004796206934,2023-08-26,standard,churned,2025-06-29
CUST_004359,freya91pettersen@outlook.com,474-32-641,2024-04-06,premium,active,2025-03-17
CUST_004360,ethanjacobsen@protonmail.com,48299909,2024-12-17,basic,active,2025-05-24
CUST_004361,owen.davis@telia.no,+37040390607,2023-12-08,basic,churned,2024-08-09
CUST_004362,chloe_rodriguez@online.no,004790588202,2024-08-17,standard,paused,2025-03-25
CUST_004363,olav27jacobsen@telia.no,004742577983,2025-04-25,premium,active,2025-06-27
CUST_004364,dylan_berg@broadpark.no,+4741301938,2023-08-30,premium,churned,2025-01-23
CUST_004365,natalieoverland@yahoo.com,419-43-614,2024-03-31,standard,active,2025-05-11
CUST_004366,christopher_garcia@broadpark.no,93 18 44 46,2024-01-18,basic,churned,2024-10-13
CUST_004367,natalie.eriksen@icloud.com,417-71-086,2022-10-02,standard,active,2025-04-27
CUST_004368,natalie.halvorsen@fastmail.com,45641407,2024-04-22,basic,active,2025-06-20
CUST_004369,oliviajorgensen@icloud.com,4643718349,2023-12-28,premium,churned,2025-01-14
CUST_004370,helene.nilsen@gmail.com,+47 985 85 991,2023-11-21,basic,churned,2025-01-16
CUST_004371,ethan60white@mail.com,90383478/,2024-05-06,standard,active,2024-12-12
CUST_004372,greta.jakobsen@outlook.com,90503509,2025-04-15,premium,churned,2025-04-24
CUST_004373,charlotte.moore@mail.com,+88063746462,2024-11-08,standard,active,2024-11-29
CUST_004374,joshua_johnsen@outlook.com,4645930168,2023-08-22,standard,active,2025-06-24
CUST_004375,miadavis@telenor.no,+47 911 71 440,2023-05-17,basic,active,2024-10-13
CUST_004376,kari.jakobsenonline.no,2615,2024-08-01,premium,churned,2024-09-27
CUST_004377,anthony.rodriguez@mail.com,+4744810033,2024-07-12,standard,active,2025-06-10
CUST_004378,jonas_smith@icloud.com,46598115,2023-10-05,premium,churned,2025-02-15
CUST_004379,sebastian87sorensen@mail.com,+338248172971,2024-09-07,basic,paused,2025-05-21
CUST_004380,haraldwilliams@mail.com,93421121,2023-11-10,premium,active,2025-05-11
CUST_004381,charlotte40johannessen@protonmail.com,94332125,2024-01-26,standard,churned,2024-11-03
CUST_004382,penelopekarlsen@fastmail.com,004749220781,2023-07-20,standard,paused,2025-03-09
CUST_004383,noahgarcia@telenor.no,4648167233,2024-05-23,basic,active,2025-06-20
CUST_004384,elijahoverland@hotmail.com,93435679,2024-07-27,standard,active,2025-06-22
CUST_004385,hannahmoen@outlook.com,96 37 80 18,2024-04-03,basic,paused,2025-05-21
CUST_004386,logan.haugen@me.com,440-96-129,2023-01-24,basic,active,2025-05-05
CUST_004387,aiden.thompson@live.no,99 77 64 23,2024-04-14,premium,churned,2025-05-05
CUST_004388,sigridjackson@gmail.com,+47 952 30 335,2023-12-26,basic,active,2025-06-03
CUST_004389,daniel.miller@gmail.com,2121,2023-09-19,standard,active,2025-07-01
CUST_004390,clairejones@fastmail.com,96593561,2023-10-26,basic,active,2025-06-27
CUST_004391,freya83lund@yahoo.com,98921744,2024-03-30,basic,churned,2025-04-07
CUST_004392,perhenriksen@yahoo.com,99897639/,2024-11-21,basic,active,2024-12-16
CUST_004393,eleanorpedersen@,+47 415 29 506,2024-08-21,standard,active,2025-06-21
CUST_004394,ragnagundersen@online.no,+4744456759,2024-03-16,premium,active,2024-11-01
CUST_004395,jacob_wilson@icloud.com,+4790851127,2024-08-11,standard,churned,2024-09-18
CUST_004396,evelynmoen@get.no,45660599,2024-02-07,premium,active,2025-05-07
CUST_004397,miamiller@online.no,963-82-569,2025-02-12,premium,churned,2025-02-21
CUST_004398,sven92martinez@online.no,40289,2024-01-31,standard,active,2025-07-01
CUST_004399,hilde.thomas@fastmail.com,48578825/,2024-03-10,basic,active,2025-06-23
CUST_004400,jonas.sorensen@protonmail.com,+47 948 60 256,2023-04-20,standard,churned,2025-02-16
CUST_004401,liv.thomas@telia.no,+489748408522,2024-03-09,basic,churned,2024-08-21
CUST_004402,evelyn1moen@me.com,96 82 99 67,2024-10-29,basic,active,2025-06-18
CUST_004403,per80moore@fastmail.com,98042887/45986724,2024-11-20,premium,active,2025-01-04
CUST_004404,ethan.wilson@protonmail.com,+47 926 96 728,2022-09-17,basic,active,2024-09-15
CUST_004405,gunnar.lund@protonmail.com,004795998314,2024-09-19,basic,churned,2024-10-08
CUST_004406,aiden_johnsen@outlook.com,93058654,2024-02-25,basic,paused,2025-04-28
CUST_004407,einar.olsen@live.no,47425186/,2024-01-01,premium,active,2024-09-28
CUST_004408,bjornsmith@outlook.com,4644097586,2024-12-02,basic,churned,2024-12-06
CUST_004409,ryansmith@icloud.com,44418500,2023-10-02,standard,active,2025-06-17
CUST_004410,adrianwhite@telia.no,+4793486156,2024-07-08,standard,churned,2024-12-25
CUST_004411,nathanjohansen@fastmail.com,99384137/47870330,2023-09-08,basic,active,2025-06-30
CUST_004412,audrey.karlsen@fastmail.com,468-21-797,2023-04-14,basic,churned,2025-06-29
CUST_004413,luke_johnson@me.com,90080001,2024-03-07,basic,active,2025-06-20
CUST_004414,anthony.pettersen@gmail.com,46887090/,2024-01-30,basic,active,2025-06-08
CUST_004415,zoe_lee@telia.no,4695645040,2023-11-01,premium,paused,2025-05-25
CUST_004416,evelyn_anderson@protonmail.com,42139520,2024-04-11,standard,active,2025-05-27
CUST_004417,sigrid47berg@yahoo.com,47015774,2024-07-13,premium,active,2024-11-25
CUST_004418,ameliajacobsen@get.no,+48682681415,2024-07-03,basic,active,2025-03-21
CUST_004419,violet.hansen@gmail.com,93375911,2023-12-23,standard,churned,2025-02-22
CUST_004420,aiden_kristiansen@me.com,95701601/,2024-05-08,premium,churned,2024-09-25
CUST_004421,kristian_dahl@yahoo.com,45 37 09 42,2025-03-12,premium,active,2025-04-06
CUST_004422,olavjorgensen@telia.no,004748099589,2024-10-22,premium,churned,2025-06-17
CUST_004423,marit40henriksen@me.com,+4748397725,2024-11-27,standard,churned,2025-04-21
CUST_004424,karidavis@protonmail.com,40263986/,2024-07-26,basic,active,2025-03-30
CUST_004425,olav.martinez@telia.no,+47 954 53 882,2024-10-22,premium,paused,2025-05-28
CUST_004426,noah.miller@outlook.com,8275,2024-02-01,standard,active,2024-08-21
CUST_004427,elijah.overland@telenor.no,91314692,2024-01-31,premium,active,2025-05-08
CUST_004428,audrey_sorensen@get.no,004798723636,2024-10-27,standard,paused,2025-04-02
CUST_004429,audrey.jacobsen@fastmail.com,95758738,2023-05-03,standard,churned,2025-06-25
CUST_004430,liv.overland@icloud.com,92471871,2023-07-27,basic,churned,2025-06-06
CUST_004431,emma_larsen@hotmail.com,+46948783600,2023-04-17,premium,churned,2025-04-10
CUST_004432,sven_halvorsen@telia.no,8913,2024-03-16,standard,paused,2025-06-15
CUST_004433,amelia_johnson@telia.no,469-66-884,2023-08-25,standard,churned,2024-11-29
CUST_004434,logan_iversen@hotmail.com,46248072,2023-05-14,basic,active,2025-01-15
CUST_004435,theodore_taylor@protonmail.com,02409,2023-07-05,standard,active,2025-05-03
CUST_004436,sven_jacobsen@protonmail.com,+47 450 92 692,2024-06-25,premium,paused,2025-03-14
CUST_004437,marit9johnsen@live.no,45 41 88 22,2023-02-19,standard,active,2025-07-01
CUST_004438,evelyn28andersen@mail.com,9874,2022-11-06,premium,churned,2025-06-19
CUST_004439,aria.karlsen@online.no,+47 960 76 442,2023-09-11,standard,active,2024-08-30
CUST_004440,alexander_haugen@telia.no,4643128998,2024-07-10,basic,churned,2025-04-01
CUST_004441,aubrey.andreassen@yahoo.com,46257489,2023-04-23,basic,active,2024-07-06
CUST_004442,adriandahl@live.no,45 75 19 43,2024-08-15,standard,active,2025-05-08
CUST_004443,lillianthomas@gmail.com,4641549475,2023-06-01,basic,paused,2025-05-25
CUST_004444,leah_halvorsen@hotmail.com,92 28 80 32,2024-05-11,basic,churned,2024-11-05
CUST_004445,einar42johansen@mail.com,98733520/,2024-12-10,standard,churned,2025-02-15
CUST_004446,isabella77larsen@telia.no,402-86-653,2024-06-13,premium,churned,2024-10-03
CUST_004447,jaxon14martinez@fastmail.com,44868823,2024-02-17,standard,active,2025-06-21
CUST_004448,aubrey_nilsen@gmail.com,004796730880,2024-08-11,premium,active,2025-06-29
CUST_004449,per17johnson@me.com,4696001115,2024-05-03,standard,active,2025-06-20
CUST_004450,miajohansen@get.no,95793938/42401476,2024-06-01,standard,active,2025-03-08
CUST_004451,logan.henriksen@telenor.no,95297173,2023-10-02,basic,active,2025-06-19
CUST_004452,miaeriksen@broadpark.no,41061735,2023-11-02,premium,churned,2025-01-30
CUST_004453,maverick.smith@online.no,940-16-259,2024-06-25,basic,active,2025-03-05
CUST_004454,helene.thompson@online.no,47259561/98983750,2024-12-04,standard,active,2025-06-29
CUST_004455,adrian_johansen@me.com,965-76-105,2022-11-15,standard,active,2025-05-05
CUST_004456,adrianlund@icloud.com,004797801526,2023-07-19,basic,churned,2025-05-13
CUST_004457,sigridjackson@telenor.no,49784791/96591444,2024-06-20,basic,active,2025-06-10
CUST_004458,michael.johannessen@telia.no,5965,2024-07-19,premium,churned,2025-05-01
CUST_004459,jack.overland@get.no,004746893942,2024-08-08,standard,active,2025-06-27
CUST_004460,lincoln.davis@mail.com,467-08-762,2024-08-06,standard,active,2025-06-04
CUST_004461,kari_larsen@gmail.com,+47 438 52 892,2023-06-18,standard,active,2025-05-03
CUST_004462,anthony.taylor@online.no,45715773/47536397,2024-02-29,standard,churned,2024-12-11
CUST_004463,nataliekristiansen@mail.com,+4798229833,2024-05-17,basic,churned,2025-06-18
CUST_004464,aurora.garcia@hotmail.com,4640564415,2024-02-19,standard,churned,2024-07-28
CUST_004465,,+49732083616,2023-11-01,basic,churned,2024-11-06
CUST_004466,aurora.haugen@outlook.com,40481611/,2024-09-27,standard,active,2025-03-02
CUST_004467,marit48larsen@outlook.com,+47 496 52 630,2024-10-15,standard,active,2025-06-19
CUST_004468,layla87jense;n@telia.no,4696629091,2024-09-17,basic,active,2025-05-14
CUST_004469,layla.martin@telenor.no,+4604730192,2024-08-09,premium,active,2024-10-23
CUST_004470,theodore.brown@yahoo.com,43567207/49014734,2023-09-29,basic,active,2025-06-06
CUST_004471,sophia.brown@telenor.no,41517489/,2024-03-22,basic,active,2025-06-25
CUST_004472,bella32moen@online.no,004748941523,2024-06-17,standard,paused,2025-06-08
CUST_004473,marit.larsen@mail.com,96515174,2024-03-30,premium,paused,2025-06-11
CUST_004474,owen27thomas@icloud.com,947-98-465,2023-08-07,basic,active,2025-05-26
CUST_004475,olivia.andreassen@live.no,4645276509,2023-08-06,basic,active,2025-06-24
CUST_004476,ellie44moore@broadpark.no,49632299/,2022-12-22,premium,active,2025-02-03
CUST_004477,savannahsorensen@hotmail.com,+4749971236,2024-09-06,basic,active,2025-06-22
CUST_004478,riley86iversen@get.no,+491669934105,2023-06-11,standard,active,2024-07-13
CUST_004479,danieljohannessen@yahoo.com,47842717,2023-02-22,basic,active,2024-10-07
CUST_004480,anthony54dahl@broadpark.no,4644364893,2023-06-21,basic,active,2025-01-08
CUST_004481,astrid65hansen@fastmail.com,4640251882,2024-02-16,standard,active,2025-05-28
CUST_004482,owen.hagen@icloud.com,1609,2023-02-24,basic,churned,2024-12-27
CUST_004483,violet77hansen@get.no,93329330,2023-04-09,basic,active,2025-06-07
CUST_004484,mateo.moore@protonmail.com,90062241,2024-04-04,basic,paused,2025-04-25
CUST_004485,anthonyolsen@gmail.com,2769,2023-10-29,standard,active,2025-01-08
CUST_004486,lillian_olsen@telia.no,46927829,2024-03-30,premium,active,2025-05-12
CUST_004487,lincolneriksen@get.no,47 40 12 68,2024-08-07,premium,active,2025-03-10
CUST_004488,nathan.eriksen@yahoo.com,993-12-483,2023-09-12,standard,active,2024-07-31
CUST_004489,sophiasorensen@telia.no,93 48 54 13,2023-06-26,basic,active,2024-09-27
CUST_004490,mason_moen@yahoo.com,+4748197334,2024-01-07,standard,active,2025-06-27
CUST_004491,andrew_white@yahoo.com,+3717613187,2023-11-02,basic,churned,2024-10-11
CUST_004492,nathan_jackson@gmail.com,42678869,2024-06-16,basic,churned,2025-04-02
CUST_004493,lillian_johnson@gmail.com,+47 403 82 000,2023-11-27,basic,churned,2025-06-20
CUST_004494,amelia.larsen@broadpark.no,48210388/,2024-04-05,basic,active,2025-06-27
CUST_004495,alexander_overland@broadpark.no,940-16-242,2024-01-22,premium,active,2025-01-05
CUST_004496,riley7williams@online.no,45422058/,2023-12-04,basic,paused,2025-04-26
CUST_004497,aidensmith@outlook.com,95449632/92466047,2024-10-03,basic,churned,2025-06-08
CUST_004498,noah.martinez@gmail.com,4693101609,2024-04-30,basic,paused,2025-05-07
CUST_004499,violet_anderson@gmail.com,44193508,2023-10-30,basic,active,2025-01-15
CUST_004500,chloe45berg@hotmail.com,004745181342,2023-11-16,premium,churned,2025-06-21
CUST_004501,solveig_andreassen@online.no,45379991/,2023-10-20,premium,active,2024-11-25
CUST_004502,clairejackson@online.no,+4962434191,2024-04-16,premium,churned,2025-04-19
CUST_004503,lillianmiller@hotmail.com,004790554632,2024-12-24,basic,active,2025-07-01
CUST_004504,gunnar_thompson@live.no,910-84-476,2022-12-15,premium,churned,2024-07-16
CUST_004505,ingrid_brown@telenor.no,97433398/92588049,2023-12-08,premium,active,2025-04-11
CUST_004506,andrew.martin@protonmail.com,+4745395313,2025-01-07,standard,active,2025-06-27
CUST_004507,greta85williams@protonmail.com,47 43 19 26,2024-11-13,premium,active,2025-06-11
CUST_004508,hannah24halvorsen@online.no,+49611608107,2024-07-20,standard,active,2025-03-25
CUST_004509,jonas.jones@fastmail.com,+3703061547,2024-12-17,standard,active,2024-12-18
CUST_004510,owen_wilson@online.no,3666,2023-03-17,basic,active,2025-06-08
CUST_004511,einar.moore@get.no,59915,2024-10-05,basic,active,2024-10-22
CUST_004512,bjorn.larsen@telenor.no,453-64-431,2024-06-04,basic,active,2025-06-18
CUST_004513,owenhansen@gmail.com,88883,2025-01-15,basic,churned,2025-02-04
CUST_004514,adrianmoen@broadpark.no,004742191706,2024-10-29,basic,churned,2025-04-23
CUST_004515,ingrid98dahl@yahoo.com,4643200390,2024-10-19,basic,active,2025-04-15
CUST_004516,andrew_rodriguez@icloud.com,49811210/99701244,2023-04-18,premium,active,2025-01-01
CUST_004517,sven54karlsen@protonmail.com,+4742917123,2023-10-10,basic,churned,2024-10-19
CUST_004518,addison_dahl@gmail.com,004746886914,2024-02-21,basic,active,2024-09-20
CUST_004519,isaac_jakobsen@telia.no,49038755,2024-05-15,standard,active,2025-06-28
CUST_004520,lily_pettersen@broadpark.no,+4794304714,2024-10-10,basic,paused,2025-03-21
CUST_004521,liam_lund@outlook.com,94149161/,2023-12-17,basic,active,2025-05-15
CUST_004522,nora.karlsen@protonmail.com,92326862/,2024-06-11,basic,active,2024-11-27
CUST_004523,,99 08 48 31,2025-04-10,basic,active,2025-04-25
CUST_004524,jacklarsen@fastmail.com,40976812/,2024-04-13,standard,churned,2025-04-02
CUST_004525,anne_andersen@telia.no,919-06-294,2024-07-17,basic,active,2025-06-16
CUST_004526,sebastianolsen@live.no,+47 428 75 334,2024-03-21,premium,paused,2025-04-21
CUST_004527,berit26johansen@outlook.com,25482,2024-04-22,standard,churned,2024-11-03
CUST_004528,lillian_overland@me.com,92584707,2023-11-15,basic,churned,2024-09-28
CUST_004529,lars.larsen@protonmail.com,004793197406,2024-08-19,premium,churned,2025-06-25
CUST_004530,maverick6hansen@fastmail.com,004747339735,2022-08-09,premium,active,2025-06-18
CUST_004531,ingrid.eriksen@telia.no,98398591/96936663,2024-01-30,premium,churned,2025-03-12
CUST_004532,ingrid.kristiansen@broadpark.no,+47 421 89 514,2023-12-18,basic,churned,2024-12-19
CUST_004533,ryan5brown@live.no,+448680477900,2024-12-24,premium,active,2025-02-18
CUST_004534,hazel.taylor@broadpark.no,43921170/,2023-09-30,standard,active,2024-09-28
CUST_004535,olav34sorensen@outlook.com,99389269/,2024-08-07,basic,active,2025-05-25
CUST_004536,harperdavis@telia.no,+464316651,2024-02-16,premium,churned,2024-11-23
CUST_004537,noaheriksen@live.no,49816878,2023-12-21,basic,active,2024-11-23
CUST_004538,ethanjohansen@gmail.com,97291551/92198362,2024-09-10,premium,active,2025-06-19
CUST_004539,jonas91overland@yahoo.com,96124204,2024-08-12,standard,active,2025-05-07
CUST_004540,lucassmith@yahoo.com,90189892/,2024-06-01,basic,paused,2025-03-11
CUST_004541,kristian97haugen@me.com,+47 908 65 600,2023-08-12,premium,active,2025-01-26
CUST_004542,ragnajohnson@gmail.com,45534176/,2025-01-25,premium,paused,2025-04-26
CUST_004543,savannah_jakobsen@online.no,495-20-984,2024-06-06,basic,active,2024-09-11
CUST_004544,jaxonjohannessen@outlook.com,2802,2024-02-01,basic,active,2025-04-14
CUST_004545,beritlarsen@fastmail.com,41559720/96522719,2024-11-05,standard,churned,2024-11-23
CUST_004546,ava74anderson@gmail.com,+47 483 38 880,2024-05-07,standard,active,2025-05-15
CUST_004547,harper.williams@online.no,+443699287,2024-12-12,premium,active,2025-06-29
CUST_004548,layla61davis@me.com,93134551,2024-05-19,standard,churned,2024-07-18
CUST_004549,anne65hagen@yahoo.com,+491809816,2024-05-02,premium,active,2025-06-20
CUST_004550,ethankarlsen@broadpark.no,+47 443 84 011,2024-06-27,premium,active,2025-06-21
CUST_004551,berit44eriksen@hotmail.com,40705530/,2024-01-04,basic,paused,2025-04-30
CUST_004552,christopher54pedersen@broadpark.no,40177626/49492745,2024-08-20,premium,active,2024-09-09
CUST_004553,claire.johnsen@live.no,4699280417,2024-01-06,standard,churned,2024-12-12
CUST_004554,elijah.hagen@hotmail.com,47660028,2023-05-23,standard,active,2025-05-13
CUST_004555,ryan.taylor@online.no,931-73-672,2024-08-18,basic,active,2025-06-20
CUST_004556,noah46martinez@icloud.com,43 01 20 73,2025-03-24,standard,active,2025-04-09
CUST_004557,audreykristiansen@outlook.com,47257726,2024-12-27,premium,active,2025-01-23
CUST_004558,owen_sorensen@outlook.com,+47 458 58 243,2024-07-20,basic,active,2025-06-18
CUST_004559,theodore_henriksen@online.no,+33024855256,2024-03-16,standard,paused,2025-03-21
CUST_004560,kari.larsen@broadpark.no,457-29-898,2024-10-29,standard,active,2025-06-28
CUST_004561,jaxon_lee@mail.com,42716431/,2023-12-29,premium,active,2025-07-01
CUST_004562,zoe.brown@icloud.com,5847,2023-09-06,basic,churned,2024-10-25
CUST_004563,theodore_jacobsen@@broadpark.no,42250913/,2024-06-08,premium,active,2025-06-28
CUST_004564,aurora.moore@icloud.com,004745709952,2023-05-30,basic,paused,2025-05-28
CUST_004565,anthony_hansen@protonmail.com,410-44-761,2023-11-01,basic,churned,2024-12-21
CUST_004566,nathan.hansen@protonmail.com,+4798194575,2023-07-27,premium,paused,2025-05-16
CUST_004567,daniel48haugen@protonmail.com,95055241,2024-12-11,standard,churned,2025-02-17
CUST_004568,dylan_dahl@gmail.com,44662972,2024-06-12,basic,churned,2025-05-27
CUST_004569,isaacjackson@telenor.no,+47 463 48 550,2025-02-09,basic,paused,2025-03-23
CUST_004570,noah84rodriguez@get.no,97828661,2024-02-06,basic,churned,2025-06-28
CUST_004571,lily.olsen@live.no,93410230/,2024-12-04,premium,active,2025-06-20
CUST_004572,amelia18andersen@hotmail.com,+4749886849,2024-05-19,standard,churned,2024-12-21
CUST_004573,ryanlee@broadpark.no,+3460569043,2024-05-16,premium,active,2025-03-31
CUST_004574,greta85thompson@fastmail.com,9905,2024-09-13,basic,active,2025-05-22
CUST_004575,kari.pedersen@mail.com,+343898922840,2022-08-23,basic,paused,2025-05-30
CUST_004576,hilde.wilson@telenor.no,4697358054,2024-12-01,basic,active,2025-05-20
CUST_004577,andrew1olsen@me.com,+8807481798903,2023-11-22,basic,active,2025-05-11
CUST_004578,zoey.smith@protonmail.com,49571,2024-02-29,basic,active,2025-07-01
CUST_004579,henry.rodriguez@gmail.com,485-36-106,2024-03-25,standard,active,2024-09-01
CUST_004580,emma.pettersen@protonmail.com,91773268,2023-12-10,premium,churned,2025-02-25
CUST_004581,lucaslund@get.no,98631855,2024-11-15,standard,active,2024-12-14
CUST_004582,savannah.jones@online.no,91 16 69 11,2023-03-26,basic,active,2025-06-21
CUST_004583,lillian_karlsen@me.com,996-97-686,2024-01-07,standard,active,2025-06-24
CUST_004584,einar16pettersen@broadpark.no,91379640,2024-07-24,standard,churned,2025-04-22
CUST_004585,zoey_dahl@outlook.com,41557701,2024-02-29,basic,paused,2025-04-08
CUST_004586,aurora.williams@icloud.com,44560943/40130223,2024-02-08,premium,active,2025-03-29
CUST_004587,sophia.hagen@protonmail.com,+4748447278,2025-01-07,basic,churned,2025-04-09
CUST_004588,arne90jorgensen@telia.no,+4791549606,2024-05-04,standard,paused,2025-05-07
CUST_004589,zoe_andreassen@online.no,004744683485,2024-07-21,standard,active,2025-06-21
CUST_004590,addison.johnson@telenor.no,98326973,2024-05-21,standard,active,2025-06-30
CUST_004591,hazel_rodriguez@broadpark.no,4640959278,2022-12-15,premium,paused,2025-03-06
CUST_004592,aiden43pettersen@broadpark.no,44511610/95151382,2023-02-20,basic,active,2024-11-24
CUST_004593,helenewhite@hotmail.com,44996052/44882526,2023-07-18,standard,paused,2025-04-16
CUST_004594,masonlee@hotmail.com,98694094,2023-07-02,standard,active,2025-05-10
CUST_004595,helene.pedersen@telia.no,6187,2025-02-02,basic,active,2025-02-11
CUST_004596,evelyn9pettersen@gmail.com,+4797691364,2023-12-16,basic,paused,2025-03-20
CUST_004597,addison46davis@broadpark.no,92122898/93541430,2024-12-15,standard,active,2025-05-23
CUST_004598,,4531,2025-03-03,basic,active,2025-03-11
CUST_004599,nathan38iversen@@protonmail.com,47135951/,2023-12-19,standard,active,2024-08-07
CUST_004600,livnilsen@online.no,+47 427 19 927,2024-10-10,basic,active,2024-10-23
CUST_004601,zoey8haugen@hotmail.com,99 76 13 55,2024-11-12,basic,active,2025-06-09
CUST_004602,hazel13martinez@live.no,+47 401 28 085,2023-08-26,standard,paused,2025-06-23
CUST_004603,christopherpettersen@telia.no,43119896/45405256,2023-08-20,basic,paused,2025-03-11
CUST_004604,gabriel44johansen@telia.no,004742900889,2024-06-28,basic,churned,2025-04-29
CUST_004605,tor.pettersen@online.no,5053,2024-03-19,standard,active,2025-06-29
CUST_004606,sebastianjorgensen@broadpark.no,49418444,2022-11-12,premium,paused,2025-06-11
CUST_004607,elijahandreassen@mail.com,99 72 73 13,2023-04-08,premium,active,2025-06-30
CUST_004608,marit_williams@gmail.com,+4890321651,2023-01-25,standard,active,2024-07-23
CUST_004609,violet25hagen@get.no,407-27-787,2023-10-11,premium,active,2024-11-03
CUST_004610,michaeljacobsen@live.no,+46058368251,2024-04-19,basic,churned,2025-04-09
CUST_004611,andrew_anderson@get.no,946-93-443,2024-10-05,basic,active,2025-05-20
CUST_004612,daniel.andersen@fastmail.com,93220448,2024-07-25,premium,active,2025-06-27
CUST_004613,andrewberg@icloud.com,427-92-817,2024-10-24,basic,active,2025-06-05
CUST_004614,samuel.overland@online.no,004794376282,2024-06-28,standard,churned,2024-11-06
CUST_004615,einarjohnsen@get.no,95598769/,2024-08-17,basic,active,2025-07-01
CUST_004616,audrey.thompson@telia.no,92359169,2024-09-10,basic,churned,2025-05-29
CUST_004617,harald98andreassen@mail.com,+88007624513,2023-10-09,standard,active,2025-06-18
CUST_004618,anne_karlsen@online.no,004797949418,2024-07-25,basic,active,2024-10-12
CUST_004619,freyaandreassen@telenor.no,+4790575494,2024-12-28,standard,active,2025-03-29
CUST_004620,astrid.kristiansen@protonmail.com,42951858,2024-01-20,standard,churned,2025-05-14
CUST_004621,sven.jorgensen@protonmail.com,004748769915,2024-04-15,standard,paused,2025-06-28
CUST_004622,lucas65dahl@get.no,4909,2023-08-28,basic,active,2025-05-17
CUST_004623,lilyrodriguez@online.no,+47 922 81 551,2024-07-10,basic,churned,2025-04-14
CUST_004624,aidenlee@online.no,26375,2024-01-01,premium,paused,2025-03-29
CUST_004625,maverickmoore@get.no,985-76-050,2023-12-07,standard,churned,2025-04-19
CUST_004626,aurora_halvorsen@get.no,48819405/,2024-07-30,basic,active,2025-01-05
CUST_004627,chloe_davis@fastmail.com,45 83 07 68,2024-11-07,basic,active,2025-01-12
CUST_004628,jacobjakobsen@gmail.com,004741173849,2024-06-01,premium,active,2025-04-01
CUST_004629,arnemoore@live.no,90701342/43550440,2024-06-09,premium,paused,2025-06-17
CUST_004630,sophia.thomas@live.no,42011041/45886049,2023-12-09,basic,active,2025-05-28
CUST_004631,elijah.martinez@yahoo.com,49885526,2024-12-25,basic,churned,2025-01-23
CUST_004632,savannah92olsen@yahoo.com,45927976,2023-02-26,basic,active,2025-05-20
CUST_004633,amelia_jones@mail.com,5400,2023-09-26,basic,active,2025-06-19
CUST_004634,solveig_martin@broadpark.no,004797649478,2023-12-04,standard,churned,2025-04-03
CUST_004635,anne.thomas@get.no,91646663,2024-10-01,standard,active,2025-06-23
CUST_004636,mateo57jensen@telenor.no,445-84-851,2024-05-27,basic,active,2025-05-27
CUST_004637,hazeljorgensen@icloud.com,44 05 41 68,2024-09-21,basic,active,2025-04-10
CUST_004638,ameliathomas@get.no,+47 438 03 270,2023-03-01,standard,active,2025-05-01
CUST_004639,daniel_johnson@icloud.com,004742058920,2023-10-19,standard,churned,2024-11-20
CUST_004640,erik87karlsen@live.no,46763485,2024-11-10,standard,active,2025-05-10
CUST_004641,lillian.williams@gmail.com,41327968,2024-06-27,premium,churned,2024-10-20
CUST_004642,kari.johnsen@outlook.com,+47 980 02 810,2024-07-07,standard,active,2025-06-19
CUST_004643,owen.larsen@live.no,902-14-929,2025-01-30,standard,churned,2025-02-06
CUST_004644,charlotte_johansen@online.no,42 10 98 59,2024-09-08,premium,active,2025-06-18
CUST_004645,theodore_andreassen@hotmail.com,43539411/,2024-03-16,premium,churned,2025-05-28
CUST_004646,chloe.rodriguez@hotmail.com,+47 961 36 311,2024-06-14,standard,churned,2024-10-06
CUST_004647,kari.halvorsen@@fastmail.com,48855763/91625316,2024-08-08,premium,active,2025-05-20
CUST_004648,aidenmiller@hotmail.com,94 12 98 60,2023-10-07,premium,active,2024-09-02
CUST_004649,sigridthompson@gmail.com,93170277,2023-04-04,basic,active,2024-07-16
CUST_004650,theodore_garcia@telia.no,98265003/42354836,2024-05-11,standard,active,2024-08-30
CUST_004651,amelia_garcia@hotmail.com,93021559/,2024-06-22,basic,active,2025-06-11
CUST_004652,luke.rodriguez@get.no,91850797,2023-08-19,basic,churned,2025-03-08
CUST_004653,per15garcia@telenor.no,90003889,2024-12-10,premium,active,2025-06-15
CUST_004654,aiden73jakobsen@gmail.com,43749612,2024-05-23,basic,active,2025-05-16
CUST_004655,lucassmith@telenor.no,004799690910,2024-10-22,basic,churned,2024-11-16
CUST_004656,per.wilson@get.no,004796007919,2023-03-25,premium,active,2025-05-27
CUST_004657,lars_moore@get.no,47304997,2024-03-06,basic,active,2025-01-24
CUST_004658,elijah_nilsen@icloud.com,41167051,2024-11-06,basic,active,2024-11-20
CUST_004659,dylaneriksen@protonmail.com,+370912826424,2024-02-10,basic,paused,2025-04-26
CUST_004660,addisonmartinez@live.no,985-47-398,2023-02-11,basic,churned,2025-05-08
CUST_004661,ethan_pettersen@online.no,004746281150,2024-04-25,standard,churned,2025-01-28
CUST_004662,layla.karlsen@me.com,+47 414 67 530,2024-12-19,standard,paused,2025-04-30
CUST_004663,lucas.henriksen@protonmail.com,93027679,2023-12-07,standard,active,2025-05-31
CUST_004664,berit_andreassen@gmail.com,4642420095,2024-08-08,basic,churned,2024-11-03
CUST_004665,harper78rodriguez@online.no,+47 942 63 331,2024-09-18,standard,active,2025-06-12
CUST_004666,chloe.wilson@online.no,4690551629,2024-04-13,basic,churned,2025-06-16
CUST_004667,freya98thompson@fastmail.com,44961746/,2024-08-16,standard,churned,2024-08-28
CUST_004668,lucassmith@mail.com,4640757046,2024-08-02,premium,active,2024-12-13
CUST_004669,lillian_berg@me.com,+47 931 74 816,2024-04-19,basic,active,2025-06-10
CUST_004670,hilde_jones@yahoo.com,97 34 75 31,2024-04-07,standard,active,2025-06-18
CUST_004671,leahanderson@icloud.com,4690915754,2022-09-28,standard,active,2024-12-03
CUST_004672,solveig_johannessen@me.com,+4792820978,2024-03-23,basic,active,2025-05-05
CUST_004673,dylan_haugen@mail.com,43286879,2023-12-05,standard,active,2025-05-28
CUST_004674,sigrid76garcia@telia.no,49475859,2024-03-20,premium,active,2025-03-30
CUST_004675,zoey.karlsen@get.no,79017,2025-01-06,premium,active,2025-02-19
CUST_004676,per_jorgensen@gmail.com,+463740685964,2024-05-16,basic,active,2025-01-12
CUST_004677,maverickkarlsen@icloud.com,954-64-398,2023-03-30,standard,churned,2024-12-12
CUST_004678,emma.lee@online.no,004796605226,2023-10-06,basic,active,2024-12-05
CUST_004679,sebastian.johansen@protonmail.com,909-19-170,2024-05-25,standard,active,2025-03-26
CUST_004680,theodore.rodriguez@outlook.com,41409155,2023-08-13,basic,active,2024-11-14
CUST_004681,brooklyn77berg@hotmail.com,99835632,2024-04-09,basic,active,2024-12-16
CUST_004682,ingrid65haugen@yahoo.com,45 76 87 52,2024-05-20,basic,active,2024-07-05
CUST_004683,olav_johnson@get.no,92 17 19 16,2024-03-08,premium,churned,2024-10-14
CUST_004684,sigrid22garcia@fastmail.com,+4799459053,2023-05-25,standard,paused,2025-04-10
CUST_004685,freya.anderson@icloud.com,004791141010,2024-02-20,premium,churned,2025-01-07
CUST_004686,stellamiller@telia.no,97137392/,2023-05-21,premium,active,2024-08-05
CUST_004687,isaac.white@telia.no,+4954970751,2024-07-22,premium,churned,2024-10-26
CUST_004688,lucas69larsen@yahoo.com,+47 916 07 319,2023-03-07,standard,active,2025-06-18
CUST_004689,lily_smith@broadpark.no,96 61 28 24,2025-02-07,standard,active,2025-02-28
CUST_004690,jonas5thompson@icloud.com,004790887044,2024-02-06,premium,active,2025-06-24
CUST_004691,sven20eriksen@gmail.com,4698794320,2024-06-17,basic,active,2025-02-06
CUST_004692,jack77sorensen@protonmail.com,4647545422,2024-09-12,standard,active,2024-10-07
CUST_004693,nora39eriksen@me.com,99321529,2023-11-02,standard,churned,2025-02-21
CUST_004694,haraldiversen@telia.no,004748826490,2023-03-07,premium,active,2025-06-20
CUST_004695,henry40halvorsen@fastmail.com,96330345,2024-02-29,premium,active,2025-06-22
CUST_004696,solveig_lee@fastmail.com,93666470,2024-06-30,premium,churned,2025-04-18
CUST_004697,kristian.jakobsen@outlook.com,970-71-308,2025-03-11,basic,churned,2025-04-03
CUST_004698,lillian_johnsen@online.no,4694069535,2023-04-07,basic,churned,2025-06-16
CUST_004699,ethan_garcia@broadpark.no,41723613,2024-11-16,premium,paused,2025-03-27
CUST_004700,mateo.olsen@gmail.com,99408749/,2024-06-18,basic,active,2025-03-11
CUST_004701,hazel59johansen@protonmail.com,+4794140226,2024-01-15,standard,active,2025-06-22
CUST_004702,lily37williams@mail.com,42882398,2024-02-29,basic,active,2024-09-04
CUST_004703,harper_nilsen@outlook.com,+3712048681820,2023-09-07,basic,active,2025-05-27
CUST_004704,elijah_moen@mail.com,44456863,2024-12-28,standard,churned,2025-03-30
CUST_004705,ryan.lee@mail.com,46 69 55 39,2024-11-07,basic,churned,2025-04-04
CUST_004706,alexander37taylor@yahoo.com,004747889907,2025-02-01,standard,churned,2025-04-19
CUST_004707,einar_hagen@telenor.no,41021523,2024-08-06,standard,active,2025-06-24
CUST_004708,ragna_jackson@outlook.com,45717791,2024-03-15,basic,active,2025-04-19
CUST_004709,astrid_overland@get.no,43607149,2023-10-28,standard,active,2025-06-18
CUST_004710,laylaiversen@mail.com,13192,2024-01-06,basic,active,2025-06-03
CUST_004711,ingrid.dahl@get.no,63685,2024-05-06,standard,paused,2025-06-24
CUST_004712,mia81olsen@telenor.no,5732,2023-10-02,premium,active,2025-06-14
CUST_004713,andrewmoen@yahoo.com,4692237091,2023-01-18,basic,active,2025-03-20
CUST_004714,mateo88berg@outlook.com,99609133,2025-04-29,standard,active,2025-05-23
CUST_004715,hilde19jensen@telenor.no,44 53 28 24,2023-04-08,standard,paused,2025-04-01
CUST_004716,theodorelarsen@yahoo.com,+47 999 85 893,2024-01-16,standard,active,2025-04-19
CUST_004717,gunnar77johansen@broadpark.no,917-28-855,2023-04-05,standard,churned,2025-05-21
CUST_004718,aidenrodriguez@mail.com,+4795238521,2024-07-23,basic,active,2025-07-01
CUST_004719,greta77halvorsen@protonmail.com,4692234132,2024-07-15,standard,paused,2025-03-07
CUST_004720,daniel_williams@telenor.no,919-56-545,2023-11-10,standard,active,2025-05-26
CUST_004721,anthony80sorensen@outlook.com,+4794176570,2024-04-04,premium,active,2025-06-29
CUST_004722,emmalarsen@hotmail.com,96370216/90912667,2024-12-01,standard,active,2025-06-04
CUST_004723,layla.smith@telenor.no,+4742715133,2024-10-30,standard,active,2025-06-23
CUST_004724,savannah_wilson@hotmail.com,+47 927 42 086,2025-02-09,basic,active,2025-06-29
CUST_004725,tor10dahl@mail.com,+3423174848,2024-04-12,basic,active,2025-04-14
CUST_004726,liamwhite@hotmail.com,+47 948 80 617,2024-07-16,basic,churned,2025-05-12
CUST_004727,leah.martinez@icloud.com,44499856/97255365,2023-11-16,premium,active,2025-03-13
CUST_004728,emma_henriksen@telenor.no,+4748925169,2024-11-19,basic,paused,2025-04-12
CUST_004729,noah.moen@broadpark.no,4649285034,2023-07-21,basic,active,2025-06-24
CUST_004730,harald51olsenmail.com,45 25 86 21,2023-05-23,basic,active,2024-08-26
CUST_004731,mia.eriksen@get.no,41827984,2025-01-22,premium,churned,2025-06-02
CUST_004732,ryan78thompson@protonmail.com,40 85 82 45,2023-08-09,basic,active,2025-06-25
CUST_004733,zoey_olsen@online.no,+4799985751,2024-11-10,premium,paused,2025-06-09
CUST_004734,greta26lund@mail.com,982-82-410,2023-11-07,basic,active,2024-12-10
CUST_004735,maritolsen@outlook.com,439-18-075,2023-11-03,standard,active,2025-03-27
CUST_004736,lars_berg@telia.no,43074232/,2024-02-22,basic,active,2025-06-27
CUST_004737,kristian.thompson@fastmail.com,940-63-721,2023-04-08,basic,active,2024-07-04
CUST_004738,gretajackson@outlook.com,48224963/,2024-03-11,standard,active,2024-12-09
CUST_004739,thomas11rodriguez@telenor.no,94 13 30 81,2024-06-10,basic,active,2025-06-16
CUST_004740,avapedersen@gmail.com,41443424/91561354,2023-07-12,standard,active,2025-06-24
CUST_004741,penelope44williams@online.no,91 91 12 94,2023-12-14,premium,churned,2025-06-26
CUST_004742,masonkarlsen@online.no,+4838174549,2024-03-01,premium,active,2024-11-17
CUST_004743,jaxon61lund@online.no,+3372656837,2024-10-11,basic,active,2025-03-23
CUST_004744,miajakobsen@me.com,45178273/,2024-09-07,standard,active,2025-06-10
CUST_004745,caleb_johnsen@outlook.com,43722428,2024-11-02,basic,active,2025-05-09
CUST_004746,tor.larsen@fastmail.com,43025300,2023-08-05,standard,active,2025-06-08
CUST_004747,eleanorjones@telia.no,004790513748,2024-02-29,basic,active,2025-03-31
CUST_004748,lincoln46hansen@gmail.com,4645294493,2025-02-02,standard,paused,2025-04-20
CUST_004749,brooklyn_moore@yahoo.com,2018,2024-05-15,basic,paused,2025-03-20
CUST_004750,stellajohnsen@live.no,90 98 07 87,2024-11-15,basic,active,2025-05-07
CUST_004751,claire.dahl@online.no,004742274930,2023-11-17,basic,paused,2025-04-04
CUST_004752,aidenwilliams@telia.no,46 31 57 37,2023-01-22,basic,churned,2024-10-11
CUST_004753,christopher84iversen@yahoo.com,43360635,2024-02-03,premium,churned,2024-09-18
CUST_004754,hazel_wilson@mail.com,+4747508105,2024-08-21,basic,active,2024-11-18
CUST_004755,harper_miller@live.no,41986447,2024-12-27,basic,active,2025-06-23
CUST_004756,alexander13johnsen@telenor.no,8184,2024-03-16,standard,active,2024-09-04
CUST_004757,jaxon.andersen@outlook.com,+4816956285,2024-02-13,premium,active,2024-07-30
CUST_004758,mia_lund@broadpark.no,58082,2023-02-19,basic,active,2024-09-08
CUST_004759,astrid_martinez@me.com,98936574,2023-12-19,standard,churned,2024-10-11
CUST_004760,mateo_smith@get.no,94 43 38 72,2022-12-29,basic,active,2025-06-19
CUST_004761,nora.karlsen@telenor.no,98621137,2024-06-13,standard,active,2024-11-19
CUST_004762,ava78sorensen@online.no,+469549001038,2023-04-11,basic,active,2025-06-19
CUST_004763,sigridjensen@fastmail.com,430-29-739,2023-08-12,standard,churned,2025-01-14
CUST_004764,savannah_lee@icloud.com,+4741328390,2024-05-18,premium,churned,2025-06-26
CUST_004765,lucasthompson@protonmail.com,493-51-303,2024-01-12,basic,churned,2025-06-26
CUST_004766,sven_andersen@hotmail.com,+448243256,2024-06-27,premium,churned,2025-04-22
CUST_004767,nathanmoen@get.no,54531,2023-12-22,standard,active,2025-05-29
CUST_004768,jaxon48davis@online.no,004742733299,2024-01-20,standard,active,2025-01-13
CUST_004769,zoey83pettersen@gmail.com,42170437,2024-02-05,premium,active,2025-06-23
CUST_004770,eleanor99eriksen@hotmail.com,91749097,2024-02-21,standard,active,2025-06-24
CUST_004771,torkristiansen@telia.no,47437517,2023-07-30,standard,churned,2024-10-28
CUST_004772,harper.halvorsen@outlook.com,988-78-711,2024-02-07,standard,active,2024-09-08
CUST_004773,luke11berg@fastmail.com,99706699,2024-01-21,standard,active,2025-06-26
CUST_004774,eleanor_larsen@hotmail.com,447-53-666,2024-02-14,basic,active,2025-03-11
CUST_004775,charlottemoore@icloud.com,004791175595,2024-03-15,standard,paused,2025-03-07
CUST_004776,lincoln45karlsen@outlook.com,96462956,2024-05-01,basic,active,2025-03-22
CUST_004777,ryan29anderson@icloud.com,8876,2024-02-27,premium,active,2025-01-15
CUST_004778,ingrid75nilsen@live.no,97628948,2025-03-10,premium,active,2025-05-27
CUST_004779,per68taylor@outlook.com,94778809,2023-03-15,premium,active,2024-09-27
CUST_004780,thomas_nilsen@online.no,42319390,2024-10-18,basic,active,2025-03-23
CUST_004781,ava98andersen@mail.com,94400903,2024-04-14,basic,active,2024-11-22
CUST_004782,hannah_karlsen@mail.com,96960580,2024-02-14,basic,active,2025-06-25
CUST_004783,jaxonmiller@telenor.no,495-55-642,2024-10-31,basic,paused,2025-04-24
CUST_004784,amelia48iversen@me.com,4641190804,2022-12-07,premium,paused,2025-03-07
CUST_004785,hannah.davis@me.com,45 84 88 82,2023-04-21,standard,paused,2025-06-23
CUST_004786,henry_white@get.no,+47 458 11 416,2024-03-16,standard,active,2024-10-05
CUST_004787,hazel_eriksen@mail.com,91552974,2023-12-31,standard,active,2024-09-03
CUST_004788,jaxon.kristiansen@telia.no,43682878,2023-10-08,basic,churned,2024-08-10
CUST_004789,noahjohnson@telia.no,+47 405 29 177,2024-06-20,basic,churned,2025-04-13
CUST_004790,evelyn92johnson@online.no,93112409/,2023-12-08,standard,paused,2025-03-14
CUST_004791,gabrielthomas@gmail.com,+4796899570,2024-07-28,basic,churned,2025-05-21
CUST_004792,leah.johannessen@yahoo.com,921-96-346,2023-11-18,basic,paused,2025-06-30
CUST_004793,freyathomas@broadpark.no,+46057926824,2024-03-19,standard,active,2025-06-25
CUST_004794,sophiajakobsen@get.no,45195730,2025-06-07,standard,active,2025-06-18
CUST_004795,ryan_brown@hotmail.com,+3349569240,2024-12-07,standard,paused,2025-05-19
CUST_004796,astrid34garcia@live.no,98085228/44874323,2024-05-17,basic,churned,2025-01-08
CUST_004797,lillianrodriguez@telenor.no,44068400,2023-09-13,basic,active,2024-08-03
CUST_004798,eleanor.overland@get.no,41116282,2023-05-20,basic,paused,2025-05-18
CUST_004799,isaac.lee@live.no,43970970/,2023-01-03,premium,active,2025-06-11
CUST_004800,liam_henriksen@live.no,95254707,2024-03-03,basic,active,2025-03-29
CUST_004801,violet.jensen@telia.no,42086550,2024-01-31,basic,churned,2025-04-14
CUST_004802,hannahberg@gmail.com,+47 463 44 151,2023-06-20,standard,active,2025-05-29
CUST_004803,ava.eriksen@live.no,98270917,2024-05-09,basic,paused,2025-03-17
CUST_004804,nora89hansen@yahoo.com,+4796887955,2024-10-20,premium,active,2025-07-01
CUST_004805,anthony.jensen@me.com,970-83-238,2024-04-20,basic,active,2025-06-23
CUST_004806,penelope.taylor@icloud.com,90476400,2024-08-18,premium,churned,2025-06-25
CUST_004807,stella19johansen@hotmail.com,44433749,2023-02-18,standard,active,2024-08-26
CUST_004808,danielsmith@mail.com,+47 472 46 259,2024-01-17,standard,churned,2024-08-27
CUST_004809,lincolnmoen@yahoo.com,+18352339,2024-12-29,premium,churned,2025-01-09
CUST_004810,erik91taylor@online.no,3131,2022-10-13,standard,active,2025-06-29
CUST_004811,zoeylarsen@live.no,4693351749,2024-06-06,basic,active,2025-02-11
CUST_004812,joshuajohnson@outlook.com,+47 443 95 161,2023-12-13,standard,active,2025-01-24
CUST_004813,emmajorgensen@hotmail.com,+47 923 13 336,2024-12-11,basic,active,2025-03-09
CUST_004814,hannah50jones@get.no,45395730,2022-12-16,basic,active,2025-06-25
CUST_004815,liam99dahl@mail.com,47095014,2024-11-04,standard,active,2025-05-23
CUST_004816,zoeyhalvorsen@icloud.com,+47 413 63 249,2024-09-02,standard,churned,2024-11-14
CUST_004817,svenhenriksen@online.no,96991498/,2024-11-11,basic,active,2024-12-13
CUST_004818,anthony_nilsen@online.no,91471185,2024-05-30,premium,active,2024-08-11
CUST_004819,sophia90moen@telia.no,+3704668351612,2023-10-12,basic,active,2024-07-04
CUST_004820,amelia18andersen@telenor.no,+4749309065,2022-12-01,premium,active,2025-05-13
CUST_004821,aidenhansen@gmail.com,448-18-695,2024-07-09,premium,churned,2025-02-17
CUST_004822,joshua.taylor@mail.com,004748899212,2023-06-23,basic,paused,2025-04-12
CUST_004823,liam23garcia@get.no,+4793656756,2024-01-27,standard,paused,2025-05-30
CUST_004824,henry_olsen@telenor.no,95044656,2024-04-24,basic,paused,2025-05-09
CUST_004825,evelynthomas@telenor.no,99165849/44416860,2024-06-23,standard,active,2025-05-07
CUST_004826,freyaandreassen@telenor.no,40838924,2024-08-06,premium,churned,2025-03-03
CUST_004827,liamrodriguez@mail.com,4692218432,2024-09-12,basic,churned,2025-04-28
CUST_004828,jaxonjacobs en@mail.com,+443597280466,2024-04-28,standard,active,2025-06-09
CUST_004829,andrew40nilsen@live.no,004747018972,2023-07-27,premium,churned,2024-10-15
CUST_004830,brooklyn.overland@telenor.no,965-52-488,2022-09-21,basic,active,2025-05-30
CUST_004831,leah55garcia@mail.com,+4744000953,2024-06-07,premium,active,2024-11-12
CUST_004832,adrian24pettersen@telenor.no,96128844/44253360,2023-03-27,standard,active,2025-06-20
CUST_004833,einarwilliams@online.no,+47 935 94 463,2022-11-24,basic,churned,2024-12-06
CUST_004834,aubrey99smith@icloud.com,46652735,2023-10-23,premium,active,2025-03-18
CUST_004835,michael.brown@telenor.no,15630,2023-12-25,standard,paused,2025-05-16
CUST_004836,kristian58jensen@protonmail.com,+47 968 00 027,2024-09-14,premium,active,2025-05-19
CUST_004837,jacobthompson@live.no,45585799,2024-11-05,standard,active,2025-06-01
CUST_004838,kari.larsenyahoo.com,46436977/,2023-09-30,basic,active,2024-07-18
CUST_004839,jaxon_jacobsen@mail.com,+339219167710,2024-03-09,standard,churned,2024-11-12
CUST_004840,christopher.rodriguez@hotmail.com,49278178,2024-01-31,standard,paused,2025-06-09
CUST_004841,aurora.thompson@broadpark.no,+486716137,2023-02-13,basic,active,2025-06-30
CUST_004842,oliviajackson@online.no,47 84 51 27,2023-10-08,basic,active,2025-01-08
CUST_004843,solveig_moore@hotmail.com,004797894156,2024-04-09,standard,paused,2025-03-31
CUST_004844,tor65brown@gmail.com,97625996/92334617,2024-03-17,basic,churned,2025-03-05
CUST_004845,freya_anderson@yahoo.com,+47 941 18 947,2024-08-05,basic,active,2025-05-15
CUST_004846,lincoln33jakobsen@broadpark.no,93824698/91685513,2024-12-25,standard,churned,2025-01-03
CUST_004847,addison.jensen@me.com,44 36 12 91,2023-10-26,premium,active,2024-11-09
CUST_004848,magnus.moore@icloud.com,+3707911598,2024-04-26,basic,churned,2024-11-05
CUST_004849,zoey92larsen@mail.com,+47 916 71 239,2024-03-09,premium,active,2025-05-03
CUST_004850,magnus64wilson@telenor.no,98997243/92436752,2024-09-17,premium,active,2024-11-02
CUST_004851,jaxon85nilsen@gmail.com,+4745613085,2024-11-03,standard,active,2025-01-15
CUST_004852,aiden6lund@hotmail.com,+47 418 71 634,2024-07-11,premium,churned,2024-07-14
CUST_004853,samuel73williams@hotmail.com,004743531234,2024-05-20,premium,active,2024-08-24
CUST_004854,riley.iversen@me.com,97101038,2024-08-23,basic,active,2025-06-30
CUST_004855,aria78davis@online.no,+142823766,2024-09-06,standard,churned,2025-02-16
CUST_004856,riley55olsen@mail.com,+47 423 78 689,2024-08-17,basic,active,2025-05-03
CUST_004857,leahlee@get.no,+3706614987,2023-07-01,basic,active,2025-05-09
CUST_004858,joshua_williams@telia.no,004799094721,2023-04-26,premium,active,2024-11-03
CUST_004859,evelynmoore@protonmail.com,98212402/48140490,2024-01-21,standard,active,2025-06-28
CUST_004860,sebastiannilsen@telia.no,496-34-893,2024-05-15,standard,churned,2024-09-24
CUST_004861,kari45moore@telia.no,47278539,2023-10-06,standard,paused,2025-03-30
CUST_004862,jaxon44johannessen@get.no,+4794149286,2024-07-29,basic,active,2025-07-01
CUST_004863,isabella.thomas@yahoo.com,41079636,2024-05-28,basic,active,2025-06-26
CUST_004864,charlotte_hansen@telenor.no,41252855,2024-10-03,basic,paused,2025-06-15
CUST_004865,olavwilliams@outlook.com,43882855,2023-11-23,premium,churned,2024-08-30
CUST_004866,maverick_martinez@live.no,4642359886,2025-06-01,basic,active,2025-06-27
CUST_004867,bjorn_jakobsen@fastmail.com,44 15 07 65,2024-10-20,premium,paused,2025-03-14
CUST_004868,jack41lee@hotmail.com,49165092,2024-01-19,premium,active,2024-07-08
CUST_004869,aubrey18nilsen@protonmail.com,42740129,2023-03-02,standard,churned,2024-09-01
CUST_004870,lilyjensen@icloud.com,004796719224,2024-04-22,premium,active,2025-06-10
CUST_004871,per_thomas@hotmail.com,47 61 29 27,2025-06-08,premium,active,2025-06-27
CUST_004872,natalie.nilsen@yahoo.com,43792814,2023-11-13,standard,active,2025-06-07
CUST_004873,gunnarmartinez@broadpark.no,4694744124,2025-04-08,basic,churned,2025-04-25
CUST_004874,hildewilliams@hotmail.com,4641582702,2024-08-14,premium,paused,2025-03-05
CUST_004875,ellie_johnsen@broadpark.no,+4794633211,2025-01-06,premium,active,2025-01-15
CUST_004876,mason_johnson@mail.com,93190107/,2023-12-26,basic,active,2024-08-26
CUST_004877,isaac.lund@live.no,40167430,2024-10-24,basic,paused,2025-06-15
CUST_004878,noah_gundersen@live.no,4697395894,2024-03-16,basic,churned,2024-11-01
CUST_004879,liv_moen@icloud.com,930-59-683,2023-08-29,basic,churned,2025-06-03
CUST_004880,mia_smith@online.no,993-35-468,2024-12-24,premium,paused,2025-05-19
CUST_004881,erikhenriksen@online.no,98066866/49685075,2024-05-30,standard,active,2024-11-19
CUST_004882,rileyeriksen@broadpark.no,41795804,2024-01-14,standard,active,2024-12-20
CUST_004883,jack_jorgensen@live.no,+4742555781,2024-04-05,basic,active,2025-06-08
CUST_004884,bjornmartinez@protonmail.com,+441904244624,2023-09-25,basic,active,2024-10-25
CUST_004885,kristianoverland@icloud.com,1181,2024-07-20,standard,active,2024-12-07
CUST_004886,einar75iversen@telenor.no,+4794060882,2024-07-13,premium,churned,2025-01-25
CUST_004887,erik79karlsen@yahoo.com,40991792/49398908,2024-06-20,premium,active,2025-06-07
CUST_004888,maverick60johnson@telia.no,95037181,2023-08-30,premium,churned,2025-05-23
CUST_004889,livsmith@live.no,4645349757,2024-08-16,standard,active,2025-06-30
CUST_004890,karitaylor@protonmail.com,95 45 62 32,2023-07-05,standard,churned,2025-04-04
CUST_004891,freya67hansen@outlook.com,004745716170,2023-02-10,premium,churned,2024-07-21
CUST_004892,jacoblarsen@mail.com,94 69 72 61,2024-08-09,basic,active,2025-05-09
CUST_004893,noranilsen@get.no,+47 430 89 612,2022-09-26,standard,churned,2025-05-13
CUST_004894,aubrey12white@protonmail.com,4647234238,2024-10-29,standard,churned,2025-05-10
CUST_004895,luke56garcia@icloud.com,4647682874,2023-04-21,premium,active,2025-01-06
CUST_004896,helene_andreassen@hotmail.com,4699181580,2023-05-12,premium,active,2025-03-01
CUST_004897,leah_wilson@live.no,+47 487 24 886,2024-09-26,premium,churned,2025-06-17
CUST_004898,zoe_miller@fastmail.com,+47 936 14 326,2023-01-03,premium,churned,2025-05-02
CUST_004899,leah_williams@broadpark.no,004749194122,2024-01-31,premium,active,2024-12-28
CUST_004900,owen_johannessen@telia.no,1744,2024-01-04,standard,churned,2024-09-12
CUST_004901,maverick_berg@mail.com,4641219618,2024-04-15,premium,active,2025-06-30
CUST_004902,liam24jensen@telenor.no,42909446,2023-09-24,standard,active,2024-10-01
CUST_004903,noah35thompson@fastmail.com,42471411,2024-05-24,basic,churned,2024-08-27
CUST_004904,arne6dahl@protonmail.com,+47 914 61 177,2024-06-04,premium,churned,2025-06-05
CUST_004905,lars_pedersen@outlook.com,4693952736,2024-04-06,basic,active,2025-06-20
CUST_004906,lilywhite@protonmail.com,+47 942 43 837,2023-08-13,basic,churned,2025-06-30
CUST_004907,savannah_kristiansen@fastmail.com,991-06-183,2024-07-01,standard,active,2024-08-07
CUST_004908,ragna.johannessen@icloud.com,99235955,2024-11-22,standard,active,2025-02-01
CUST_004909,nora48anderson@get.no,47892921,2024-07-14,standard,active,2025-05-15
CUST_004910,lars_thomas@broadpark.no,4692803108,2024-07-25,standard,active,2024-10-05
CUST_004911,kristian_pettersen@live.no,98885882/48896672,2023-04-30,basic,churned,2024-10-18
CUST_004912,noah.thomas@fastmail.com,004793580805,2023-12-22,premium,active,2024-11-11
CUST_004913,zoey_anderson@telenor.no,41862438/,2025-03-26,premium,active,2025-06-20
CUST_004914,audrey_larsen@get.no,4695030666,2023-12-12,premium,active,2024-10-08
CUST_004915,charlotte_garcia@fastmail.com,+4744900666,2024-08-22,premium,paused,2025-06-14
CUST_004916,harper15halvorsen@broadpark.no,42377994,2024-06-19,basic,active,2025-01-07
CUST_004917,liv_davis@protonmail.com,99867942,2024-11-03,standard,paused,2025-04-28
CUST_004918,aubrey22miller@fastmail.com,+47 913 09 373,2024-10-25,standard,churned,2025-01-07
CUST_004919,sigrid.pedersen@get.no,35506,2023-12-12,standard,active,2025-03-27
CUST_004920,elijah_smith@telenor.no,23566,2024-10-16,standard,active,2025-06-06
CUST_004921,hilde95andersen@me.com,94565520/43320573,2022-11-22,basic,paused,2025-03-18
CUST_004922,kristian.andreassen@gmail.com,+47 427 77 191,2025-01-27,standard,active,2025-02-19
CUST_004923,evelyn_lee@telia.no,47265755,2024-10-09,basic,churned,2025-01-01
CUST_004924,savannah_gundersen@online.no,+370111608862,2023-09-03,basic,active,2025-02-13
CUST_004925,ryan_white@yahoo.com,+47 483 25 244,2024-03-01,standard,active,2025-06-24
CUST_004926,chloe.gundersen@broadpark.no,96 71 92 01,2024-10-03,standard,active,2025-04-18
CUST_004927,hazelandersen@fastmail.com,004793961890,2024-04-01,standard,active,2025-06-26
CUST_004928,michael_hagen@icloud.com,+4920585374,2023-08-15,standard,active,2025-06-27
CUST_004929,lincoln81pettersen@me.com,923-36-939,2025-05-17,premium,active,2025-06-07
CUST_004930,chloe.johansen@gmail.com,42573782/,2024-11-22,standard,active,2024-12-06
CUST_004931,jack5williams@fastmail.com,925-67-055,2023-01-15,basic,active,2025-04-01
CUST_004932,ellie_jakobsen@@protonmail.com,+47 453 45 574,2025-05-05,basic,churned,2025-05-14
CUST_004933,mia_olsen@telia.no,+47 487 98 041,2023-12-03,standard,active,2025-03-09
CUST_004934,violet47eriksen@broadpark.no,4698800125,2023-10-11,premium,active,2025-01-10
CUST_004935,jackpettersen@fastmail.com,4693604024,2023-01-15,premium,active,2024-12-12
CUST_004936,olavdahl@telenor.no,41533896,2025-04-21,premium,active,2025-05-15
CUST_004937,harperpettersen@online.no,+4799587567,2023-05-24,premium,churned,2025-06-04
CUST_004938,anthonyberg@yahoo.com,4643246778,2023-04-01,basic,churned,2024-12-08
CUST_004939,ragnajensen@yahoo.com,+47 414 18 734,2023-09-23,premium,churned,2024-08-07
CUST_004940,theodoredahl@yahoo.com,99843620/,2025-01-13,basic,paused,2025-03-08
CUST_004941,amelia_andersen@fastmail.com,+4748183726,2025-01-23,premium,active,2025-03-12
CUST_004942,sebastian.kristiansen@online.no,46739636,2024-02-02,standard,churned,2025-05-06
CUST_004943,claire.iversen@get.no,94538832,2024-10-25,basic,churned,2024-10-26
CUST_004944,emma_karlsen@broadpark.no,94303590,2025-01-02,basic,churned,2025-06-29
CUST_004945,ariakristiansen@telia.no,45381204,2024-07-27,premium,churned,2024-10-03
CUST_004946,jonas32henriksen@@telenor.no,95 52 18 08,2023-10-23,standard,churned,2025-05-29
CUST_004947,brooklyn39gundersen@hotmail.com,42950608,2023-11-01,basic,churned,2024-10-25
CUST_004948,dylan90pettersen@fastmail.com,498-80-242,2023-03-18,basic,active,2025-04-22
CUST_004949,hilde_brown@mail.com,004745048148,2024-06-21,premium,paused,2025-05-12
CUST_004950,theodoreeriksen@outlook.com,44934737/,2024-11-11,premium,active,2024-11-13
CUST_004951,oliviagundersen@hotmail.com,91 90 80 63,2023-12-26,basic,paused,2025-05-19
CUST_004952,claire78smith@mail.com,+47 462 57 622,2024-02-10,standard,churned,2025-05-27
CUST_004953,theodore_rodriguez@mail.com,004795372420,2023-01-29,premium,active,2024-07-25
CUST_004954,marit_thomas@telenor.no,47077188/45858227,2024-01-27,basic,active,2024-11-27
CUST_004955,addison12lund@telenor.no,93 49 67 09,2023-07-06,standard,active,2025-05-08
CUST_004956,kristian_nilsen@telia.no,5206,2024-09-24,standard,active,2025-04-01
CUST_004957,nathan.andreassen@gmail.com,47720744,2024-04-05,premium,paused,2025-06-14
CUST_004958,aurora_gundersen@telia.no,41722837/,2024-07-04,standard,churned,2025-01-24
CUST_004959,jonas66anderson@telia.no,98595938,2024-02-12,standard,churned,2025-05-14
CUST_004960,alexander56rodriguez@mail.com,4646877541,2024-12-25,basic,paused,2025-03-22
CUST_004961,adrian76jakobsen@yahoo.com,+491027630901,2023-09-11,premium,paused,2025-05-17
CUST_004962,savannahhaugen@get.no,43 19 13 43,2023-10-11,standard,churned,2025-04-30
CUST_004963,stella_sorensen@protonmail.com,96645070,2024-03-28,basic,churned,2024-10-28
CUST_004964,lily.martin@yahoo.com,49016744,2024-09-13,premium,active,2025-05-28
CUST_004965,sebastian_brown@protonmail.com,004746858893,2023-11-10,standard,paused,2025-06-20
CUST_004966,toreriksen@protonmail.com,447-02-177,2025-01-26,standard,active,2025-05-05
CUST_004967,leah75martin@fastmail.com,8969,2024-06-13,premium,active,2025-04-24
CUST_004968,aurora.jackson@icloud.com,004795925346,2025-04-26,standard,paused,2025-05-24
CUST_004969,charlottenilsen@fastmail.com,46137753,2024-07-20,basic,active,2025-06-29
CUST_004970,andrewhagen@get.no,94331145/49207708,2023-08-09,premium,active,2025-05-02
CUST_004971,joshua13hagen@protonmail.com,91454830,2023-10-01,standard,active,2025-06-20
CUST_004972,leah.jorgensen@get.no,42184076,2024-05-21,basic,paused,2025-03-06
CUST_004973,sigrid.olsen@icloud.com,+47 443 36 160,2023-10-04,premium,active,2025-06-29
CUST_004974,ellie31garcia@mail.com,4698240638,2023-12-27,basic,paused,2025-05-07
CUST_004975,leahandersen@outlook.com,93876798/,2023-01-05,premium,active,2024-10-17
CUST_004976,eleanor_berg@hotmail.com,97 56 08 00,2024-04-22,basic,paused,2025-05-02
CUST_004977,natalie.johnsen@yahoo.com,004749810250,2024-03-29,standard,active,2025-05-20
CUST_004978,jack_jackson@me.com,42 06 72 38,2023-08-24,standard,churned,2025-05-09
CUST_004979,astrid63sorensen@me.com,+47 449 83 864,2022-11-16,standard,churned,2024-07-17
CUST_004980,tor_anderson@online.no,42946576/42491246,2024-02-11,basic,active,2025-02-15
CUST_004981,solveig.sorensen@me.com,940-17-489,2025-01-27,premium,paused,2025-06-26
CUST_004982,amelia_jackson@hotmail.com,98332067/44670312,2024-03-18,premium,churned,2024-11-26
CUST_004983,harald36karlsen@outlook.com,4692528438,2024-05-08,basic,active,2025-06-13
CUST_004984,maverick.larsen@telia.no,+47 978 04 799,2024-08-05,basic,paused,2025-05-14
CUST_004985,lily67jensen@broadpark.no,90532686/,2024-05-15,premium,active,2025-06-25
CUST_004986,brooklyn.moore@live.no,44762221/97119526,2023-08-18,standard,active,2025-06-16
CUST_004987,natalie_iversen@mail.com,94475568/,2023-11-26,standard,active,2025-05-19
CUST_004988,bjornjohnson@mail.com,+49845648035,2024-05-22,premium,active,2025-06-30
CUST_004989,aubreymoen@icloud.com,93422253/91817314,2023-04-06,basic,churned,2025-03-16
CUST_004990,per.pettersen@gmail.com,46912489/91373887,2023-11-11,basic,churned,2025-04-04
CUST_004991,,90491138,2025-02-10,standard,active,2025-06-28
CUST_004992,aurora_miller@online.no,004747422654,2024-02-15,standard,active,2025-06-30
CUST_004993,emma.jensen@outlook.com,6632,2023-03-07,standard,churned,2025-05-29
CUST_004994,theodore_smith@protonmail.com,99 78 79 96,2024-08-22,basic,churned,2024-08-27
CUST_004995,hannahpettersen@telenor.no,+3717753621027,2024-09-01,standard,churned,2025-03-03
CUST_004996,hazel_moore@telenor.no,004795670770,2024-09-30,basic,active,2024-10-28
CUST_004997,anne.halvorsen@mail.com,98234799,2024-09-03,standard,active,2025-02-06
CUST_004998,liv_iversen@protonmail.com,90678367,2023-06-14,standard,active,2024-08-09
CUST_004999,leah95brown@fastmail.com,48630825/,2023-08-26,basic,churned,2025-03-15
CUST_005000,olivia.lund@icloud.com,904-04-922,2023-05-24,basic,active,2024-09-13
